# 3ds Max Wavefront OBJ Exporter v0.97b - (c)2007 guruware
# File Created: 23.10.2019 16:58:08

mtllib SF_Fighter-ZR4.mtl

#
# object SF_Fighter_ZR4
#

v  66.107536 32.111855 -111.287560
v  56.000195 -22.068521 70.539803
v  44.191208 20.889235 87.739647
v  44.191204 34.866096 -3.295624
v  20.789892 37.156570 -51.869122
v  46.755085 -19.920206 -124.699043
v  65.946915 -19.970602 -116.004005
v  45.629227 33.667419 -124.004768
v  103.221024 9.544896 30.064404
v  103.220566 -5.194036 107.655220
v  103.220108 -15.831622 141.383270
v  55.769764 -16.470125 194.670044
v  55.904526 4.709844 139.334534
v  55.769775 -21.734705 194.286743
v  55.677143 35.535034 -122.640648
v  55.756886 -20.833345 -122.383034
v  103.220345 -9.170636 121.948997
v  62.626453 3.796148 136.479767
v  62.087418 -21.690916 189.955811
v  63.162399 27.715124 36.168087
v  56.035858 34.147087 -3.223724
v  103.221016 11.639952 3.620441
v  103.220909 4.677555 66.335899
v  62.087399 -16.450186 190.320831
v  55.772129 -21.402468 -118.052071
v  55.720749 36.579071 -118.829613
v  55.852356 -3.277959 161.709137
v  56.000156 20.356026 87.154671
v  55.765415 -18.300173 196.404816
v  44.236183 -16.476770 196.433563
v  39.015881 5.014407 140.445526
v  44.191227 -21.749296 196.044189
v  68.410767 31.692114 -37.019474
v  55.995159 36.794655 -39.185604
v  55.645599 33.223061 -123.927071
v  55.748779 -19.925241 -123.829536
v  45.364731 35.439850 -123.458611
v  65.914803 31.196016 -114.893181
v  103.220108 -17.000742 142.552338
v  55.765438 -21.060724 196.404816
v  86.243530 -6.822229 140.436340
v  62.417786 -3.837582 158.261932
v  50.391838 34.866104 -3.256569
v  89.199661 10.225060 77.113617
v  62.070011 -17.595881 192.008148
v  84.504662 -20.592756 169.372986
v  50.358700 37.285385 -119.667580
v  50.391846 -3.091418 162.953918
v  50.391850 20.889233 87.711601
v  63.009003 18.756397 85.549171
v  50.391853 -19.920202 -124.699043
v  50.391853 -18.325308 198.009613
v  62.070015 -18.224764 192.008148
v  44.191208 30.366934 37.051571
v  44.191204 33.057968 15.129890
v  44.478458 -17.680204 198.189178
v  43.528439 -14.072497 191.166840
v  40.797646 -3.091419 163.077362
v  44.478466 -21.489225 198.189209
v  62.988983 34.551506 -38.390659
v  0.000000 37.888702 -51.200275
v  44.961918 37.285385 -119.667549
v  84.504654 -17.822588 169.372986
v  61.870319 31.242357 -121.346855
v  50.391865 -21.085352 198.009613
v  62.070023 -20.986834 192.008179
v  0.000000 30.366930 37.051125
v  103.221031 10.852511 14.504320
v  89.966606 17.107866 32.619907
v  103.220978 7.217069 52.371017
v  103.220108 -20.439337 142.422302
v  82.268860 -21.481482 169.959869
v  87.286873 -1.076891 121.661324
v  103.220741 -1.188097 92.533905
v  103.220108 -14.586093 138.266296
v  84.591599 -16.343855 167.926147
v  103.220108 -16.523214 142.422272
v  56.038517 29.703981 36.832241
v  56.040524 32.360779 15.056904
v  55.765419 -17.659124 196.404816
v  55.782803 -14.099427 189.465668
v  50.391846 -16.476770 196.256805
v  55.956692 12.953407 113.845573
v  50.391846 5.014410 140.355713
v  55.782829 -21.893305 187.932465
v  55.765434 -21.469160 196.404816
v  50.391865 -21.749296 195.867432
v  61.932983 33.458824 -120.067680
v  50.340393 36.227112 -123.481987
v  50.391853 -20.832090 -123.244881
v  62.035885 -20.837118 -119.800591
v  0.000000 33.057968 15.120514
v  88.399162 19.782341 13.162310
v  89.721321 14.225458 54.302162
v  62.139584 -21.865934 183.798706
v  84.504662 -21.087847 169.372986
v  55.948608 -22.065660 102.273491
v  88.330208 4.864907 100.060219
v  84.852417 -14.611106 163.585632
v  84.504654 -17.258577 169.372986
v  50.391842 30.366934 37.052677
v  63.170261 30.206110 15.282455
v  50.391838 33.057968 15.145512
v  50.391850 -17.680204 198.009613
v  62.139561 -14.180217 185.258942
v  50.391846 -14.072495 190.998474
v  0.000000 -22.063986 111.136879
v  62.835117 11.676278 111.628792
v  50.391850 13.379119 114.628014
v  62.070026 -21.408953 192.008179
v  50.391865 -21.489225 198.009613
v  72.835884 -22.068518 -10.794762
v  0.000000 37.542381 -39.825527
v  62.030571 34.460121 -116.315620
v  50.325279 33.883301 -124.761971
v  62.096867 -21.402456 -115.573586
v  62.003456 -19.940367 -121.221046
v  44.478458 -18.325308 198.189178
v  39.793625 -3.279756 142.128571
v  0.000000 -22.060225 120.961266
v  22.115019 -21.529348 -46.361492
v  45.390106 -20.832090 -123.247246
v  0.000000 -21.522039 -43.407207
v  44.191216 -21.402472 -118.891762
v  72.827019 -22.068521 46.343246
v  37.341572 30.366938 37.051506
v  37.341572 22.475368 80.249001
v  37.341568 33.057968 15.128439
v  29.073963 5.014408 140.454865
v  50.391846 37.542381 -39.575565
v  28.510048 -3.279756 142.137939
v  39.015900 -22.060221 120.900826
v  0.000000 -12.106576 132.211975
v  22.743778 33.057968 15.124237
v  17.550533 30.366930 37.051304
v  0.000000 34.866096 -3.319069
v  0.000000 25.147146 110.104439
v  0.000000 5.508837 160.198700
v  0.000000 -8.312930 166.773712
v  17.701220 -11.477420 162.371552
v  18.009321 -8.017188 164.876282
v  33.818420 31.352411 80.115807
v  33.489979 36.095291 44.759979
v  33.980888 35.750389 17.250650
v  24.371819 36.419228 17.484890
v  17.550629 36.928276 46.678516
v  14.954770 -11.307199 164.317841
v  15.069309 -8.316606 166.726898
v  17.646261 5.505404 160.105438
v  30.975603 36.939743 46.600197
v  30.975203 36.419594 17.488461
v  0.000000 7.824465 157.058868
v  21.168304 7.592963 155.188293
v  20.604319 5.376461 158.265747
v  66.028000 -20.844660 -114.636482
v  103.220108 -19.924757 142.552338
v  103.220116 -20.797735 137.527832
v  71.280045 -22.068472 -41.082546
v  65.800476 29.170572 -116.142387
v  103.220108 -20.845438 141.198669
v  31.833761 36.904182 85.165993
v  0.000000 29.505636 108.267250
v  31.050222 29.646147 108.233650
v  36.086498 27.770990 107.414711
v  36.026863 34.055717 85.052406
v  66.180450 -21.402433 -110.619759
v  43.457619 -21.880098 190.547668
v  44.478466 -21.085352 198.189178
v  0.000000 -32.607513 46.499660
v  72.835762 -32.607506 -1.812157
v  72.827019 -32.607506 46.343246
v  56.000198 -26.703791 70.540199
v  47.706757 -26.700045 103.920998
v  68.080063 -22.068518 -15.556316
v  68.080063 -32.607506 -6.573711
v  47.706917 -22.064779 110.595665
v  55.951168 -26.701075 95.598793
v  97.788467 -22.006620 56.599411
v  97.711830 -22.004591 60.407997
v  97.665916 -21.987337 -5.286800
v  99.928185 13.612743 14.794649
v  99.793335 14.909424 -0.530735
v  100.039597 12.077836 30.979595
v  100.117340 6.735715 67.903748
v  100.146004 9.552769 52.371571
v  97.634239 -21.998335 104.362328
v  97.552399 -21.350130 149.792847
v  97.958252 -21.327875 152.830139
v  99.530090 -20.786539 152.079834
v  99.960381 1.031491 93.745010
v  99.792366 -4.027514 112.819130
v  99.672096 -8.586341 128.818878
v  99.553551 -14.785525 147.388031
v  99.536308 -16.197157 150.906006
v  99.531487 -17.491739 152.187683
v  99.530754 -16.971083 152.078094
v  99.578575 14.955889 -4.284687
v  98.087769 -20.354689 154.524750
v  99.577599 -21.874380 -7.627754
v  100.222946 -21.768393 57.581757
v  100.283676 -21.756002 59.739647
v  99.834442 -21.824202 -3.849285
v  97.783920 14.997120 14.846802
v  97.793655 16.280279 -1.540543
v  97.776482 13.465242 31.413807
v  97.780334 7.934918 68.871216
v  97.761284 10.921177 52.635231
v  100.171036 -21.772299 103.652580
v  99.075935 -21.254381 147.435089
v  99.473854 -21.221239 150.465118
v  98.091270 -20.893808 154.418976
v  97.819633 1.840033 95.511848
v  97.882866 -3.505413 114.717522
v  97.951210 -8.340755 130.935303
v  98.067589 -14.800105 149.699036
v  98.085464 -16.253542 153.239960
v  98.087776 -17.575418 154.524750
v  98.091278 -17.046335 154.418945
v  98.106918 15.895100 -6.424545
v  99.530998 -20.247431 152.188965
v  98.117882 -21.985041 -9.970440
v  44.191216 14.734514 109.821297
v  0.000000 30.747786 106.870903
v  31.812700 30.584101 106.975883
v  35.240410 27.007040 108.756340
v  32.148010 14.007044 111.975777
v  0.000000 13.906273 140.573669
v  19.961708 13.877965 140.558716
v  22.940800 25.152838 110.055580
v  25.669027 23.611761 110.346535
v  18.165413 7.777761 157.062256
v  16.235634 13.886290 140.563110
v  16.839369 13.589640 136.184113
v  9.999004 19.736040 115.316109
v  13.554486 23.126659 115.560204
v  10.987344 23.828117 113.666389
v  12.565105 19.164318 117.253242
v  18.260408 14.773726 138.151367
v  14.813277 12.867196 138.651093
v  79.001541 23.688665 13.755058
v  63.151806 31.990030 -3.218918
v  77.368629 22.093275 34.287552
v  76.890060 14.234787 81.078331
v  77.215569 18.814840 57.018272
v  76.347519 8.066252 105.497459
v  75.696480 1.213438 128.626007
v  75.045433 -5.419445 148.814362
v  86.904694 13.573853 32.180206
v  85.269455 14.750528 23.817173
v  77.892868 17.699928 25.903732
v  77.922318 17.180185 33.541977
v  77.884102 14.898952 56.258469
v  77.502815 11.387156 80.313362
v  76.799072 6.308903 104.811577
v  86.857483 4.213208 99.721237
v  86.858009 8.578485 76.697304
v  86.761604 11.602932 53.865761
v  90.003342 18.936090 14.795862
v  77.391655 24.164904 15.589926
v  86.883911 13.977131 25.482555
v  79.495224 17.149757 24.088188
v  103.221024 -21.154863 0.936714
v  103.220566 -21.173498 101.566063
v  103.220901 -1.686287 65.744293
v  103.220894 -21.176691 58.714466
v  103.220726 -6.321844 90.917702
v  102.052742 -0.083520 66.497284
v  102.149460 -4.604034 91.436958
v  37.852615 4.990310 140.382690
v  30.515846 4.937041 140.539917
v  29.955914 -3.306449 142.169586
v  38.347965 -3.331754 142.157532
v  29.073965 -12.106574 132.160919
v  30.190083 -6.958527 138.014496
v  38.006439 -7.050774 137.932800
v  43.209251 14.368723 111.134148
v  38.289997 7.087883 133.870422
v  31.347193 7.087926 133.946228
v  37.390373 3.235388 137.982513
v  37.699341 4.915559 134.565247
v  31.590891 4.919422 134.620789
v  31.205589 3.176068 138.183929
v  30.748629 -1.352604 139.686523
v  37.821415 -1.427629 139.676270
v  25.518995 37.913757 -54.610691
v  45.716415 -20.317022 -124.067268
v  46.721775 33.883301 -124.736137
v  46.151642 36.227112 -123.464806
v  0.000000 37.133469 -51.874699
v  44.174862 36.498184 -119.657143
v  24.772043 37.145012 -54.832012
v  18.132689 -21.520105 -43.399174
v  21.538469 37.922859 -51.590572
v  30.976389 33.209686 80.571594
v  102.210800 -19.544550 38.591511
v  65.658516 -16.449724 -112.994148
v  102.463493 -3.363384 43.333076
v  65.741653 31.538809 -109.231117
v  139.088516 -18.472811 13.232262
v  130.137390 -18.360258 -91.924049
v  139.088516 -15.590943 13.403616
v  139.088516 -2.110219 -91.138771
v  101.977928 -0.238022 3.212074
v  69.031609 -19.369669 -40.337833
v  138.528442 -18.956553 -50.942684
v  139.088516 1.377367 -70.135231
v  67.347343 30.105352 -34.727726
v  139.088516 -12.428931 -27.601109
v  139.088516 0.589447 -65.590279
v  67.157005 30.905600 -39.260883
v  101.137482 0.491450 1.338326
v  139.088516 -12.897805 -25.285954
v  65.658516 27.811876 -112.994164
v  139.088516 1.604356 -87.374962
v  65.734993 -18.355322 -111.113792
v  130.137390 -16.449724 -93.802925
v  102.463493 -18.944735 39.313992
v  139.088516 -19.069960 12.444468
v  102.043694 -2.588465 43.064541
v  139.088516 -16.232431 13.856529
v  132.911911 -21.469496 93.828850
v  132.911865 -12.996623 94.923409
v  157.964905 -21.325262 29.923420
v  150.818741 -5.102847 33.904385
v  139.924622 -19.208792 93.747932
v  174.614136 -17.087923 27.011482
v  127.805305 3.032994 -125.697472
v  135.630386 -13.047618 -120.229195
v  127.869041 -18.458715 -125.637215
v  139.924622 -16.025610 93.747932
v  174.614166 -13.518600 27.011099
v  135.619904 -7.746297 -120.239128
v  179.396805 -18.921465 -7.713989
v  151.689423 -17.591822 -103.436134
v  159.207550 -13.687926 59.838394
v  179.396851 -10.807221 -7.522343
v  159.207565 -20.064016 59.623112
v  179.521133 -18.738913 -21.973915
v  179.521332 -10.345971 -21.871174
v  147.504578 -6.888717 -111.256691
v  147.510269 -17.048792 -111.248375
v  144.368301 -21.491594 66.017532
v  139.060257 -14.995681 93.916191
v  164.018677 -21.089029 -7.252281
v  153.261612 -1.838174 -4.852104
v  144.368256 -9.982957 68.149841
v  172.949203 -12.131017 27.596491
v  139.060287 -20.676981 93.789398
v  172.949203 -19.445292 27.302851
v  181.104507 -16.203978 -7.768528
v  160.700363 -14.785691 58.956612
v  151.688873 -7.334815 -103.466087
v  134.634628 -3.474574 -120.930962
v  134.667374 -16.191751 -120.899986
v  135.312622 1.203500 -119.689003
v  148.862106 -9.462510 -110.317589
v  135.344284 -19.696623 -119.629005
v  181.104538 -12.429917 -7.769646
v  160.700363 -18.139063 58.956657
v  148.863113 -13.874557 -110.316673
v  138.718536 -21.506979 82.122856
v  152.397736 -21.420340 48.435417
v  136.467209 -14.119870 94.420906
v  139.924606 -15.544885 93.747932
v  122.440842 -21.676943 105.385094
v  124.357269 -21.264807 -119.352318
v  124.339119 8.289697 -119.971626
v  122.440819 -12.540109 106.869987
v  162.469894 -21.238390 11.028612
v  164.134155 -21.104334 -21.849178
v  153.383484 -1.017448 -20.353111
v  152.453873 -3.202242 14.692760
v  148.058640 -7.650571 52.369095
v  138.718521 -12.008965 83.607735
v  167.954407 -10.146712 29.353001
v  174.614136 -13.044454 27.011034
v  134.318390 -0.439173 38.721241
v  139.924622 -20.001520 93.747932
v  136.467224 -21.182756 93.913872
v  174.614136 -18.273382 27.011583
v  167.954407 -20.497850 28.176407
v  181.230804 -15.896028 -21.988796
v  179.410263 -16.618860 9.636106
v  121.687897 -5.796924 -130.027313
v  124.032303 -19.701090 114.681007
v  151.447357 -15.422750 75.502480
v  168.561768 -14.141839 43.122177
v  138.742584 -20.490507 -110.975395
v  153.128265 -9.789523 -102.597679
v  131.727737 -0.157423 -122.960228
v  135.610779 -5.916675 -120.247719
v  135.630615 -14.609599 -120.228981
v  131.777390 -17.571386 -122.913307
v  118.645500 -18.609911 -132.114288
v  137.205643 1.017490 -116.335716
v  131.924103 1.986271 -122.774651
v  151.328186 -9.685603 -106.982811
v  144.151993 -8.892118 -114.202782
v  137.223969 -20.159925 -116.198112
v  131.973236 -19.081995 -122.728203
v  181.230881 -12.045491 -21.990330
v  179.410263 -12.943364 9.635340
v  124.032303 -16.566874 114.681007
v  151.447372 -18.681505 75.502480
v  168.561768 -17.601263 43.122326
v  153.128021 -14.215751 -102.598305
v  151.328094 -14.066049 -106.983070
v  144.156158 -13.561627 -114.198830
v  174.273590 -20.170450 -7.552078
v  181.104507 -17.553125 -7.768185
v  177.716263 -19.167322 9.775717
v  118.552940 6.886290 -132.201782
v  136.201614 3.750915 -2.817200
v  123.650612 -20.977121 113.960228
v  147.373825 -19.200045 -105.949242
v  154.729202 -12.457984 62.483818
v  150.208939 -14.407094 76.162956
v  160.700333 -14.332858 58.956612
v  166.945358 -12.906899 43.923267
v  129.181793 -21.870081 73.870872
v  131.989517 6.215735 -79.471077
v  129.181793 -6.869376 78.093254
v  174.273651 -8.339232 -6.779507
v  177.716263 -11.427276 10.037043
v  181.104538 -11.914723 -7.769844
v  123.650589 -15.384953 114.117180
v  153.128296 -8.921531 -102.597496
v  150.208969 -20.372896 76.006035
v  154.729202 -20.870420 61.622520
v  166.945358 -19.749506 43.653709
v  160.700333 -19.129881 58.956657
v  174.392151 -20.056242 -21.932140
v  136.153824 5.166053 -23.543350
v  181.230881 -11.510859 -21.990604
v  121.786140 8.261855 -129.048065
v  149.916000 -7.248622 -107.917992
v  148.861176 -8.520452 -110.318459
v  142.918900 -5.794735 -115.067818
v  143.436920 -3.872513 -114.069344
v  149.917664 -17.351683 -107.904640
v  143.451630 -18.528002 -114.043465
v  142.934021 -16.658533 -115.053505
v  148.863129 -15.434825 -110.316673
v  121.845253 -20.378809 -128.931946
v  172.634109 -20.324110 10.193430
v  180.821533 -17.232824 -25.898632
v  179.410248 -17.891180 9.636326
v  121.669685 -2.918530 -130.044525
v  135.599289 1.953216 17.673952
v  122.505539 -21.398664 111.797905
v  124.032303 -20.402658 114.681007
v  162.096161 -11.300345 46.326706
v  146.493698 -13.455007 78.144432
v  151.447357 -14.964078 75.502480
v  168.561768 -13.682542 43.122154
v  132.183548 -21.859781 53.748352
v  125.300278 -21.821611 91.912949
v  125.300255 -9.970113 94.713715
v  132.183517 -3.536218 59.145058
v  174.025925 -7.593379 -25.429428
v  172.634109 -9.161710 11.242805
v  179.410263 -12.449912 9.635204
v  124.032303 -16.043951 114.681007
v  122.505524 -14.281030 112.425636
v  151.447372 -19.571878 75.502480
v  146.493729 -21.021009 77.516670
v  162.096161 -20.687986 45.247635
v  168.561768 -18.691664 43.122364
v  153.128006 -15.864259 -102.598412
v  147.370529 -4.275912 -106.072136
v  123.083008 8.451036 -125.688835
v  119.788231 8.068247 -131.297089
v  145.679214 -4.217682 -110.723900
v  151.328217 -8.822278 -106.982735
v  144.148331 -7.667949 -114.206230
v  139.239258 -2.731161 -117.644432
v  151.328094 -15.673451 -106.983101
v  145.686432 -18.910574 -110.669121
v  139.267197 -18.038828 -117.617973
v  144.156281 -15.097247 -114.198738
v  123.119865 -20.909567 -125.413094
v  119.869476 -19.631876 -131.220306
v  109.361008 12.509132 -88.855019
v  109.360840 -3.998038 91.108116
v  109.360306 -15.570508 127.800362
v  109.360199 11.391939 -132.387787
v  109.360382 12.859911 -125.005104
v  109.360390 -11.914519 117.858894
v  109.361061 3.162488 62.845196
v  109.360306 -16.842379 129.103424
v  109.360085 8.301179 -133.921417
v  109.360580 -8.324122 106.658058
v  109.361000 0.883702 72.680870
v  109.360306 -14.215516 124.409431
v  109.360306 -16.322882 128.930634
v  109.360291 12.283273 -129.497314
v  109.360092 10.333986 -133.653992
v  134.318420 -21.821737 32.834980
v  136.201538 -21.756243 -6.689724
v  135.599289 -21.786982 12.420454
v  136.288940 -21.733282 -21.711277
v  109.360878 -19.403399 -94.612892
v  109.360214 -18.303396 -132.236023
v  109.360382 -19.096891 -124.172203
v  109.360107 -16.566103 -133.818665
v  109.360298 -18.789274 -129.127869
v  109.360146 -17.582521 -133.561493
v  109.360809 -21.381849 84.483818
v  109.360306 -20.646547 127.599510
v  109.360390 -21.195032 115.869469
v  109.361046 -21.392958 57.187496
v  109.360306 -19.644957 129.103424
v  109.360580 -21.323172 103.421806
v  109.360992 -21.395437 63.386036
v  109.360306 -20.973063 123.606041
v  109.360306 -20.204756 128.930634
v  112.444038 4.446617 56.959854
v  112.400162 -21.815485 115.291847
v  112.352379 -21.563017 123.435204
v  112.334114 -21.192904 127.683784
v  112.328812 -20.687719 129.106415
v  112.624329 -22.048101 59.217270
v  112.567268 -22.033014 81.950645
v  112.465363 -21.964796 102.045647
v  112.444595 -8.053796 105.496407
v  112.382423 -11.796363 117.347710
v  112.505180 -3.445535 88.827065
v  112.543793 1.752773 68.856316
v  112.328781 -16.374376 129.106445
v  112.325241 -16.939508 129.263580
v  112.332870 -15.574605 127.894249
v  112.346703 -14.158774 124.272346
v  112.325249 -20.051035 129.263580
v  112.458847 -22.045115 50.725307
v  111.426231 4.386269 58.291874
v  110.924370 -21.602560 115.895088
v  110.937935 -21.364672 123.927071
v  110.956627 -21.014769 128.103394
v  110.962257 -20.534082 129.499908
v  111.322502 -21.931704 60.194996
v  111.133575 -21.865297 82.907204
v  110.970375 -21.755983 102.867455
v  110.932121 -8.083327 106.267265
v  110.898972 -11.810578 117.936592
v  111.092262 -3.494983 89.809372
v  111.289124 1.741474 69.932007
v  110.947433 -16.366999 129.494598
v  110.946594 -16.917685 129.658661
v  110.938133 -15.579291 128.305359
v  110.916618 -14.174504 124.751060
v  110.956848 -19.924295 129.662262
v  111.447617 -21.961779 52.090832
v  114.165047 8.655987 -135.551239
v  114.071159 -9.455874 -135.631866
v  114.027184 3.177978 -135.703705
v  114.355705 -21.523024 -124.832451
v  114.440605 -21.931108 -90.431450
v  114.343361 14.116455 -84.069923
v  114.224106 13.893436 -125.774529
v  114.211037 13.164520 -131.018585
v  114.188835 12.145262 -134.146240
v  114.163628 10.832977 -135.397583
v  114.336693 -21.148844 -130.569580
v  114.300430 -20.575220 -133.931549
v  114.271660 -19.744036 -135.251770
v  114.255753 -18.618422 -135.415070
v  112.244705 8.930738 -135.618561
v  112.324059 -11.208327 -135.628265
v  112.295464 4.914093 -135.665619
v  112.284714 -20.925375 -125.101479
v  112.492203 -21.433268 -91.608788
v  112.537270 14.258762 -85.209923
v  112.203835 14.018167 -125.953087
v  112.257385 13.352701 -131.032104
v  112.276337 12.359532 -134.147461
v  112.263245 11.107529 -135.421906
v  112.331589 -20.598005 -130.687988
v  112.347916 -20.054121 -134.041412
v  112.339745 -19.240400 -135.388611
v  112.322197 -18.118593 -135.579987
v  179.122208 -18.686285 -25.886902
v  179.123199 -10.210816 -25.782360
v  163.820419 -21.083021 -25.779327
v  153.111923 -0.827216 -24.279617
v  180.821579 -15.812957 -25.898933
v  180.821732 -11.937915 -25.899883
v  174.023178 -20.020639 -25.851707
v  136.290146 4.925706 -19.598629
v  180.821777 -11.392465 -25.899853
v  181.230789 -17.302210 -21.988235
v  174.392609 -7.751990 -21.512379
v  146.584656 -20.675791 -84.333778
v  154.063873 -19.406046 -85.841576
v  157.676086 -17.830667 -86.512489
v  172.846741 -16.838728 -47.985493
v  138.733765 1.008649 -111.284401
v  158.942078 -10.240546 -86.496162
v  158.950455 -9.441009 -86.472862
v  157.790588 -7.974469 -86.188347
v  167.109879 -6.732623 -46.353130
v  158.890121 -14.548074 -86.639732
v  130.655350 -21.652967 -84.631081
v  158.206909 -20.950388 -44.849903
v  167.057251 -19.806143 -46.788525
v  171.401520 -18.378260 -47.712444
v  158.870621 -16.148050 -86.693642
v  172.915604 -11.324576 -47.796093
v  172.922470 -10.687654 -47.777134
v  171.488388 -9.410441 -47.401272
v  154.202240 -5.126170 -85.403633
v  172.865585 -15.354100 -47.933582
v  136.117920 -21.727762 -25.660480
v  150.652252 -3.100039 -82.168922
v  161.916626 -22.804102 -46.972004
v  149.711700 -21.984232 -84.320610
v  163.236755 -18.276133 -86.926094
v  164.326355 -16.697798 -87.178825
v  164.390610 -8.844731 -86.927727
v  163.371948 -7.421887 -86.609718
v  154.759384 -2.707376 -82.463997
v  168.217026 -4.450138 -47.802570
v  176.089493 -8.363618 -49.866825
v  177.544052 -9.882432 -50.331738
v  177.503113 -17.446760 -50.584354
v  176.169617 -18.999327 -50.247639
v  152.039642 -4.026173 -84.854973
v  160.018753 -4.308401 -46.897282
v  162.671295 -5.130948 -45.233250
v  156.037094 -3.672862 -85.039467
v  165.541168 -3.422522 -49.436665
v  143.695404 0.375124 -81.260628
v  150.913803 -0.546554 -37.580708
v  164.078720 -21.096991 -14.842667
v  174.335236 -20.111059 -15.029709
v  179.461472 -18.826536 -15.129154
v  181.170166 -17.422651 -15.162609
v  153.324982 -1.411397 -12.912628
v  136.247650 4.361806 -11.543545
v  181.170242 -11.704713 -15.164642
v  181.170242 -12.230016 -15.164402
v  179.461578 -10.567370 -14.983734
v  174.335510 -8.033868 -14.440601
v  181.170181 -16.043844 -15.163067
v  136.246994 -21.744303 -14.500931
v  173.072617 -18.713755 -21.517708
v  177.805756 -17.609964 -21.556786
v  179.238953 -16.541117 -21.573570
v  179.249985 -11.861138 -21.583996
v  178.624176 -11.251735 -21.552128
v  154.081955 -2.715667 -20.103626
v  138.306229 -10.503915 -20.507481
v  138.312607 -20.100069 -20.821415
v  173.017990 -18.759893 -15.282307
v  138.287064 -20.115152 -14.059715
v  138.278641 -10.965375 -13.665726
v  154.017014 -3.038552 -13.358829
v  178.558701 -11.428395 -15.330002
v  179.190857 -12.025664 -15.421131
v  179.184525 -16.639078 -15.410686
v  177.751160 -17.682810 -15.375839
v  26.155634 -3.934150 -42.790867
v  53.822372 -20.091928 -130.257263
v  33.834084 9.738684 -44.904072
v  53.822376 32.350487 -130.257263
v  55.799892 -21.783018 -141.107422
v  63.972244 21.793821 -141.095673
v  50.373459 -3.529396 -160.256500
v  42.241920 26.727571 -160.256500
v  33.289268 3.377872 -43.920979
v  61.429958 -12.137431 -130.257263
v  28.564804 18.819006 -46.096867
v  62.494179 21.047068 -130.257263
v  62.969482 -13.379901 -141.098633
v  58.220840 32.268318 -141.102722
v  44.651085 -12.827853 -160.256500
v  49.375553 19.268641 -160.256500
v  28.564806 -2.659023 -42.987934
v  56.391609 -18.704763 -130.257263
v  33.289268 11.419375 -45.163837
v  56.391613 30.963320 -130.257263
v  55.217808 -16.659563 -144.408569
v  59.942276 23.100351 -144.408569
v  49.375546 -6.669672 -160.256500
v  44.651089 25.426825 -160.256500
v  33.727364 4.729347 -44.129856
v  62.494171 -8.788512 -130.257263
v  26.155630 20.094131 -46.293941
v  61.429958 24.395987 -130.257263
v  63.972412 -9.842528 -141.096924
v  55.799519 33.733833 -141.105316
v  42.241917 -14.128598 -160.256500
v  50.373466 16.128366 -160.256500
v  25.282398 32.350479 -130.257263
v  19.648518 20.094133 -46.293941
v  26.355589 30.523943 -144.554718
v  28.914873 26.727568 -160.256500
v  54.942631 -5.186269 -153.403687
v  46.811085 28.384443 -153.403687
v  49.220257 -14.484729 -153.403687
v  53.944721 20.925516 -153.403687
v  53.944717 -8.326547 -153.403687
v  49.220261 27.083696 -153.403687
v  46.811081 -15.785474 -153.403687
v  54.942635 17.785238 -153.403687
v  23.405527 28.384439 -153.403687
v  52.808640 -17.960306 -144.408569
v  60.940182 19.960073 -144.408569
v  59.942268 -10.501382 -144.408569
v  55.217812 29.258535 -144.408569
v  57.768902 -19.724096 -142.489380
v  62.412312 24.907232 -142.550385
v  60.940182 -7.361106 -144.408569
v  52.808643 30.559282 -144.408569
v  26.655521 32.980614 -142.692139
v  25.997936 -2.663393 -42.962360
v  53.313061 -16.945936 -141.957733
v  32.527519 10.677104 -45.480335
v  49.563286 -3.325818 -159.687347
v  42.119518 25.475782 -159.996765
v  32.490822 4.051363 -44.237576
v  59.829514 -10.047870 -141.889496
v  28.068207 15.226105 -46.305050
v  60.683285 19.965714 -141.883484
v  44.192116 -11.824409 -159.807709
v  48.689095 18.638315 -159.709106
v  28.041641 -1.599762 -43.253696
v  55.370556 28.447153 -141.914764
v  54.691509 -15.645780 -144.058105
v  59.183121 22.442083 -143.992218
v  48.689091 -6.039344 -159.709106
v  44.192120 24.423380 -159.807709
v  26.003160 16.310694 -46.411419
v  60.683281 -7.366744 -141.883484
v  42.119518 -12.876811 -159.996765
v  49.563290 15.924788 -159.687347
v  53.313171 29.544882 -141.957672
v  28.914873 25.442942 -160.073700
v  54.133343 -4.977464 -152.834381
v  46.630421 27.158159 -153.108704
v  48.731724 -13.516932 -152.940247
v  53.249828 20.315287 -152.853516
v  53.249825 -7.716317 -152.853516
v  48.731724 26.115900 -152.940216
v  46.630421 -14.559190 -153.108734
v  54.133347 17.576435 -152.834381
v  23.405527 27.099813 -153.220856
v  52.607132 -16.715876 -144.179108
v  60.052929 19.729492 -143.977081
v  59.183117 -9.843114 -143.992218
v  54.691517 28.244753 -144.058105
v  55.370552 -15.848184 -141.914764
v  59.829517 22.646841 -141.889496
v  60.052925 -7.130523 -143.977081
v  52.607296 29.314768 -144.179230
v  10.065228 27.398607 -96.799538
v  17.306427 34.029411 -44.898464
v  7.115897 31.042479 -92.483253
v  15.081850 26.696905 -92.370308
v  13.453452 30.068720 -90.487267
v  15.426742 35.987808 -44.702351
v  8.539528 29.736956 -94.968468
v  11.244270 31.439627 -88.867836
v  55.369362 -21.175104 -142.482147
v  63.390625 21.432211 -142.565125
v  62.447937 -12.868863 -142.523560
v  57.731010 31.741392 -142.517914
v  63.423592 -9.382852 -142.540283
v  55.331390 33.188202 -142.510712
v  58.221180 -20.317392 -141.104736
v  62.969265 25.331110 -141.097107
v  26.644529 33.732834 -141.097443
v  26.779926 41.041016 -44.867474
v  24.573235 41.235992 -42.667912
v  24.577665 43.384567 -17.754261
v  26.786736 43.579575 -15.555466
v  33.638168 43.579575 -15.555466
v  35.847301 43.384590 -17.754261
v  35.851788 41.235992 -42.667912
v  33.645046 41.041031 -44.867474
v  23.327757 37.117699 -43.894520
v  23.327723 35.087234 -13.382889
v  25.663790 35.285294 -11.055389
v  34.761105 35.285294 -11.055389
v  37.097202 35.087234 -13.382889
v  37.097233 37.117722 -43.894520
v  34.761131 36.919647 -46.222126
v  25.663816 36.919632 -46.222347
v  35.144180 42.576813 -22.477055
v  34.194256 42.336899 -25.390644
v  33.410492 46.699409 -25.178673
v  34.175438 46.892593 -22.832527
v  31.707344 42.188622 -27.191505
v  31.407999 46.580009 -26.628666
v  28.633348 42.188622 -27.191505
v  28.932713 46.580009 -26.628666
v  26.146425 42.336899 -25.390644
v  26.930166 46.699409 -25.178673
v  25.196526 42.576813 -22.477055
v  26.165255 46.892593 -22.832527
v  26.146425 42.816704 -19.563354
v  26.930161 47.085777 -20.486164
v  28.633327 42.964981 -17.762600
v  28.932673 47.205162 -19.036282
v  31.707323 42.964981 -17.762600
v  31.407986 47.205185 -19.036282
v  34.194256 42.816704 -19.563354
v  33.410511 47.085793 -20.486164
v  33.102596 45.699295 -22.734226
v  32.542568 45.557861 -24.451923
v  31.076435 45.470451 -25.513634
v  29.264223 45.470451 -25.513634
v  27.798101 45.557861 -24.451923
v  27.238104 45.699295 -22.734226
v  27.798101 45.840736 -21.016525
v  29.264223 45.928116 -19.954811
v  31.076435 45.928116 -19.954811
v  32.542568 45.840736 -21.016525
v  33.017628 46.722855 -24.894073
v  33.689743 46.892593 -22.832527
v  31.257904 46.617928 -26.168304
v  29.082777 46.617928 -26.168304
v  27.323044 46.722855 -24.894073
v  26.650896 46.892593 -22.832527
v  27.323044 47.062370 -20.770767
v  29.082764 47.167259 -19.496532
v  31.257883 47.167259 -19.496532
v  33.017624 47.062370 -20.770767
v  86.360046 -2.978584 -116.167763
v  84.365692 -5.479467 -116.167763
v  81.483696 -6.867335 -116.167763
v  78.284958 -6.867335 -116.167763
v  75.402962 -5.479467 -116.167763
v  73.408562 -2.978584 -116.167763
v  72.696793 0.140003 -116.167763
v  73.408562 3.258561 -116.167763
v  75.402962 5.759417 -116.167763
v  78.284958 7.147311 -116.167763
v  81.483696 7.147311 -116.167763
v  84.365692 5.759417 -116.167763
v  86.360046 3.258561 -116.167763
v  87.071861 0.140003 -116.167763
v  89.798836 4.914530 -121.477898
v  90.888527 0.140003 -121.477898
v  90.182343 0.140003 -121.477821
v  89.162544 4.608106 -121.477821
v  89.798836 -4.634576 -121.477898
v  89.162544 -4.328176 -121.477821
v  86.745361 -8.463470 -121.477898
v  86.305016 -7.911326 -121.477821
v  82.333054 -10.588353 -121.477898
v  82.175835 -9.899831 -121.477821
v  77.435654 -10.588353 -121.477898
v  77.592819 -9.899831 -121.477821
v  73.023300 -8.463470 -121.477898
v  73.463638 -7.911326 -121.477821
v  69.969872 -4.634576 -121.477898
v  70.606110 -4.328176 -121.477821
v  68.880081 0.140003 -121.477898
v  69.586311 0.140003 -121.477821
v  69.969872 4.914530 -121.477898
v  70.606110 4.608145 -121.477821
v  73.023300 8.743465 -121.477898
v  73.463638 8.191323 -121.477821
v  77.435654 10.868395 -121.477898
v  77.592819 10.179833 -121.477821
v  82.333054 10.868395 -121.477898
v  82.175835 10.179833 -121.477821
v  86.745361 8.743465 -121.477898
v  86.305016 8.191323 -121.477821
v  94.434669 7.147054 -103.400017
v  96.034103 0.140002 -103.400017
v  89.953537 12.766354 -103.400017
v  83.477982 15.884825 -103.400017
v  76.290672 15.884825 -103.400017
v  69.815117 12.766354 -103.400017
v  65.333923 7.147054 -103.400017
v  63.734612 0.140002 -103.400017
v  65.333923 -6.867125 -103.400017
v  69.815117 -12.486377 -103.400017
v  76.290672 -15.604838 -103.400017
v  83.477982 -15.604838 -103.400017
v  89.953537 -12.486377 -103.400017
v  94.434731 -6.867125 -103.400017
v  96.400711 -8.990968 -110.848244
v  102.537903 -8.990966 -127.956551
v  102.537903 11.245877 -127.956551
v  96.400711 11.245876 -110.848244
v  110.866714 8.373064 -197.739349
v  109.691513 8.373290 -189.215149
v  109.691513 -6.118662 -189.215149
v  110.866714 -6.117997 -197.739349
v  101.294083 -8.990966 -135.454987
v  103.853279 -7.491553 -165.030823
v  103.853279 9.746470 -165.030823
v  101.294151 11.245877 -135.454834
v  97.716705 -16.343699 -120.861504
v  101.294083 -16.343699 -135.454956
v  97.716705 -8.990966 -120.861504
v  101.294151 18.598629 -135.454834
v  97.716705 18.598604 -120.861504
v  97.716705 11.245876 -120.861504
v  103.853279 16.009663 -165.030823
v  107.697304 8.817744 -183.170624
v  103.853279 -13.754731 -165.030823
v  107.697304 -6.562775 -183.170624
v  109.905251 13.484880 -193.589935
v  108.801201 8.373294 -188.380280
v  109.905251 8.373133 -193.589935
v  109.905251 -11.229897 -193.589935
v  108.801201 -6.118735 -188.380280
v  96.228287 18.598619 -136.046906
v  96.228287 -16.343699 -136.046906
v  92.357513 -8.990966 -117.780357
v  92.357498 11.245876 -117.780373
v  106.277931 -6.562775 -183.471466
v  106.277931 8.817744 -183.471466
v  107.381912 8.373294 -188.681091
v  107.381912 -6.118735 -188.681091
v  102.433907 9.746470 -165.331665
v  102.433907 -7.491553 -165.331665
v  92.357513 -16.343699 -117.780357
v  92.357498 18.598627 -117.780373
v  102.433907 16.009663 -165.331665
v  102.433907 -13.754731 -165.331665
v  108.485825 13.484880 -193.890747
v  108.485825 -11.229897 -193.890747
v  108.485825 -6.117997 -193.890747
v  94.689590 11.245876 -110.579994
v  94.689590 -8.990968 -110.579979
v  109.295517 -6.117997 -198.189209
v  109.295517 8.373064 -198.189209
v  94.932678 -16.343740 -117.534401
v  94.932678 -8.991023 -117.534401
v  94.477127 18.598585 -117.272560
v  94.477127 11.245876 -117.272560
v  108.485825 8.373133 -193.890747
v  109.905251 -6.117997 -193.589935
v  103.748596 -16.363447 -163.591492
v  101.313522 -18.812151 -135.620209
v  96.247513 -18.812231 -136.211548
v  102.130928 -16.363665 -163.905457
v  101.313522 21.067062 -135.620209
v  103.748596 18.618372 -163.591492
v  102.130928 18.618608 -163.905457
v  96.247513 21.067156 -136.211548
v  106.961090 8.373290 -189.811859
v  106.961090 -6.118662 -189.811859
v  102.809532 7.800115 -136.868439
v  104.133324 7.803651 -136.556793
v  112.553368 5.335067 -172.297882
v  112.103088 5.333835 -172.474884
v  102.844421 -5.660947 -136.863037
v  112.125099 -3.174953 -172.471588
v  112.575317 -3.173724 -172.294403
v  104.168182 -5.657379 -136.551544
v  101.155357 -2.248399 -134.076996
v  106.411781 -2.241809 -151.710846
v  106.416893 -4.206516 -151.709961
v  101.160370 -4.213099 -134.076080
v  107.849136 -2.237420 -150.029022
v  107.854164 -4.202127 -150.028137
v  104.887856 -2.236392 -128.204803
v  104.892975 -4.201118 -128.204071
v  102.575676 -2.240471 -123.434349
v  102.580719 -4.205213 -123.433525
v  99.919975 -2.247056 -122.697243
v  99.925087 -4.211776 -122.696419
v  101.138435 4.284004 -134.079559
v  101.133377 6.248715 -134.080261
v  106.389824 6.255321 -151.714050
v  106.394882 4.290575 -151.713470
v  107.827110 6.259702 -150.032318
v  107.832115 4.294960 -150.031433
v  104.865883 6.260715 -128.208282
v  104.870987 4.296011 -128.207397
v  102.553680 6.256633 -123.437614
v  102.558800 4.291910 -123.436882
v  99.898026 6.250059 -122.700554
v  99.903152 4.285370 -122.699760
v  93.806183 -3.144121 -105.782265
v  96.283325 -3.144121 -106.523872
v  96.283325 3.784449 -106.523872
v  93.806183 3.784449 -105.782265
v  101.123596 -3.144121 -112.811073
v  101.123596 3.784449 -112.811073
v  99.598396 -3.144121 -117.905617
v  99.598396 3.784449 -117.905617
v  90.904968 -3.144121 -115.303032
v  90.904968 3.784449 -115.303032
v  100.729111 16.735655 -93.194572
v  91.486221 20.571497 -97.131096
v  93.046997 25.049868 -94.790642
v  101.257111 21.642557 -91.293831
v  81.647636 24.609278 -95.536720
v  84.307396 28.636583 -93.374352
v  73.849716 27.767076 -88.838661
v  77.380676 31.441549 -87.424629
v  70.181900 29.198721 -78.831657
v  74.122673 32.713264 -78.535591
v  71.626923 28.520636 -68.197014
v  75.406296 32.110924 -69.089119
v  77.797707 25.914495 -59.784313
v  80.887726 29.795931 -61.616299
v  87.040794 22.078571 -55.847767
v  89.098007 26.388609 -58.119602
v  96.879333 18.040804 -57.442173
v  97.837334 22.801947 -59.535801
v  104.677330 14.883057 -64.140236
v  104.764198 19.996973 -65.485512
v  108.345123 13.451391 -74.147240
v  108.022110 18.725254 -74.374596
v  106.899902 14.129507 -84.781914
v  106.738480 19.327602 -83.821083
v  100.865166 22.919775 -90.138008
v  93.290024 26.063429 -93.364204
v  85.226830 29.372576 -92.057503
v  78.836151 31.960508 -86.568214
v  75.830170 33.133812 -78.367043
v  77.014519 32.578087 -69.651619
v  82.071777 30.442217 -62.757069
v  89.646858 27.298567 -59.530949
v  97.709885 23.989468 -60.837521
v  104.100563 21.401567 -66.326897
v  107.106491 20.228258 -74.527977
v  105.922157 20.784012 -83.243523
v  66.293602 29.397371 -48.040058
v  66.293602 34.180405 -48.040058
v  66.293602 34.180405 -44.878628
v  66.293602 29.397371 -44.878628
v  54.677624 43.822456 -48.040058
v  54.677624 43.822456 -44.878628
v  51.792606 43.822456 -48.040058
v  51.792606 43.822456 -44.878628
v  47.920616 40.178223 -48.040058
v  47.920616 40.178223 -44.878628
v  47.920616 33.193428 -48.040058
v  47.920616 33.193428 -44.878628
v  66.293602 29.397371 -55.703876
v  66.293602 34.180405 -55.703876
v  66.293602 34.180405 -52.542500
v  66.293602 29.397371 -52.542500
v  54.677624 43.822456 -55.703876
v  54.677624 43.822456 -52.542500
v  51.792606 43.822456 -55.703876
v  51.792606 43.822456 -52.542500
v  47.920616 40.178223 -55.703876
v  47.920616 40.178223 -52.542500
v  47.920616 33.193428 -55.703876
v  47.920616 33.193428 -52.542500
v  66.293602 29.397371 -63.367748
v  66.293602 34.180405 -63.367748
v  66.293602 34.180405 -60.206333
v  66.293602 29.397371 -60.206333
v  54.677624 43.822456 -63.367748
v  54.677624 43.822456 -60.206303
v  51.792606 43.822456 -63.367748
v  51.792606 43.822456 -60.206303
v  47.920616 40.178223 -63.367748
v  47.920616 40.178223 -60.206333
v  47.920616 33.193428 -63.367748
v  47.920616 33.193428 -60.206333
v  66.293602 29.397371 -71.031609
v  66.293602 34.180405 -71.031609
v  66.293602 34.180405 -67.870171
v  66.293602 29.397371 -67.870171
v  54.677624 43.822456 -71.031609
v  54.677624 43.822456 -67.870171
v  51.792606 43.822456 -71.031609
v  51.792606 43.822456 -67.870171
v  47.920616 40.178223 -71.031609
v  47.920616 40.178223 -67.870171
v  47.920616 33.193428 -71.031609
v  47.920616 33.193428 -67.870171
v  66.293602 29.397371 -78.695427
v  66.293602 34.180405 -78.695427
v  66.293602 34.180405 -75.534019
v  66.293602 29.397371 -75.534019
v  54.677624 43.822456 -78.695427
v  54.677624 43.822456 -75.534019
v  51.792606 43.822456 -78.695427
v  51.792606 43.822456 -75.534019
v  47.920616 40.178223 -78.695427
v  47.920616 40.178223 -75.534019
v  47.920616 33.193436 -78.695427
v  47.920616 33.193436 -75.534019
v  66.293602 29.397371 -86.359291
v  66.293602 34.180405 -86.359291
v  66.293602 34.180405 -83.197884
v  66.293602 29.397371 -83.197884
v  54.677624 43.822456 -86.359291
v  54.677624 43.822456 -83.197884
v  51.792606 43.822456 -86.359291
v  51.792606 43.822456 -83.197884
v  47.920616 40.178223 -86.359291
v  47.920616 40.178223 -83.197884
v  47.920616 33.193436 -86.359291
v  47.920616 33.193436 -83.197884
v  88.641205 20.649855 53.658321
v  88.740349 20.649874 58.998463
v  88.032806 18.282000 59.011604
v  87.933670 18.281992 53.671463
v  86.236359 16.585188 59.044956
v  86.137192 16.585178 53.704815
v  83.832283 16.014109 59.089607
v  83.733147 16.014088 53.749451
v  81.464828 16.721762 59.133568
v  81.365692 16.721754 53.793427
v  79.768318 18.518557 59.165070
v  79.669182 18.518534 53.824921
v  79.197334 20.923027 59.175667
v  79.098183 20.922993 53.835526
v  79.904892 23.290876 59.162529
v  79.805717 23.290876 53.822388
v  81.701363 24.987684 59.129173
v  81.602203 24.987680 53.789024
v  84.105385 25.558771 59.084534
v  84.006241 25.558764 53.744389
v  86.472870 24.851114 59.040573
v  86.373703 24.851107 53.700424
v  88.169350 23.054335 59.009071
v  88.070213 23.054327 53.668919
v  86.257477 20.722042 61.110424
v  85.988182 21.856005 61.115433
v  83.942802 18.535761 61.153408
v  85.923782 19.605314 61.116623
v  86.780411 20.707342 61.604664
v  86.370598 19.335749 61.612267
v  85.329979 18.352888 61.631592
v  83.937447 18.022089 61.657448
v  82.566109 18.431992 61.682915
v  81.583405 19.472778 61.701164
v  81.252678 20.865562 61.707298
v  81.662506 22.237123 61.699696
v  82.703110 23.219994 61.680374
v  84.095642 23.550795 61.654514
v  85.466988 23.140890 61.629047
v  86.449692 22.100119 61.610802
v  87.265350 18.807587 63.624084
v  87.824364 20.678526 63.613701
v  87.903061 20.678534 67.851517
v  87.344017 18.807587 67.861885
v  85.845848 17.466860 63.650440
v  85.924545 17.466866 67.888252
v  83.946312 17.015631 63.685715
v  84.025002 17.015631 67.923523
v  82.075699 17.574766 63.720459
v  82.154388 17.574766 67.958260
v  80.735184 18.994492 63.745346
v  80.813873 18.994492 67.983147
v  80.284042 20.894356 63.753719
v  80.362740 20.894365 67.991531
v  80.843071 22.765312 63.743343
v  80.921768 22.765306 67.981148
v  82.262581 24.106009 63.716988
v  82.341240 24.106012 67.954788
v  84.162109 24.557262 63.681713
v  84.240791 24.557253 67.919518
v  86.032730 23.998102 63.646976
v  86.111443 23.998083 67.884781
v  87.373230 22.578394 63.622078
v  87.451912 22.578398 67.859886
v  86.951965 20.707323 70.842957
v  86.438385 20.722048 70.852486
v  86.104721 19.605316 70.858681
v  86.542152 19.335749 70.850563
v  85.257477 18.805101 70.874413
v  85.501534 18.352888 70.869896
v  84.123711 18.535759 70.895470
v  84.109001 18.022085 70.895744
v  83.007172 18.869493 70.916199
v  82.737663 18.431986 70.921211
v  82.207092 19.716887 70.931061
v  81.754959 19.472776 70.939461
v  81.937798 20.850863 70.936058
v  81.424210 20.865545 70.945595
v  82.271477 21.967558 70.929871
v  81.834061 22.237120 70.937996
v  83.118713 22.767786 70.914131
v  82.874664 23.219988 70.918678
v  84.252495 23.037117 70.893082
v  84.267197 23.550781 70.892807
v  85.369011 22.703386 70.872353
v  85.638527 23.140881 70.867340
v  86.169106 21.856001 70.857491
v  86.621246 22.100115 70.849098
v  85.076553 18.805092 61.132351
v  82.826263 18.869501 61.174145
v  82.026184 19.716887 61.188995
v  81.756889 20.850874 61.193996
v  82.090569 21.967566 61.187805
v  82.937805 22.767794 61.172073
v  84.071594 23.037115 61.151020
v  85.188103 22.703390 61.130287
v  86.501602 19.335749 68.667099
v  86.911415 20.707331 68.659485
v  86.803413 20.707327 62.843124
v  86.393600 19.335745 62.850723
v  85.460976 18.352888 68.686424
v  85.352982 18.352888 62.870018
v  84.068451 18.022093 68.712280
v  83.960449 18.022089 62.895882
v  82.697105 18.431988 68.737755
v  82.589104 18.431992 62.921349
v  81.714401 19.472778 68.756004
v  81.606400 19.472773 62.939590
v  81.383652 20.865545 68.762146
v  81.275681 20.865555 62.945732
v  81.793503 22.237120 68.754524
v  81.685509 22.237143 62.938126
v  82.834114 23.219990 68.735207
v  82.726112 23.219992 62.918800
v  84.226616 23.550795 68.709343
v  84.118614 23.550795 62.892952
v  85.597969 23.140882 68.683876
v  85.489983 23.140882 62.867508
v  86.580666 22.100107 68.665634
v  86.472687 22.100115 62.849258
v  78.411385 23.801416 28.397518
v  78.119865 11.486652 31.678707
v  78.328690 11.486655 42.926250
v  78.892235 23.801405 54.292580
v  80.604706 26.434706 28.356787
v  81.085541 26.434698 54.251839
v  85.799080 26.286016 28.260330
v  86.279938 26.286020 54.155388
v  90.537155 23.646917 28.172346
v  91.018005 23.646917 54.067406
v  90.821091 22.354948 28.167074
v  91.301933 22.354940 54.062183
v  83.367714 10.551235 31.581261
v  84.732742 13.302652 31.555916
v  84.941597 13.302634 42.803452
v  83.576538 10.551252 42.828804
v  82.647621 10.469608 31.594627
v  82.856476 10.469604 42.842167
v  80.728088 10.476754 31.630274
v  80.936951 10.476753 42.877811
v  79.729065 11.463687 31.648825
v  79.937927 11.463687 42.896370
v  78.059044 11.486650 28.404053
v  78.539879 11.486658 54.299114
v  84.697472 9.763757 42.807983
v  87.094948 14.485451 42.763470
v  84.908661 9.763756 54.180855
v  86.886093 14.485453 31.515928
v  84.427811 9.763757 28.285786
v  83.469856 9.477942 42.830788
v  83.681046 9.477942 54.203651
v  84.488617 9.763757 31.560444
v  83.261002 9.477942 31.583242
v  83.200195 9.477931 28.308582
v  80.584091 9.560524 42.884369
v  80.795280 9.560523 54.257244
v  80.375237 9.560535 31.636829
v  80.314415 9.560516 28.362169
v  76.708214 -17.249495 -94.698509
v  76.708214 -32.478783 -84.650612
v  76.708214 -32.066467 -74.901787
v  76.708214 -17.183367 -37.412930
v  104.831902 -17.249495 -94.698509
v  104.831902 -17.183367 -37.412930
v  104.831902 -32.066467 -74.901787
v  104.831902 -32.478783 -84.650612
v  79.119415 -17.017778 -90.818871
v  102.420692 -17.017778 -90.818871
v  102.420692 -29.868437 -81.839012
v  99.949089 -31.647039 -80.140297
v  81.591049 -31.647039 -80.140297
v  79.119415 -29.868437 -81.839012
v  80.171120 -35.219498 -82.270561
v  101.368988 -35.219498 -82.270561
v  101.368988 -35.529373 -74.901787
v  80.171120 -35.529373 -74.901787
v  80.171120 -22.748320 -37.412930
v  101.368988 -22.748320 -37.412930
v  104.831902 -19.285257 -37.412930
v  76.708214 -19.285257 -37.412930
v  77.992233 -17.265760 -94.864738
v  77.992233 -32.057785 -85.016228
v  80.702965 -34.203346 -83.153053
v  100.837173 -34.203346 -83.153053
v  103.547905 -32.057785 -85.016228
v  103.547905 -17.265760 -94.864738
v  13.001358 -8.734321 166.073456
v  13.001358 -10.581292 166.373840
v  16.294289 -10.581292 166.373840
v  16.294289 -8.734321 166.073456
v  13.001358 -14.538463 162.035858
v  16.294289 -14.538463 162.035858
v  13.001358 -17.696745 162.322296
v  16.294289 -17.696741 162.322266
v  13.001358 -18.507986 161.969299
v  16.294289 -18.507986 161.969299
v  13.001358 -19.488008 158.592743
v  16.294289 -19.488008 158.592743
v  13.001358 -10.248548 145.310852
v  16.294289 -10.248548 145.310852
v  55.281345 28.093779 46.700565
v  54.259556 30.990656 46.956142
v  52.464424 30.644136 50.043613
v  53.034641 27.660078 50.564739
v  49.002003 30.689547 50.984276
v  48.701248 27.716883 51.742020
v  45.900581 31.100183 49.227097
v  44.819546 28.230883 49.542778
v  44.976875 31.635611 45.801403
v  43.663567 28.900984 45.255386
v  46.772034 31.982134 42.713898
v  45.910336 29.334684 41.391182
v  50.234428 31.936823 41.773201
v  50.243683 29.277899 40.213932
v  53.335918 31.526083 43.530418
v  54.125332 28.763899 42.413086
v  132.397980 -6.708446 -122.096977
v  131.164917 -2.106571 -122.096977
v  128.710052 -3.523871 -146.576752
v  129.563385 -6.708449 -146.576752
v  127.796120 1.262232 -122.096977
v  126.378799 -1.192598 -146.576752
v  123.194206 2.495299 -122.096977
v  123.194206 -0.339293 -146.576752
v  118.592346 1.262228 -122.096977
v  120.009628 -1.192598 -146.576752
v  115.223549 -2.106571 -122.096977
v  117.678398 -3.523871 -146.576752
v  113.990440 -6.708442 -122.096977
v  116.825035 -6.708445 -146.576752
v  115.223549 -11.310319 -122.096977
v  117.678398 -9.893023 -146.576752
v  118.592346 -14.679122 -122.096977
v  120.009628 -12.224296 -146.576752
v  123.194206 -15.912190 -122.096977
v  123.194206 -13.077600 -146.576752
v  127.796066 -14.679126 -122.096977
v  126.378746 -12.224296 -146.576752
v  131.164871 -11.310327 -122.096977
v  128.710052 -9.893031 -146.576752
v  102.650696 9.262015 4.687500
v  106.620102 9.053566 7.414852
v  106.620102 1.929528 6.870350
v  102.650696 2.137979 4.143002
v  108.845947 7.256444 30.927763
v  108.845947 0.132409 30.383263
v  105.436989 6.401326 42.115868
v  105.436989 -0.722709 41.571365
v  102.504036 6.363844 42.606323
v  102.504036 -0.760190 42.061821
v  83.281090 -23.992594 122.071190
v  83.283195 -27.707914 116.026329
v  83.283257 -27.820765 101.554146
v  83.279442 -21.072565 126.753944
v  83.281349 -24.429541 92.235313
v  83.280380 -22.733458 73.849464
v  83.279594 -21.351362 71.811363
v  83.280807 -23.500559 126.762474
v  74.409317 -22.738466 73.849464
v  74.408531 -21.356371 71.811363
v  74.410271 -24.434553 92.235313
v  74.412178 -27.825781 101.554161
v  74.412117 -27.712938 116.026329
v  74.410027 -23.997622 122.071220
v  74.409744 -23.505587 126.762459
v  74.408371 -21.077593 126.753944
v  70.909309 -23.992594 156.110779
v  70.911415 -27.707914 150.065918
v  70.911476 -27.820765 135.593750
v  70.907661 -21.072565 160.793549
v  70.909569 -24.429541 126.274910
v  70.908600 -22.733461 107.889061
v  70.907814 -21.351366 105.850960
v  70.909035 -23.500559 160.802094
v  62.037533 -22.738466 107.889061
v  62.036751 -21.356371 105.850960
v  62.038494 -24.434553 126.274910
v  62.040398 -27.825781 135.593781
v  62.040337 -27.712938 150.065918
v  62.038250 -23.997622 156.110809
v  62.037964 -23.505587 160.802063
v  62.036591 -21.077593 160.793549
v  51.537613 0.766216 -172.917114
v  49.906300 -0.171897 -171.657074
v  45.944809 0.160342 -181.288513
v  46.779289 0.766217 -182.656586
v  60.314266 13.388019 -154.952789
v  51.537613 13.388020 -172.917114
v  49.906300 14.326137 -171.657074
v  60.232487 14.326136 -150.904144
v  58.579891 -0.624977 -150.070618
v  49.381996 -0.624977 -168.213501
v  60.232487 -0.171898 -150.904144
v  46.779289 13.388020 -182.656586
v  51.537613 10.783405 -172.917114
v  46.779289 11.963322 -182.656586
v  60.314281 0.766216 -154.952820
v  51.537613 3.370836 -172.917114
v  45.944809 13.993899 -181.288513
v  58.579891 14.779238 -150.070618
v  49.381989 14.779239 -168.213501
v  46.779289 2.190925 -182.656586
v  45.723190 0.758975 -181.157318
v  49.696434 0.432526 -171.532104
v  51.074661 1.120643 -172.643005
v  46.284828 1.054835 -182.364166
v  49.696434 13.721710 -171.532104
v  51.074661 13.033592 -172.643005
v  60.159504 12.959356 -154.436035
v  60.074768 13.699793 -150.809540
v  49.265072 0.013798 -168.142273
v  58.452740 0.011114 -149.994293
v  60.074776 0.454447 -150.809540
v  50.986572 10.783405 -172.591278
v  46.284836 13.099413 -182.364166
v  46.228245 11.963322 -182.330688
v  50.986580 3.370836 -172.591248
v  60.159504 1.194877 -154.436035
v  45.723198 13.395260 -181.157318
v  58.452740 14.143124 -149.994293
v  49.265072 14.140445 -168.142273
v  46.228237 2.190925 -182.330688
v  50.624580 10.302778 -159.275696
v  58.102421 10.302778 -160.532440
v  58.102421 3.974816 -160.532440
v  50.624580 3.974816 -159.275696
v  63.500160 10.302778 -152.592102
v  63.500160 3.974816 -152.592102
v  63.229622 10.302777 -140.804382
v  63.229614 3.974815 -140.804382
v  180.858780 0.856639 -74.860283
v  181.302048 0.357696 -75.015358
v  179.740448 0.357650 -79.478706
v  179.297195 0.856639 -79.323631
v  173.808945 -9.238168 -72.393761
v  172.247375 -9.238168 -76.857124
v  173.629349 -15.534085 -72.330925
v  172.067780 -15.534072 -76.794289
v  172.715118 -15.504794 -72.011086
v  171.153549 -15.504792 -76.474419
v  170.543076 -11.449571 -71.251137
v  168.981491 -11.449595 -75.714485
v  166.581284 -11.322749 -69.865028
v  165.019577 -11.322736 -74.328346
v  164.321655 -8.557359 -69.074471
v  162.760071 -8.557357 -73.537819
v  177.515945 0.856639 -84.414833
v  177.959213 0.357697 -84.569923
v  176.397614 0.357651 -89.033272
v  175.954361 0.856640 -88.878197
v  170.466141 -9.238168 -81.948311
v  168.904556 -9.238168 -86.411674
v  170.286514 -15.534083 -81.885490
v  168.724945 -15.534072 -86.348839
v  169.372299 -15.504792 -81.565636
v  167.810715 -15.504792 -86.028984
v  167.200241 -11.449569 -80.805687
v  165.638657 -11.449595 -85.269051
v  163.238464 -11.322747 -79.419579
v  161.676743 -11.322736 -83.882912
v  160.978821 -8.557357 -78.629021
v  159.417252 -8.557357 -83.092384
v  78.066605 2.971369 115.626396
v  78.721184 4.252997 117.828941
v  84.832123 2.036388 117.302620
v  84.177544 0.754753 115.100075
v  78.695007 3.209449 121.920021
v  84.805946 0.992841 121.393700
v  79.226212 3.203674 128.112030
v  85.337151 0.987070 127.585716
v  79.116402 -1.174690 145.276855
v  85.227341 -3.391302 144.750519
v  79.280251 -1.389607 143.351257
v  78.579460 -3.937972 145.947083
v  83.974586 -5.894931 145.482422
v  84.675385 -3.346566 142.886597
v  77.745377 -6.810036 153.091736
v  76.429970 -10.227471 152.211639
v  82.540909 -12.444085 151.685303
v  83.856316 -9.026641 152.565460
v  79.420494 -1.525696 145.552765
v  84.815620 -3.482662 145.088104
v  78.547455 -5.114178 150.529114
v  83.942574 -7.071136 150.064484
v  19.086601 -43.609726 59.383072
v  15.355011 -42.119453 -18.324944
v  18.157915 -25.496317 99.632957
v  14.725347 -20.095751 -37.516544
v  51.277519 -43.609726 59.383064
v  52.989338 -43.609718 -17.026318
v  52.206211 -25.496317 99.632957
v  55.638771 -20.095751 -37.516544
v  17.156403 -42.798561 61.185555
v  17.374775 -43.609718 -17.026321
v  53.207718 -42.798561 61.185547
v  55.009098 -42.119453 -18.324944
v  16.472364 -41.754463 -18.643002
v  15.877436 -20.945814 -36.775799
v  54.486675 -20.945814 -36.775799
v  53.891747 -41.754463 -18.642998
v  52.529404 -42.759659 -17.767067
v  17.834709 -42.759659 -17.767063
v  18.682570 -38.582947 -8.107063
v  18.203518 -21.462816 -23.181389
v  52.160603 -21.462816 -23.181389
v  51.681549 -38.582947 -8.107063
v  50.584538 -39.392365 -7.401730
v  19.779573 -39.392365 -7.401730
v  46.086861 -37.118454 72.250389
v  46.086861 -39.313133 75.268066
v  46.086861 -40.684807 75.268066
v  46.086861 -47.634621 61.734230
v  46.086861 -47.634621 23.327370
v  46.086861 -44.708382 18.663681
v  46.086857 -44.708382 -10.324356
v  46.086857 -42.879478 -12.427589
v  50.282429 -37.118454 72.250389
v  50.282429 -39.313133 75.268066
v  50.282429 -40.684807 75.268066
v  50.282429 -47.634621 61.734230
v  50.282421 -47.634621 23.327370
v  50.282421 -44.708382 18.663681
v  50.282421 -44.708382 -10.324356
v  50.282421 -42.879478 -12.427589
v  19.527897 -37.118454 72.250389
v  19.527897 -39.313133 75.268066
v  23.723467 -39.313133 75.268066
v  23.723467 -37.118454 72.250389
v  19.527897 -40.684807 75.268066
v  23.723467 -40.684807 75.268066
v  19.527897 -47.634621 61.734230
v  23.723467 -47.634621 61.734230
v  19.527897 -47.634621 23.327370
v  23.723459 -47.634621 23.327370
v  19.527897 -44.708382 18.663681
v  23.723459 -44.708382 18.663681
v  19.527893 -44.708382 -10.324356
v  23.723459 -44.708382 -10.324356
v  19.527893 -42.879478 -12.427589
v  23.723459 -42.879478 -12.427589
v  11.105305 29.800833 25.866478
v  11.105305 32.659264 26.182272
v  11.105305 31.756994 34.349155
v  11.105305 28.898565 34.033363
v  14.360725 33.960739 26.326054
v  14.360725 33.058472 34.492943
v  14.360725 37.569382 26.724745
v  14.360725 36.667114 34.891621
v  10.573570 39.939240 26.986553
v  10.573570 39.036972 35.153442
v  0.000000 39.939240 26.986553
v  0.000000 39.036972 35.153442
v  10.368927 39.368683 26.198685
v  13.677456 37.298317 25.969957
v  13.677456 34.471443 25.657646
v  10.422006 33.169975 25.513865
v  10.422006 29.879942 25.150383
v  0.000000 29.879942 25.150383
v  0.000000 39.368683 26.198685
v  10.368927 38.308197 35.797756
v  0.000000 38.308189 35.797756
v  0.000000 28.819448 34.749451
v  10.422006 28.819448 34.749451
v  10.422006 32.109482 35.112930
v  13.677456 33.410950 35.256710
v  13.677456 36.237823 35.569023
v  11.105305 31.134192 13.797503
v  11.105305 33.992622 14.113291
v  11.105305 33.090347 22.280184
v  11.105305 30.231928 21.964380
v  14.360725 35.294098 14.257076
v  14.360725 34.391823 22.423965
v  14.360725 38.902740 14.655766
v  14.360725 38.000473 22.822643
v  10.573570 41.272591 14.917578
v  10.573570 40.370323 23.084461
v  0.000000 41.272591 14.917578
v  0.000000 40.370323 23.084461
v  10.368927 40.702042 14.129709
v  13.677456 38.631683 13.900972
v  13.677456 35.804802 13.588665
v  10.422006 34.503334 13.444881
v  10.422006 31.213297 13.081400
v  0.000000 31.213297 13.081400
v  0.000000 40.702042 14.129709
v  10.368927 39.641548 23.728783
v  0.000000 39.641548 23.728783
v  0.000000 30.152811 22.680470
v  10.422006 30.152811 22.680470
v  10.422006 33.442833 23.043941
v  13.677456 34.744308 23.187744
v  13.677456 37.571182 23.500042
v  11.105305 32.467552 1.728512
v  11.105305 35.325996 2.044300
v  11.105305 34.423721 10.211187
v  11.105305 31.565287 9.895399
v  14.360725 36.627464 2.188095
v  14.360725 35.725204 10.354980
v  14.360725 40.236107 2.586769
v  14.360725 39.333839 10.753670
v  10.573570 42.605965 2.848595
v  10.573570 41.703697 11.015478
v  0.000000 42.605965 2.848595
v  0.000000 41.703697 11.015478
v  10.368927 42.035408 2.060726
v  13.677456 39.965042 1.831997
v  13.677456 37.138168 1.519688
v  10.422006 35.836700 1.375904
v  10.422006 32.546669 1.012424
v  0.000000 32.546669 1.012424
v  0.000000 42.035408 2.060726
v  10.368927 40.974915 11.659798
v  0.000000 40.974915 11.659798
v  0.000000 31.486177 10.611486
v  10.422006 31.486177 10.611486
v  10.422006 34.776207 10.974964
v  13.677456 36.077675 11.118759
v  13.677456 38.904549 11.431068
v  6.355365 34.824944 -79.161858
v  6.355365 28.697248 -81.519676
v  6.355365 38.930901 -41.904209
v  6.355365 46.429245 -48.296909
v  6.355365 45.849190 -55.128010
v  6.355365 37.058250 -77.403053
v  5.203762 47.634621 -47.712383
v  5.203762 39.293289 -40.501331
v  5.203762 46.973953 -55.492931
v  5.203762 37.932808 -78.401939
v  5.203762 35.257187 -80.509071
v  5.203762 28.334841 -82.922539
v  0.000000 47.634621 -47.712383
v  0.000000 37.932808 -78.401924
v  7.323172 35.545418 88.154106
v  6.603183 37.407021 90.791382
v  6.603184 30.190073 112.019447
v  5.205556 20.463434 119.966835
v  5.205556 19.256344 119.413612
v  7.323172 20.807684 114.139046
v  6.603184 22.905533 118.641762
v  7.323172 19.853865 117.382042
v  7.323172 36.991814 90.203178
v  7.323173 29.561968 111.625633
v  4.907327 21.650702 119.782509
v  7.323172 22.044989 118.512306
v  6.603183 31.809877 109.448524
v  7.323172 31.188536 109.053505
v  14.231062 31.290426 84.054947
v  14.231062 35.563393 53.461914
v  14.231062 37.218376 54.749115
v  14.231062 40.668663 74.492828
v  14.231062 40.668663 77.343079
v  14.231062 33.772903 101.891975
v  14.231064 31.658197 103.271141
v  15.604156 31.290426 84.054947
v  15.604156 35.563393 53.461914
v  15.604156 37.218376 54.749115
v  15.604156 40.668663 74.492828
v  15.604156 40.668663 77.343079
v  15.604156 33.772903 101.891975
v  15.604157 31.658197 103.271141
v  18.614586 31.290426 84.054947
v  18.614586 35.563393 53.461914
v  18.614586 37.218376 54.749115
v  18.614586 40.668663 74.492828
v  18.614586 40.668663 77.343079
v  18.614586 33.772903 101.891975
v  18.614588 31.658197 103.271141
v  19.987679 31.290426 84.054947
v  19.987679 35.563393 53.461914
v  19.987679 37.218376 54.749115
v  19.987679 40.668663 74.492828
v  19.987679 40.668663 77.343079
v  19.987679 33.772903 101.891975
v  19.987680 31.658197 103.271141
v  22.998110 31.290426 84.054947
v  22.998110 35.563393 53.461914
v  22.998110 37.218376 54.749115
v  22.998110 40.668663 74.492828
v  22.998110 40.668663 77.343079
v  22.998110 33.772903 101.891975
v  22.998112 31.658197 103.271141
v  24.371202 31.290426 84.054947
v  24.371202 35.563393 53.461914
v  24.371202 37.218376 54.749115
v  24.371202 40.668663 74.492828
v  24.371202 40.668663 77.343079
v  24.371202 33.772903 101.891975
v  24.371204 31.658197 103.271141
v  27.381634 31.290426 84.054947
v  27.381634 35.563393 53.461914
v  27.381634 37.218376 54.749115
v  27.381634 40.668663 74.492828
v  27.381634 40.668663 77.343079
v  27.381634 33.772903 101.891975
v  27.381636 31.658197 103.271141
v  28.754726 31.290426 84.054947
v  28.754726 35.563393 53.461914
v  28.754726 37.218376 54.749115
v  28.754726 40.668663 74.492828
v  28.754726 40.668663 77.343079
v  28.754726 33.772903 101.891975
v  28.754728 31.658197 103.271141
v  0.000000 14.253152 -45.430058
v  0.000000 5.694138 -119.547920
v  0.000000 16.199419 -45.760220
v  0.000000 6.142510 -119.623985
v  22.946941 14.253141 -45.430073
v  45.430031 5.694113 -119.547935
v  22.946941 16.199406 -45.760227
v  45.430031 6.142487 -119.624001
v  0.000000 6.460627 -45.430058
v  0.000000 -2.098388 -119.547920
v  0.000000 8.406893 -45.760220
v  0.000000 -1.650016 -119.623985
v  22.946941 6.460615 -45.430073
v  45.430031 -2.098412 -119.547935
v  22.946941 8.406880 -45.760227
v  45.430031 -1.650039 -119.624001
v  0.000000 -1.331899 -45.430058
v  0.000000 -9.890910 -119.547920
v  0.000000 0.614368 -45.760220
v  0.000000 -9.442540 -119.623985
v  22.946941 -1.331909 -45.430073
v  45.430031 -9.890935 -119.547935
v  22.946941 0.614357 -45.760227
v  45.430031 -9.442563 -119.624001
v  0.000000 -26.699251 104.462410
v  0.000000 12.884436 138.661194
v  0.000000 19.736689 115.330772
v  -44.191208 20.889235 87.739647
v  -44.191208 30.366934 37.051571
v  -37.341572 30.366938 37.051506
v  -37.341572 22.475368 80.249001
v  -44.191204 33.057968 15.129890
v  -44.191204 34.866096 -3.295624
v  -37.341568 33.057968 15.128439
v  -56.000195 -22.068521 70.539803
v  -72.827019 -22.068521 46.343246
v  -97.788467 -22.006620 56.599411
v  -97.711830 -22.004591 60.407997
v  -72.835884 -22.068518 -10.794762
v  -97.665916 -21.987337 -5.286800
v  -63.170261 30.206110 15.282455
v  -77.391655 24.164904 15.589926
v  -79.001541 23.688665 13.755058
v  -63.151806 31.990030 -3.218918
v  -63.162399 27.715124 36.168087
v  -77.368629 22.093275 34.287552
v  -88.399162 19.782341 13.162310
v  -90.003342 18.936090 14.795862
v  -97.783920 14.997120 14.846802
v  -97.793655 16.280279 -1.540543
v  -89.966606 17.107866 32.619907
v  -97.776482 13.465242 31.413807
v  -63.009003 18.756397 85.549171
v  -76.890060 14.234787 81.078331
v  -77.215569 18.814840 57.018272
v  -89.721321 14.225458 54.302162
v  -89.199661 10.225060 77.113617
v  -97.780334 7.934918 68.871216
v  -97.761284 10.921177 52.635231
v  -47.706917 -22.064779 110.595665
v  -55.948608 -22.065660 102.273491
v  -97.634239 -21.998335 104.362328
v  -97.552399 -21.350130 149.792847
v  -62.139584 -21.865934 183.798706
v  -82.268860 -21.481482 169.959869
v  -62.087418 -21.690916 189.955811
v  -97.958252 -21.327875 152.830139
v  -84.504662 -20.592756 169.372986
v  -62.070023 -20.986834 192.008179
v  -62.070026 -21.408953 192.008179
v  -84.504662 -21.087847 169.372986
v  -103.220108 -19.924757 142.552338
v  -99.530998 -20.247431 152.188965
v  -99.530090 -20.786539 152.079834
v  -103.220108 -20.439337 142.422302
v  -99.473854 -21.221239 150.465118
v  -103.220108 -20.845438 141.198669
v  -37.390373 3.235388 137.982513
v  -37.699341 4.915559 134.565247
v  -31.590891 4.919422 134.620789
v  -31.205589 3.176068 138.183929
v  -62.835117 11.676278 111.628792
v  -76.347519 8.066252 105.497459
v  -62.626453 3.796148 136.479767
v  -75.696480 1.213438 128.626007
v  -88.330208 4.864907 100.060219
v  -97.819633 1.840033 95.511848
v  -87.286873 -1.076891 121.661324
v  -97.882866 -3.505413 114.717522
v  -62.417786 -3.837582 158.261932
v  -75.045433 -5.419445 148.814362
v  -86.243530 -6.822229 140.436340
v  -97.951210 -8.340755 130.935303
v  -62.139561 -14.180217 185.258942
v  -62.087399 -16.450186 190.320831
v  -84.591599 -16.343855 167.926147
v  -84.852417 -14.611106 163.585632
v  -98.067589 -14.800105 149.699036
v  -98.085464 -16.253542 153.239960
v  -62.070011 -17.595881 192.008148
v  -62.070015 -18.224764 192.008148
v  -84.504654 -17.822588 169.372986
v  -84.504654 -17.258577 169.372986
v  -98.087776 -17.575418 154.524750
v  -98.091278 -17.046335 154.418945
v  -50.391850 20.889233 87.711601
v  -50.391842 30.366934 37.052677
v  -56.000156 20.356026 87.154671
v  -56.038517 29.703981 36.832241
v  -56.035858 34.147087 -3.223724
v  -56.040524 32.360779 15.056904
v  -50.391838 34.866104 -3.256569
v  -50.391838 33.057968 15.145512
v  -44.478458 -18.325308 198.189178
v  -50.391853 -18.325308 198.009613
v  -50.391850 -17.680204 198.009613
v  -44.478458 -17.680204 198.189178
v  -55.765415 -18.300173 196.404816
v  -55.765419 -17.659124 196.404816
v  -50.391846 -16.476770 196.256805
v  -44.236183 -16.476770 196.433563
v  -55.769764 -16.470125 194.670044
v  -55.852356 -3.277959 161.709137
v  -55.782803 -14.099427 189.465668
v  -50.391846 -3.091418 162.953918
v  -40.797646 -3.091419 163.077362
v  -43.528439 -14.072497 191.166840
v  -50.391846 -14.072495 190.998474
v  -39.015900 -22.060221 120.900826
v  -50.391846 5.014410 140.355713
v  -39.015881 5.014407 140.445526
v  -55.904526 4.709844 139.334534
v  -55.956692 12.953407 113.845573
v  -44.191216 14.734514 109.821297
v  -50.391850 13.379119 114.628014
v  -43.209251 14.368723 111.134148
v  -55.782829 -21.893305 187.932465
v  -43.457619 -21.880098 190.547668
v  -50.391865 -21.749296 195.867432
v  -44.191227 -21.749296 196.044189
v  -55.769775 -21.734705 194.286743
v  -55.765438 -21.060724 196.404816
v  -55.765434 -21.469160 196.404816
v  -50.391865 -21.085352 198.009613
v  -44.478466 -21.085352 198.189178
v  -44.478466 -21.489225 198.189209
v  -50.391865 -21.489225 198.009613
v  -68.410767 31.692114 -37.019474
v  -62.988983 34.551506 -38.390659
v  -55.995159 36.794655 -39.185604
v  -50.391846 37.542381 -39.575565
v  -71.280045 -22.068472 -41.082546
v  -98.117882 -21.985041 -9.970440
v  -98.106918 15.895100 -6.424545
v  -18.132689 -21.520105 -43.399174
v  -22.115019 -21.529348 -46.361492
v  -68.080063 -22.068518 -15.556316
v  -44.961918 37.285385 -119.667549
v  -50.358700 37.285385 -119.667580
v  -50.340393 36.227112 -123.481987
v  -46.151642 36.227112 -123.464806
v  -55.720749 36.579071 -118.829613
v  -55.677143 35.535034 -122.640648
v  -62.030571 34.460121 -116.315620
v  -66.107536 32.111855 -111.287560
v  -65.914803 31.196016 -114.893181
v  -61.932983 33.458824 -120.067680
v  -65.800476 29.170572 -116.142387
v  -61.870319 31.242357 -121.346855
v  -55.645599 33.223061 -123.927071
v  -50.325279 33.883301 -124.761971
v  -46.721775 33.883301 -124.736137
v  -66.180450 -21.402433 -110.619759
v  -55.772129 -21.402468 -118.052071
v  -62.096867 -21.402456 -115.573586
v  -62.035885 -20.837118 -119.800591
v  -66.028000 -20.844660 -114.636482
v  -55.756886 -20.833345 -122.383034
v  -44.191216 -21.402472 -118.891762
v  -45.390106 -20.832090 -123.247246
v  -50.391853 -20.832090 -123.244881
v  -45.716415 -20.317022 -124.067268
v  -46.755085 -19.920206 -124.699043
v  -50.391853 -19.920202 -124.699043
v  -55.748779 -19.925241 -123.829536
v  -62.003456 -19.940367 -121.221046
v  -65.946915 -19.970602 -116.004005
v  -98.087769 -20.354689 154.524750
v  -39.793625 -3.279756 142.128571
v  -30.748629 -1.352604 139.686523
v  -37.821415 -1.427629 139.676270
v  -30.190083 -6.958527 138.014496
v  -38.006439 -7.050774 137.932800
v  -25.518995 37.913757 -54.610691
v  -20.789892 37.156570 -51.869122
v  -44.174862 36.498184 -119.657143
v  -45.364731 35.439850 -123.458611
v  -45.629227 33.667419 -124.004768
v  -24.772043 37.145012 -54.832012
v  -56.000198 -26.703791 70.540199
v  0.000000 -26.703791 70.880531
v  -72.827019 -32.607506 46.343246
v  0.000000 -32.607513 -6.645267
v  -68.080063 -32.607506 -6.573711
v  -72.835762 -32.607506 -1.812157
v  -22.743778 33.057968 15.124237
v  -30.975203 36.419594 17.488461
v  -24.371819 36.419228 17.484890
v  -17.550629 36.928276 46.678516
v  -30.975603 36.939743 46.600197
v  -31.833761 36.904182 85.165993
v  0.000000 37.026085 85.214935
v  -31.812700 30.584101 106.975883
v  0.000000 -22.068525 -15.627872
v  -21.538469 37.922859 -51.590572
v  -17.646261 5.505404 160.105438
v  -15.069309 -8.316606 166.726898
v  0.000000 -11.307200 164.363342
v  -14.954770 -11.307199 164.317841
v  -29.073965 -12.106574 132.160919
v  -17.550533 30.366930 37.051304
v  -17.701220 -11.477420 162.371552
v  -28.510048 -3.279756 142.137939
v  -18.009321 -8.017188 164.876282
v  -29.073963 5.014408 140.454865
v  -20.604319 5.376461 158.265747
v  -32.148010 14.007044 111.975777
v  -25.669027 23.611761 110.346535
v  -21.168304 7.592963 155.188293
v  -36.026863 34.055717 85.052406
v  -36.086498 27.770990 107.414711
v  -33.489979 36.095291 44.759979
v  -33.818420 31.352411 80.115807
v  -33.980888 35.750389 17.250650
v  0.000000 36.920280 46.635887
v  -22.940800 25.152838 110.055580
v  -19.961708 13.877965 140.558716
v  -30.976389 33.209686 80.571594
v  -18.165413 7.777761 157.062256
v  -103.220978 7.217069 52.371017
v  -103.220909 4.677555 66.335899
v  -103.220901 -1.686287 65.744293
v  -103.220894 -21.176691 58.714466
v  -103.221024 9.544896 30.064404
v  -103.221024 -21.154863 0.936714
v  -103.221016 11.639952 3.620441
v  -103.221031 10.852511 14.504320
v  -103.220741 -1.188097 92.533905
v  -103.220566 -5.194036 107.655220
v  -103.220566 -21.173498 101.566063
v  -103.220726 -6.321844 90.917702
v  -103.220345 -9.170636 121.948997
v  -103.220108 -16.523214 142.422272
v  -103.220108 -17.000742 142.552338
v  -103.220108 -15.831622 141.383270
v  -103.220108 -14.586093 138.266296
v  -103.220116 -20.797735 137.527832
v  0.000000 33.209198 80.585632
v  -31.050222 29.646147 108.233650
v  -35.240410 27.007040 108.756340
v  -55.951168 -26.701075 95.598793
v  -47.706757 -26.700045 103.920998
v  -100.222946 -21.768393 57.581757
v  -100.283676 -21.756002 59.739647
v  -99.834442 -21.824202 -3.849285
v  -99.928185 13.612743 14.794649
v  -99.793335 14.909424 -0.530735
v  -100.039597 12.077836 30.979595
v  -100.117340 6.735715 67.903748
v  -100.146004 9.552769 52.371571
v  -100.171036 -21.772299 103.652580
v  -99.075935 -21.254381 147.435089
v  -98.091270 -20.893808 154.418976
v  -99.792366 -4.027514 112.819130
v  -99.960381 1.031491 93.745010
v  -99.672096 -8.586341 128.818878
v  -99.553551 -14.785525 147.388031
v  -99.536308 -16.197157 150.906006
v  -99.531487 -17.491739 152.187683
v  -99.530754 -16.971083 152.078094
v  -99.577599 -21.874380 -7.627754
v  -99.578575 14.955889 -4.284687
v  -16.235634 13.886290 140.563110
v  -10.987344 23.828117 113.666389
v  -13.554486 23.126659 115.560204
v  -18.260408 14.773726 138.151367
v  0.000000 23.827551 113.681297
v  -12.565105 19.164318 117.253242
v  -16.839369 13.589640 136.184113
v  -9.999004 19.736040 115.316109
v  -14.813277 12.867196 138.651093
v  -77.922318 17.180185 33.541977
v  -86.904694 13.573853 32.180206
v  -86.883911 13.977131 25.482555
v  -85.269455 14.750528 23.817173
v  -79.495224 17.149757 24.088188
v  -77.892868 17.699928 25.903732
v  -77.502815 11.387156 80.313362
v  -86.858009 8.578485 76.697304
v  -86.761604 11.602932 53.865761
v  -77.884102 14.898952 56.258469
v  -76.799072 6.308903 104.811577
v  -86.857483 4.213208 99.721237
v  -102.052742 -0.083520 66.497284
v  -102.149460 -4.604034 91.436958
v  -38.289997 7.087883 133.870422
v  -37.852615 4.990310 140.382690
v  -29.955914 -3.306449 142.169586
v  -30.515846 4.937041 140.539917
v  -38.347965 -3.331754 142.157532
v  -31.347193 7.087926 133.946228
v  -102.210800 -19.544550 38.591511
v  -69.031609 -19.369669 -40.337833
v  -138.528442 -18.956553 -50.942684
v  -139.088516 -19.069960 12.444468
v  -65.658516 -16.449724 -112.994148
v  -65.658516 27.811876 -112.994164
v  -139.088516 -2.110219 -91.138771
v  -130.137390 -16.449724 -93.802925
v  -65.741653 31.538809 -109.231117
v  -67.157005 30.905600 -39.260883
v  -139.088516 1.377367 -70.135231
v  -139.088516 1.604356 -87.374962
v  -102.463493 -3.363384 43.333076
v  -102.463493 -18.944735 39.313992
v  -139.088516 -18.472811 13.232262
v  -139.088516 -16.232431 13.856529
v  -65.734993 -18.355322 -111.113792
v  -130.137390 -18.360258 -91.924049
v  -101.977928 -0.238022 3.212074
v  -102.043694 -2.588465 43.064541
v  -139.088516 -15.590943 13.403616
v  -139.088516 -12.897805 -25.285954
v  -67.347343 30.105352 -34.727726
v  -101.137482 0.491450 1.338326
v  -139.088516 -12.428931 -27.601109
v  -139.088516 0.589447 -65.590279
v  -157.964905 -21.325262 29.923420
v  -162.469894 -21.238390 11.028612
v  -172.634109 -20.324110 10.193430
v  -167.954407 -20.497850 28.176407
v  -164.018677 -21.089029 -7.252281
v  -174.273590 -20.170450 -7.552078
v  -177.716263 -19.167322 9.775717
v  -172.949203 -19.445292 27.302851
v  -179.396805 -18.921465 -7.713989
v  -164.078720 -21.096991 -14.842667
v  -174.335236 -20.111059 -15.029709
v  -179.461472 -18.826536 -15.129154
v  -179.238953 -16.541117 -21.573570
v  -179.184525 -16.639078 -15.410686
v  -177.751160 -17.682810 -15.375839
v  -177.805756 -17.609964 -21.556786
v  -179.410263 -16.618860 9.636106
v  -174.614136 -17.087923 27.011482
v  -174.614136 -18.273382 27.011583
v  -179.410248 -17.891180 9.636326
v  -181.104507 -16.203978 -7.768528
v  -181.104507 -17.553125 -7.768185
v  -173.072617 -18.713755 -21.517708
v  -173.017990 -18.759893 -15.282307
v  -138.287064 -20.115152 -14.059715
v  -138.312607 -20.100069 -20.821415
v  -134.318420 -21.821737 32.834980
v  -135.599289 -21.786982 12.420454
v  -136.201538 -21.756243 -6.689724
v  -127.805305 3.032994 -125.697472
v  -131.727737 -0.157423 -122.960228
v  -118.552940 6.886290 -132.201782
v  -134.634628 -3.474574 -120.930962
v  -135.619904 -7.746297 -120.239128
v  -121.687897 -5.796924 -130.027313
v  -121.669685 -2.918530 -130.044525
v  -135.610779 -5.916675 -120.247719
v  -114.071159 -9.455874 -135.631866
v  -114.027184 3.177978 -135.703705
v  -114.165047 8.655987 -135.551239
v  -150.818741 -5.102847 33.904385
v  -152.453873 -3.202242 14.692760
v  -135.599289 1.953216 17.673952
v  -134.318390 -0.439173 38.721241
v  -153.261612 -1.838174 -4.852104
v  -136.201614 3.750915 -2.817200
v  -153.324982 -1.411397 -12.912628
v  -136.247650 4.361806 -11.543545
v  -122.440842 -21.676943 105.385094
v  -132.911911 -21.469496 93.828850
v  -136.467224 -21.182756 93.913872
v  -122.505539 -21.398664 111.797905
v  -139.060287 -20.676981 93.789398
v  -123.650612 -20.977121 113.960228
v  -109.360390 -21.195032 115.869469
v  -110.924370 -21.602560 115.895088
v  -110.937935 -21.364672 123.927071
v  -109.360306 -20.973063 123.606041
v  -110.956627 -21.014769 128.103394
v  -109.360306 -20.646547 127.599510
v  -139.924622 -19.208792 93.747932
v  -124.032303 -19.701090 114.681007
v  -124.032303 -20.402658 114.681007
v  -139.924622 -20.001520 93.747932
v  -112.325249 -20.051035 129.263580
v  -112.328812 -20.687719 129.106415
v  -112.334114 -21.192904 127.683784
v  -148.058640 -7.650571 52.369095
v  -162.096161 -11.300345 46.326706
v  -167.954407 -10.146712 29.353001
v  -144.368256 -9.982957 68.149841
v  -154.729202 -12.457984 62.483818
v  -166.945358 -12.906899 43.923267
v  -172.949203 -12.131017 27.596491
v  -159.207550 -13.687926 59.838394
v  -138.718521 -12.008965 83.607735
v  -132.911865 -12.996623 94.923409
v  -136.467209 -14.119870 94.420906
v  -146.493698 -13.455007 78.144432
v  -139.060257 -14.995681 93.916191
v  -150.208939 -14.407094 76.162956
v  -139.924622 -16.025610 93.747932
v  -151.447357 -15.422750 75.502480
v  -151.447357 -14.964078 75.502480
v  -139.924606 -15.544885 93.747932
v  -160.700363 -14.785691 58.956612
v  -160.700333 -14.332858 58.956612
v  -168.561768 -14.141839 43.122177
v  -174.614166 -13.518600 27.011099
v  -174.614136 -13.044454 27.011034
v  -168.561768 -13.682542 43.122154
v  -152.397736 -21.420340 48.435417
v  -132.183548 -21.859781 53.748352
v  -144.368301 -21.491594 66.017532
v  -129.181793 -21.870081 73.870872
v  -112.624329 -22.048101 59.217270
v  -112.458847 -22.045115 50.725307
v  -112.567268 -22.033014 81.950645
v  -138.718536 -21.506979 82.122856
v  -125.300278 -21.821611 91.912949
v  -112.400162 -21.815485 115.291847
v  -112.465363 -21.964796 102.045647
v  -125.300255 -9.970113 94.713715
v  -122.440819 -12.540109 106.869987
v  -129.181793 -6.869376 78.093254
v  -112.444595 -8.053796 105.496407
v  -112.382423 -11.796363 117.347710
v  -112.505180 -3.445535 88.827065
v  -132.183517 -3.536218 59.145058
v  -112.444038 4.446617 56.959854
v  -112.543793 1.752773 68.856316
v  -179.249985 -11.861138 -21.583996
v  -178.624176 -11.251735 -21.552128
v  -178.558701 -11.428395 -15.330002
v  -179.190857 -12.025664 -15.421131
v  -154.081955 -2.715667 -20.103626
v  -154.017014 -3.038552 -13.358829
v  -172.634109 -9.161710 11.242805
v  -177.716263 -11.427276 10.037043
v  -174.273651 -8.339232 -6.779507
v  -179.396851 -10.807221 -7.522343
v  -179.410263 -12.943364 9.635340
v  -179.410263 -12.449912 9.635204
v  -181.104538 -12.429917 -7.769646
v  -181.104538 -11.914723 -7.769844
v  -135.630386 -13.047618 -120.229195
v  -135.630615 -14.609599 -120.228981
v  -118.645500 -18.609911 -132.114288
v  -134.667374 -16.191751 -120.899986
v  -131.777390 -17.571386 -122.913307
v  -127.869041 -18.458715 -125.637215
v  -124.032303 -16.043951 114.681007
v  -124.032303 -16.566874 114.681007
v  -123.650589 -15.384953 114.117180
v  -112.328781 -16.374376 129.106445
v  -112.325241 -16.939508 129.263580
v  -112.332870 -15.574605 127.894249
v  -122.505524 -14.281030 112.425636
v  -112.346703 -14.158774 124.272346
v  -151.447372 -19.571878 75.502480
v  -151.447372 -18.681505 75.502480
v  -150.208969 -20.372896 76.006035
v  -160.700333 -19.129881 58.956657
v  -160.700363 -18.139063 58.956657
v  -159.207565 -20.064016 59.623112
v  -146.493729 -21.021009 77.516670
v  -154.729202 -20.870420 61.622520
v  -162.096161 -20.687986 45.247635
v  -166.945358 -19.749506 43.653709
v  -168.561768 -17.601263 43.122326
v  -168.561768 -18.691664 43.122364
v  -163.820419 -21.083021 -25.779327
v  -158.206909 -20.950388 -44.849903
v  -167.057251 -19.806143 -46.788525
v  -174.023178 -20.020639 -25.851707
v  -171.401520 -18.378260 -47.712444
v  -179.122208 -18.686285 -25.886902
v  -153.128021 -14.215751 -102.598305
v  -158.890121 -14.548074 -86.639732
v  -158.870621 -16.148050 -86.693642
v  -153.128006 -15.864259 -102.598412
v  -157.676086 -17.830667 -86.512489
v  -151.689423 -17.591822 -103.436134
v  -138.742584 -20.490507 -110.975395
v  -146.584656 -20.675791 -84.333778
v  -130.655350 -21.652967 -84.631081
v  -153.111923 -0.827216 -24.279617
v  -150.913803 -0.546554 -37.580708
v  -136.153824 5.166053 -23.543350
v  -180.821732 -11.937915 -25.899883
v  -172.915604 -11.324576 -47.796093
v  -172.922470 -10.687654 -47.777134
v  -180.821777 -11.392465 -25.899853
v  -171.488388 -9.410441 -47.401272
v  -179.123199 -10.210816 -25.782360
v  -138.733765 1.008649 -111.284401
v  -150.652252 -3.100039 -82.168922
v  -152.039642 -4.026173 -84.854973
v  -147.370529 -4.275912 -106.072136
v  -154.202240 -5.126170 -85.403633
v  -157.790588 -7.974469 -86.188347
v  -151.688873 -7.334815 -103.466087
v  -124.339119 8.289697 -119.971626
v  -137.205643 1.017490 -116.335716
v  -123.083008 8.451036 -125.688835
v  -135.312622 1.203500 -119.689003
v  -121.786140 8.261855 -129.048065
v  -109.360382 12.859911 -125.005104
v  -112.203835 14.018167 -125.953087
v  -112.257385 13.352701 -131.032104
v  -109.360291 12.283273 -129.497314
v  -112.276337 12.359532 -134.147461
v  -109.360199 11.391939 -132.387787
v  -119.788231 8.068247 -131.297089
v  -131.924103 1.986271 -122.774651
v  -114.163628 10.832977 -135.397583
v  -114.188835 12.145262 -134.146240
v  -145.679214 -4.217682 -110.723900
v  -149.916000 -7.248622 -107.917992
v  -143.436920 -3.872513 -114.069344
v  -147.504578 -6.888717 -111.256691
v  -153.128296 -8.921531 -102.597496
v  -153.128265 -9.789523 -102.597679
v  -151.328186 -9.685603 -106.982811
v  -151.328217 -8.822278 -106.982735
v  -148.862106 -9.462510 -110.317589
v  -148.861176 -8.520452 -110.318459
v  -144.148331 -7.667949 -114.206230
v  -144.151993 -8.892118 -114.202782
v  -142.918900 -5.794735 -115.067818
v  -139.239258 -2.731161 -117.644432
v  -151.328094 -15.673451 -106.983101
v  -151.328094 -14.066049 -106.983070
v  -149.917664 -17.351683 -107.904640
v  -148.863129 -15.434825 -110.316673
v  -148.863113 -13.874557 -110.316673
v  -147.510269 -17.048792 -111.248375
v  -147.373825 -19.200045 -105.949242
v  -137.223969 -20.159925 -116.198112
v  -145.686432 -18.910574 -110.669121
v  -135.344284 -19.696623 -119.629005
v  -143.451630 -18.528002 -114.043465
v  -139.267197 -18.038828 -117.617973
v  -131.973236 -19.081995 -122.728203
v  -142.934021 -16.658533 -115.053505
v  -144.156158 -13.561627 -114.198830
v  -144.156281 -15.097247 -114.198738
v  -124.357269 -21.264807 -119.352318
v  -123.119865 -20.909567 -125.413094
v  -114.355705 -21.523024 -124.832451
v  -114.336693 -21.148844 -130.569580
v  -121.845253 -20.378809 -128.931946
v  -114.300430 -20.575220 -133.931549
v  -119.869476 -19.631876 -131.220306
v  -109.360107 -16.566103 -133.818665
v  -112.322197 -18.118593 -135.579987
v  -112.339745 -19.240400 -135.388611
v  -109.360146 -17.582521 -133.561493
v  -112.347916 -20.054121 -134.041412
v  -109.360214 -18.303396 -132.236023
v  -114.255753 -18.618422 -135.415070
v  -158.942078 -10.240546 -86.496162
v  -109.361061 3.162488 62.845196
v  -111.426231 4.386269 58.291874
v  -111.447617 -21.961779 52.090832
v  -109.361046 -21.392958 57.187496
v  -136.246994 -21.744303 -14.500931
v  -131.989517 6.215735 -79.471077
v  -114.343361 14.116455 -84.069923
v  -114.440605 -21.931108 -90.431450
v  -114.224106 13.893436 -125.774529
v  -109.360382 -19.096891 -124.172203
v  -112.284714 -20.925375 -125.101479
v  -112.492203 -21.433268 -91.608788
v  -109.360878 -19.403399 -94.612892
v  -109.360298 -18.789274 -129.127869
v  -109.360092 10.333986 -133.653992
v  -109.360085 8.301179 -133.921417
v  -109.361008 12.509132 -88.855019
v  -109.361000 0.883702 72.680870
v  -109.360992 -21.395437 63.386036
v  -109.360840 -3.998038 91.108116
v  -109.360809 -21.381849 84.483818
v  -109.360390 -11.914519 117.858894
v  -109.360580 -8.324122 106.658058
v  -109.360580 -21.323172 103.421806
v  -109.360306 -16.842379 129.103424
v  -109.360306 -16.322882 128.930634
v  -109.360306 -20.204756 128.930634
v  -109.360306 -19.644957 129.103424
v  -109.360306 -15.570508 127.800362
v  -109.360306 -14.215516 124.409431
v  -112.352379 -21.563017 123.435204
v  -110.956848 -19.924295 129.662262
v  -110.962257 -20.534082 129.499908
v  -111.322502 -21.931704 60.194996
v  -111.133575 -21.865297 82.907204
v  -110.970375 -21.755983 102.867455
v  -110.932121 -8.083327 106.267265
v  -110.898972 -11.810578 117.936592
v  -111.092262 -3.494983 89.809372
v  -111.289124 1.741474 69.932007
v  -110.947433 -16.366999 129.494598
v  -110.946594 -16.917685 129.658661
v  -110.938133 -15.579291 128.305359
v  -110.916618 -14.174504 124.751060
v  -112.324059 -11.208327 -135.628265
v  -112.295464 4.914093 -135.665619
v  -112.244705 8.930738 -135.618561
v  -114.211037 13.164520 -131.018585
v  -112.263245 11.107529 -135.421906
v  -112.331589 -20.598005 -130.687988
v  -114.271660 -19.744036 -135.251770
v  -112.537270 14.258762 -85.209923
v  -164.134155 -21.104334 -21.849178
v  -174.392151 -20.056242 -21.932140
v  -179.521133 -18.738913 -21.973915
v  -180.821533 -17.232824 -25.898632
v  -181.230789 -17.302210 -21.988235
v  -153.383484 -1.017448 -20.353111
v  -136.290146 4.925706 -19.598629
v  -181.230881 -12.045491 -21.990330
v  -181.230881 -11.510859 -21.990604
v  -179.521332 -10.345971 -21.871174
v  -174.025925 -7.593379 -25.429428
v  -174.392609 -7.751990 -21.512379
v  -180.821579 -15.812957 -25.898933
v  -181.230804 -15.896028 -21.988796
v  -136.288940 -21.733282 -21.711277
v  -136.117920 -21.727762 -25.660480
v  -154.063873 -19.406046 -85.841576
v  -172.865585 -15.354100 -47.933582
v  -172.846741 -16.838728 -47.985493
v  -158.950455 -9.441009 -86.472862
v  -162.671295 -5.130948 -45.233250
v  -160.018753 -4.308401 -46.897282
v  -167.109879 -6.732623 -46.353130
v  -161.916626 -22.804102 -46.972004
v  -149.711700 -21.984232 -84.320610
v  -163.236755 -18.276133 -86.926094
v  -176.169617 -18.999327 -50.247639
v  -164.326355 -16.697798 -87.178825
v  -177.503113 -17.446760 -50.584354
v  -177.544052 -9.882432 -50.331738
v  -164.390610 -8.844731 -86.927727
v  -163.371948 -7.421887 -86.609718
v  -176.089493 -8.363618 -49.866825
v  -165.541168 -3.422522 -49.436665
v  -168.217026 -4.450138 -47.802570
v  -156.037094 -3.672862 -85.039467
v  -154.759384 -2.707376 -82.463997
v  -143.695404 0.375124 -81.260628
v  -181.170181 -16.043844 -15.163067
v  -181.170166 -17.422651 -15.162609
v  -138.306229 -10.503915 -20.507481
v  -138.278641 -10.965375 -13.665726
v  -181.170242 -11.704713 -15.164642
v  -181.170242 -12.230016 -15.164402
v  -179.461578 -10.567370 -14.983734
v  -174.335510 -8.033868 -14.440601
v  -33.727364 4.729347 -44.129856
v  -62.494171 -8.788512 -130.257263
v  -62.494179 21.047068 -130.257263
v  -33.834084 9.738684 -44.904072
v  0.000000 -3.934152 -42.790859
v  0.000000 -20.091928 -130.257263
v  -53.822372 -20.091928 -130.257263
v  -26.155634 -3.934150 -42.790867
v  -63.972412 -9.842528 -141.096924
v  -63.972244 21.793821 -141.095673
v  0.000000 -21.785910 -141.125916
v  -55.799892 -21.783018 -141.107422
v  -25.282398 32.350479 -130.257263
v  -26.644529 33.732834 -141.097443
v  0.000000 33.736206 -141.123962
v  0.000000 32.350479 -130.257263
v  -60.940182 -7.361106 -144.408569
v  -54.942631 -5.186269 -153.403687
v  -54.942635 17.785238 -153.403687
v  -60.940182 19.960073 -144.408569
v  0.000000 -17.909552 -144.618500
v  0.000000 -15.785468 -153.403687
v  -46.811081 -15.785474 -153.403687
v  -52.808640 -17.960306 -144.408569
v  0.000000 30.508516 -144.618500
v  -26.355589 30.523943 -144.554718
v  -23.405527 28.384439 -153.403687
v  0.000000 28.384451 -153.403687
v  -33.289268 3.377872 -43.920979
v  -28.564806 -2.659023 -42.987934
v  -56.391609 -18.704763 -130.257263
v  -61.429958 -12.137431 -130.257263
v  -61.429958 24.395987 -130.257263
v  -56.391613 30.963320 -130.257263
v  -28.564804 18.819006 -46.096867
v  -33.289268 11.419375 -45.163837
v  -58.221180 -20.317392 -141.104736
v  -62.969482 -13.379901 -141.098633
v  -62.969265 25.331110 -141.097107
v  -58.220840 32.268318 -141.102722
v  -55.217808 -16.659563 -144.408569
v  -49.220257 -14.484729 -153.403687
v  -53.944717 -8.326547 -153.403687
v  -59.942268 -10.501382 -144.408569
v  -55.217812 29.258535 -144.408569
v  -59.942276 23.100351 -144.408569
v  -53.944721 20.925516 -153.403687
v  -49.220261 27.083696 -153.403687
v  -53.822376 32.350487 -130.257263
v  -55.799519 33.733833 -141.105316
v  -52.808643 30.559282 -144.408569
v  -46.811085 28.384443 -153.403687
v  -26.155630 20.094131 -46.293941
v  -15.081850 26.696905 -92.370308
v  -19.648518 20.094133 -46.293941
v  -50.373459 -3.529396 -160.256500
v  -50.373466 16.128366 -160.256500
v  0.000000 -14.128592 -160.256500
v  -42.241917 -14.128598 -160.256500
v  -44.651085 -12.827853 -160.256500
v  -49.375546 -6.669672 -160.256500
v  -49.375553 19.268641 -160.256500
v  -44.651089 25.426825 -160.256500
v  -42.241920 26.727571 -160.256500
v  -28.914873 26.727568 -160.256500
v  -63.423592 -9.382852 -142.540283
v  -63.390625 21.432211 -142.565125
v  0.000000 -20.982748 -142.639587
v  -55.369362 -21.175104 -142.482147
v  -55.331390 33.188202 -142.510712
v  -26.655521 32.980614 -142.692139
v  -62.447937 -12.868863 -142.523560
v  -57.768902 -19.724096 -142.489380
v  -57.731010 31.741392 -142.517914
v  -62.412312 24.907232 -142.550385
v  0.000000 32.983910 -142.703156
v  -60.683285 19.965714 -141.883484
v  -60.683281 -7.366744 -141.883484
v  -32.490822 4.051363 -44.237576
v  -32.527519 10.677104 -45.480335
v  -53.313061 -16.945936 -141.957733
v  0.000000 -16.914473 -141.985687
v  0.000000 -2.637747 -42.915470
v  -25.997936 -2.663393 -42.962360
v  -26.003160 16.310694 -46.411419
v  0.000000 16.285793 -46.364529
v  0.000000 29.513445 -141.985565
v  -53.313171 29.544882 -141.957672
v  -54.133347 17.576435 -152.834381
v  -54.133343 -4.977464 -152.834381
v  -60.052925 -7.130523 -143.977081
v  -60.052929 19.729492 -143.977081
v  -46.630421 -14.559190 -153.108734
v  0.000000 -14.500838 -153.220856
v  0.000000 -16.615374 -144.480957
v  -52.607132 -16.715876 -144.179108
v  -23.405527 27.099813 -153.220856
v  -52.607296 29.314768 -144.179230
v  0.000000 29.214319 -144.481049
v  0.000000 27.099821 -153.220856
v  -55.370552 -15.848184 -141.914764
v  -28.041641 -1.599762 -43.253696
v  -59.829514 -10.047870 -141.889496
v  -28.068207 15.226105 -46.305050
v  -55.370556 28.447153 -141.914764
v  -59.829517 22.646841 -141.889496
v  -53.249825 -7.716317 -152.853516
v  -48.731724 -13.516932 -152.940247
v  -54.691509 -15.645780 -144.058105
v  -59.183117 -9.843114 -143.992218
v  -53.249828 20.315287 -152.853516
v  -59.183121 22.442083 -143.992218
v  -54.691517 28.244753 -144.058105
v  -48.731724 26.115900 -152.940216
v  -46.630421 27.158159 -153.108704
v  -49.563290 15.924788 -159.687347
v  -49.563286 -3.325818 -159.687347
v  -42.119518 -12.876811 -159.996765
v  0.000000 -12.843963 -160.073669
v  -48.689091 -6.039344 -159.709106
v  -44.192116 -11.824409 -159.807709
v  -44.192120 24.423380 -159.807709
v  -48.689095 18.638315 -159.709106
v  -42.119518 25.475782 -159.996765
v  -28.914873 25.442942 -160.073700
v  0.000000 31.042475 -92.483253
v  0.000000 35.987801 -44.702351
v  -15.426742 35.987808 -44.702351
v  -11.244270 31.439627 -88.867836
v  -7.115897 31.042479 -92.483253
v  -10.065228 27.398607 -96.799538
v  -13.453452 30.068720 -90.487267
v  -17.306427 34.029411 -44.898464
v  0.000000 27.398603 -96.799522
v  0.000000 29.778349 -94.949272
v  -8.539528 29.736956 -94.968468
v  -26.779926 41.041016 -44.867474
v  -24.573235 41.235992 -42.667912
v  -24.577665 43.384567 -17.754261
v  -26.786736 43.579575 -15.555466
v  -33.638168 43.579575 -15.555466
v  -35.847301 43.384590 -17.754261
v  -35.851788 41.235992 -42.667912
v  -33.645046 41.041031 -44.867474
v  -23.327757 37.117699 -43.894520
v  -23.327723 35.087234 -13.382889
v  -25.663790 35.285294 -11.055389
v  -34.761105 35.285294 -11.055389
v  -37.097202 35.087234 -13.382889
v  -37.097233 37.117722 -43.894520
v  -34.761131 36.919647 -46.222126
v  -25.663816 36.919632 -46.222347
v  -35.144180 42.576813 -22.477055
v  -34.194256 42.336899 -25.390644
v  -33.410492 46.699409 -25.178673
v  -34.175438 46.892593 -22.832527
v  -31.707344 42.188622 -27.191505
v  -31.407999 46.580009 -26.628666
v  -28.633348 42.188622 -27.191505
v  -28.932713 46.580009 -26.628666
v  -26.146425 42.336899 -25.390644
v  -26.930166 46.699409 -25.178673
v  -25.196526 42.576813 -22.477055
v  -26.165255 46.892593 -22.832527
v  -26.146425 42.816704 -19.563354
v  -26.930161 47.085777 -20.486164
v  -28.633327 42.964981 -17.762600
v  -28.932673 47.205162 -19.036282
v  -31.707323 42.964981 -17.762600
v  -31.407986 47.205185 -19.036282
v  -34.194256 42.816704 -19.563354
v  -33.410511 47.085793 -20.486164
v  -33.102596 45.699295 -22.734226
v  -32.542568 45.557861 -24.451923
v  -31.076435 45.470451 -25.513634
v  -29.264223 45.470451 -25.513634
v  -27.798101 45.557861 -24.451923
v  -27.238104 45.699295 -22.734226
v  -27.798101 45.840736 -21.016525
v  -29.264223 45.928116 -19.954811
v  -31.076435 45.928116 -19.954811
v  -32.542568 45.840736 -21.016525
v  -33.017628 46.722855 -24.894073
v  -33.689743 46.892593 -22.832527
v  -31.257904 46.617928 -26.168304
v  -29.082777 46.617928 -26.168304
v  -27.323044 46.722855 -24.894073
v  -26.650896 46.892593 -22.832527
v  -27.323044 47.062370 -20.770767
v  -29.082764 47.167259 -19.496532
v  -31.257883 47.167259 -19.496532
v  -33.017624 47.062370 -20.770767
v  -86.360046 -2.978584 -116.167763
v  -84.365692 -5.479467 -116.167763
v  -81.483696 -6.867335 -116.167763
v  -78.284958 -6.867335 -116.167763
v  -75.402962 -5.479467 -116.167763
v  -73.408562 -2.978584 -116.167763
v  -72.696793 0.140003 -116.167763
v  -73.408562 3.258561 -116.167763
v  -75.402962 5.759417 -116.167763
v  -78.284958 7.147311 -116.167763
v  -81.483696 7.147311 -116.167763
v  -84.365692 5.759417 -116.167763
v  -86.360046 3.258561 -116.167763
v  -87.071861 0.140003 -116.167763
v  -89.798836 4.914530 -121.477898
v  -90.888527 0.140003 -121.477898
v  -90.182343 0.140003 -121.477821
v  -89.162544 4.608106 -121.477821
v  -89.798836 -4.634576 -121.477898
v  -89.162544 -4.328176 -121.477821
v  -86.745361 -8.463470 -121.477898
v  -86.305016 -7.911326 -121.477821
v  -82.333054 -10.588353 -121.477898
v  -82.175835 -9.899831 -121.477821
v  -77.435654 -10.588353 -121.477898
v  -77.592819 -9.899831 -121.477821
v  -73.023300 -8.463470 -121.477898
v  -73.463638 -7.911326 -121.477821
v  -69.969872 -4.634576 -121.477898
v  -70.606110 -4.328176 -121.477821
v  -68.880081 0.140003 -121.477898
v  -69.586311 0.140003 -121.477821
v  -69.969872 4.914530 -121.477898
v  -70.606110 4.608145 -121.477821
v  -73.023300 8.743465 -121.477898
v  -73.463638 8.191323 -121.477821
v  -77.435654 10.868395 -121.477898
v  -77.592819 10.179833 -121.477821
v  -82.333054 10.868395 -121.477898
v  -82.175835 10.179833 -121.477821
v  -86.745361 8.743465 -121.477898
v  -86.305016 8.191323 -121.477821
v  -94.434669 7.147054 -103.400017
v  -96.034103 0.140002 -103.400017
v  -89.953537 12.766354 -103.400017
v  -83.477982 15.884825 -103.400017
v  -76.290672 15.884825 -103.400017
v  -69.815117 12.766354 -103.400017
v  -65.333923 7.147054 -103.400017
v  -63.734612 0.140002 -103.400017
v  -65.333923 -6.867125 -103.400017
v  -69.815117 -12.486377 -103.400017
v  -76.290672 -15.604838 -103.400017
v  -83.477982 -15.604838 -103.400017
v  -89.953537 -12.486377 -103.400017
v  -94.434731 -6.867125 -103.400017
v  -96.400711 -8.990968 -110.848244
v  -102.537903 -8.990966 -127.956551
v  -102.537903 11.245877 -127.956551
v  -96.400711 11.245876 -110.848244
v  -110.866714 8.373064 -197.739349
v  -109.691513 8.373290 -189.215149
v  -109.691513 -6.118662 -189.215149
v  -110.866714 -6.117997 -197.739349
v  -101.294083 -8.990966 -135.454987
v  -103.853279 -7.491553 -165.030823
v  -103.853279 9.746470 -165.030823
v  -101.294151 11.245877 -135.454834
v  -97.716705 -16.343699 -120.861504
v  -101.294083 -16.343699 -135.454956
v  -97.716705 -8.990966 -120.861504
v  -101.294151 18.598629 -135.454834
v  -97.716705 18.598604 -120.861504
v  -97.716705 11.245876 -120.861504
v  -103.853279 16.009663 -165.030823
v  -107.697304 8.817744 -183.170624
v  -103.853279 -13.754731 -165.030823
v  -107.697304 -6.562775 -183.170624
v  -109.905251 13.484880 -193.589935
v  -108.801201 8.373294 -188.380280
v  -109.905251 8.373133 -193.589935
v  -109.905251 -11.229897 -193.589935
v  -108.801201 -6.118735 -188.380280
v  -96.228287 18.598619 -136.046906
v  -96.228287 -16.343699 -136.046906
v  -92.357513 -8.990966 -117.780357
v  -92.357498 11.245876 -117.780373
v  -106.277931 -6.562775 -183.471466
v  -106.277931 8.817744 -183.471466
v  -107.381912 8.373294 -188.681091
v  -107.381912 -6.118735 -188.681091
v  -102.433907 9.746470 -165.331665
v  -102.433907 -7.491553 -165.331665
v  -92.357513 -16.343699 -117.780357
v  -92.357498 18.598627 -117.780373
v  -102.433907 16.009663 -165.331665
v  -102.433907 -13.754731 -165.331665
v  -108.485825 13.484880 -193.890747
v  -108.485825 -11.229897 -193.890747
v  -108.485825 -6.117997 -193.890747
v  -94.689590 11.245876 -110.579994
v  -94.689590 -8.990968 -110.579979
v  -109.295517 -6.117997 -198.189209
v  -109.295517 8.373064 -198.189209
v  -94.932678 -16.343740 -117.534401
v  -94.932678 -8.991023 -117.534401
v  -94.477127 18.598585 -117.272560
v  -94.477127 11.245876 -117.272560
v  -108.485825 8.373133 -193.890747
v  -109.905251 -6.117997 -193.589935
v  -103.748596 -16.363447 -163.591492
v  -101.313522 -18.812151 -135.620209
v  -96.247513 -18.812231 -136.211548
v  -102.130928 -16.363665 -163.905457
v  -101.313522 21.067062 -135.620209
v  -103.748596 18.618372 -163.591492
v  -102.130928 18.618608 -163.905457
v  -96.247513 21.067156 -136.211548
v  -106.961090 8.373290 -189.811859
v  -106.961090 -6.118662 -189.811859
v  -102.809532 7.800115 -136.868439
v  -104.133324 7.803651 -136.556793
v  -112.553368 5.335067 -172.297882
v  -112.103088 5.333835 -172.474884
v  -102.844421 -5.660947 -136.863037
v  -112.125099 -3.174953 -172.471588
v  -112.575317 -3.173724 -172.294403
v  -104.168182 -5.657379 -136.551544
v  -101.155357 -2.248399 -134.076996
v  -106.411781 -2.241809 -151.710846
v  -106.416893 -4.206516 -151.709961
v  -101.160370 -4.213099 -134.076080
v  -107.849136 -2.237420 -150.029022
v  -107.854164 -4.202127 -150.028137
v  -104.887856 -2.236392 -128.204803
v  -104.892975 -4.201118 -128.204071
v  -102.575676 -2.240471 -123.434349
v  -102.580719 -4.205213 -123.433525
v  -99.919975 -2.247056 -122.697243
v  -99.925087 -4.211776 -122.696419
v  -101.138435 4.284004 -134.079559
v  -101.133377 6.248715 -134.080261
v  -106.389824 6.255321 -151.714050
v  -106.394882 4.290575 -151.713470
v  -107.827110 6.259702 -150.032318
v  -107.832115 4.294960 -150.031433
v  -104.865883 6.260715 -128.208282
v  -104.870987 4.296011 -128.207397
v  -102.553680 6.256633 -123.437614
v  -102.558800 4.291910 -123.436882
v  -99.898026 6.250059 -122.700554
v  -99.903152 4.285370 -122.699760
v  -93.806183 -3.144121 -105.782265
v  -96.283325 -3.144121 -106.523872
v  -96.283325 3.784449 -106.523872
v  -93.806183 3.784449 -105.782265
v  -101.123596 -3.144121 -112.811073
v  -101.123596 3.784449 -112.811073
v  -99.598396 -3.144121 -117.905617
v  -99.598396 3.784449 -117.905617
v  -90.904968 -3.144121 -115.303032
v  -90.904968 3.784449 -115.303032
v  -100.729111 16.735655 -93.194572
v  -91.486221 20.571497 -97.131096
v  -93.046997 25.049868 -94.790642
v  -101.257111 21.642557 -91.293831
v  -81.647636 24.609278 -95.536720
v  -84.307396 28.636583 -93.374352
v  -73.849716 27.767076 -88.838661
v  -77.380676 31.441549 -87.424629
v  -70.181900 29.198721 -78.831657
v  -74.122673 32.713264 -78.535591
v  -71.626923 28.520636 -68.197014
v  -75.406296 32.110924 -69.089119
v  -77.797707 25.914495 -59.784313
v  -80.887726 29.795931 -61.616299
v  -87.040794 22.078571 -55.847767
v  -89.098007 26.388609 -58.119602
v  -96.879333 18.040804 -57.442173
v  -97.837334 22.801947 -59.535801
v  -104.677330 14.883057 -64.140236
v  -104.764198 19.996973 -65.485512
v  -108.345123 13.451391 -74.147240
v  -108.022110 18.725254 -74.374596
v  -106.899902 14.129507 -84.781914
v  -106.738480 19.327602 -83.821083
v  -100.865166 22.919775 -90.138008
v  -93.290024 26.063429 -93.364204
v  -85.226830 29.372576 -92.057503
v  -78.836151 31.960508 -86.568214
v  -75.830170 33.133812 -78.367043
v  -77.014519 32.578087 -69.651619
v  -82.071777 30.442217 -62.757069
v  -89.646858 27.298567 -59.530949
v  -97.709885 23.989468 -60.837521
v  -104.100563 21.401567 -66.326897
v  -107.106491 20.228258 -74.527977
v  -105.922157 20.784012 -83.243523
v  -66.293602 29.397371 -48.040058
v  -66.293602 34.180405 -48.040058
v  -66.293602 34.180405 -44.878628
v  -66.293602 29.397371 -44.878628
v  -54.677624 43.822456 -48.040058
v  -54.677624 43.822456 -44.878628
v  -51.792606 43.822456 -48.040058
v  -51.792606 43.822456 -44.878628
v  -47.920616 40.178223 -48.040058
v  -47.920616 40.178223 -44.878628
v  -47.920616 33.193428 -48.040058
v  -47.920616 33.193428 -44.878628
v  -66.293602 29.397371 -55.703876
v  -66.293602 34.180405 -55.703876
v  -66.293602 34.180405 -52.542500
v  -66.293602 29.397371 -52.542500
v  -54.677624 43.822456 -55.703876
v  -54.677624 43.822456 -52.542500
v  -51.792606 43.822456 -55.703876
v  -51.792606 43.822456 -52.542500
v  -47.920616 40.178223 -55.703876
v  -47.920616 40.178223 -52.542500
v  -47.920616 33.193428 -55.703876
v  -47.920616 33.193428 -52.542500
v  -66.293602 29.397371 -63.367748
v  -66.293602 34.180405 -63.367748
v  -66.293602 34.180405 -60.206333
v  -66.293602 29.397371 -60.206333
v  -54.677624 43.822456 -63.367748
v  -54.677624 43.822456 -60.206303
v  -51.792606 43.822456 -63.367748
v  -51.792606 43.822456 -60.206303
v  -47.920616 40.178223 -63.367748
v  -47.920616 40.178223 -60.206333
v  -47.920616 33.193428 -63.367748
v  -47.920616 33.193428 -60.206333
v  -66.293602 29.397371 -71.031609
v  -66.293602 34.180405 -71.031609
v  -66.293602 34.180405 -67.870171
v  -66.293602 29.397371 -67.870171
v  -54.677624 43.822456 -71.031609
v  -54.677624 43.822456 -67.870171
v  -51.792606 43.822456 -71.031609
v  -51.792606 43.822456 -67.870171
v  -47.920616 40.178223 -71.031609
v  -47.920616 40.178223 -67.870171
v  -47.920616 33.193428 -71.031609
v  -47.920616 33.193428 -67.870171
v  -66.293602 29.397371 -78.695427
v  -66.293602 34.180405 -78.695427
v  -66.293602 34.180405 -75.534019
v  -66.293602 29.397371 -75.534019
v  -54.677624 43.822456 -78.695427
v  -54.677624 43.822456 -75.534019
v  -51.792606 43.822456 -78.695427
v  -51.792606 43.822456 -75.534019
v  -47.920616 40.178223 -78.695427
v  -47.920616 40.178223 -75.534019
v  -47.920616 33.193436 -78.695427
v  -47.920616 33.193436 -75.534019
v  -66.293602 29.397371 -86.359291
v  -66.293602 34.180405 -86.359291
v  -66.293602 34.180405 -83.197884
v  -66.293602 29.397371 -83.197884
v  -54.677624 43.822456 -86.359291
v  -54.677624 43.822456 -83.197884
v  -51.792606 43.822456 -86.359291
v  -51.792606 43.822456 -83.197884
v  -47.920616 40.178223 -86.359291
v  -47.920616 40.178223 -83.197884
v  -47.920616 33.193436 -86.359291
v  -47.920616 33.193436 -83.197884
v  -88.641205 20.649855 53.658321
v  -88.740349 20.649874 58.998463
v  -88.032806 18.282000 59.011604
v  -87.933670 18.281992 53.671463
v  -86.236359 16.585188 59.044956
v  -86.137192 16.585178 53.704815
v  -83.832283 16.014109 59.089607
v  -83.733147 16.014088 53.749451
v  -81.464828 16.721762 59.133568
v  -81.365692 16.721754 53.793427
v  -79.768318 18.518557 59.165070
v  -79.669182 18.518534 53.824921
v  -79.197334 20.923027 59.175667
v  -79.098183 20.922993 53.835526
v  -79.904892 23.290876 59.162529
v  -79.805717 23.290876 53.822388
v  -81.701363 24.987684 59.129173
v  -81.602203 24.987680 53.789024
v  -84.105385 25.558771 59.084534
v  -84.006241 25.558764 53.744389
v  -86.472870 24.851114 59.040573
v  -86.373703 24.851107 53.700424
v  -88.169350 23.054335 59.009071
v  -88.070213 23.054327 53.668919
v  -86.257477 20.722042 61.110424
v  -85.988182 21.856005 61.115433
v  -83.942802 18.535761 61.153408
v  -85.923782 19.605314 61.116623
v  -86.780411 20.707342 61.604664
v  -86.370598 19.335749 61.612267
v  -85.329979 18.352888 61.631592
v  -83.937447 18.022089 61.657448
v  -82.566109 18.431992 61.682915
v  -81.583405 19.472778 61.701164
v  -81.252678 20.865562 61.707298
v  -81.662506 22.237123 61.699696
v  -82.703110 23.219994 61.680374
v  -84.095642 23.550795 61.654514
v  -85.466988 23.140890 61.629047
v  -86.449692 22.100119 61.610802
v  -87.265350 18.807587 63.624084
v  -87.824364 20.678526 63.613701
v  -87.903061 20.678534 67.851517
v  -87.344017 18.807587 67.861885
v  -85.845848 17.466860 63.650440
v  -85.924545 17.466866 67.888252
v  -83.946312 17.015631 63.685715
v  -84.025002 17.015631 67.923523
v  -82.075699 17.574766 63.720459
v  -82.154388 17.574766 67.958260
v  -80.735184 18.994492 63.745346
v  -80.813873 18.994492 67.983147
v  -80.284042 20.894356 63.753719
v  -80.362740 20.894365 67.991531
v  -80.843071 22.765312 63.743343
v  -80.921768 22.765306 67.981148
v  -82.262581 24.106009 63.716988
v  -82.341240 24.106012 67.954788
v  -84.162109 24.557262 63.681713
v  -84.240791 24.557253 67.919518
v  -86.032730 23.998102 63.646976
v  -86.111443 23.998083 67.884781
v  -87.373230 22.578394 63.622078
v  -87.451912 22.578398 67.859886
v  -86.951965 20.707323 70.842957
v  -86.438385 20.722048 70.852486
v  -86.104721 19.605316 70.858681
v  -86.542152 19.335749 70.850563
v  -85.257477 18.805101 70.874413
v  -85.501534 18.352888 70.869896
v  -84.123711 18.535759 70.895470
v  -84.109001 18.022085 70.895744
v  -83.007172 18.869493 70.916199
v  -82.737663 18.431986 70.921211
v  -82.207092 19.716887 70.931061
v  -81.754959 19.472776 70.939461
v  -81.937798 20.850863 70.936058
v  -81.424210 20.865545 70.945595
v  -82.271477 21.967558 70.929871
v  -81.834061 22.237120 70.937996
v  -83.118713 22.767786 70.914131
v  -82.874664 23.219988 70.918678
v  -84.252495 23.037117 70.893082
v  -84.267197 23.550781 70.892807
v  -85.369011 22.703386 70.872353
v  -85.638527 23.140881 70.867340
v  -86.169106 21.856001 70.857491
v  -86.621246 22.100115 70.849098
v  -85.076553 18.805092 61.132351
v  -82.826263 18.869501 61.174145
v  -82.026184 19.716887 61.188995
v  -81.756889 20.850874 61.193996
v  -82.090569 21.967566 61.187805
v  -82.937805 22.767794 61.172073
v  -84.071594 23.037115 61.151020
v  -85.188103 22.703390 61.130287
v  -86.501602 19.335749 68.667099
v  -86.911415 20.707331 68.659485
v  -86.803413 20.707327 62.843124
v  -86.393600 19.335745 62.850723
v  -85.460976 18.352888 68.686424
v  -85.352982 18.352888 62.870018
v  -84.068451 18.022093 68.712280
v  -83.960449 18.022089 62.895882
v  -82.697105 18.431988 68.737755
v  -82.589104 18.431992 62.921349
v  -81.714401 19.472778 68.756004
v  -81.606400 19.472773 62.939590
v  -81.383652 20.865545 68.762146
v  -81.275681 20.865555 62.945732
v  -81.793503 22.237120 68.754524
v  -81.685509 22.237143 62.938126
v  -82.834114 23.219990 68.735207
v  -82.726112 23.219992 62.918800
v  -84.226616 23.550795 68.709343
v  -84.118614 23.550795 62.892952
v  -85.597969 23.140882 68.683876
v  -85.489983 23.140882 62.867508
v  -86.580666 22.100107 68.665634
v  -86.472687 22.100115 62.849258
v  -78.411385 23.801416 28.397518
v  -78.119865 11.486652 31.678707
v  -78.328690 11.486655 42.926250
v  -78.892235 23.801405 54.292580
v  -80.604706 26.434706 28.356787
v  -81.085541 26.434698 54.251839
v  -85.799080 26.286016 28.260330
v  -86.279938 26.286020 54.155388
v  -90.537155 23.646917 28.172346
v  -91.018005 23.646917 54.067406
v  -90.821091 22.354948 28.167074
v  -91.301933 22.354940 54.062183
v  -83.367714 10.551235 31.581261
v  -84.732742 13.302652 31.555916
v  -84.941597 13.302634 42.803452
v  -83.576538 10.551252 42.828804
v  -82.647621 10.469608 31.594627
v  -82.856476 10.469604 42.842167
v  -80.728088 10.476754 31.630274
v  -80.936951 10.476753 42.877811
v  -79.729065 11.463687 31.648825
v  -79.937927 11.463687 42.896370
v  -78.059044 11.486650 28.404053
v  -78.539879 11.486658 54.299114
v  -84.697472 9.763757 42.807983
v  -87.094948 14.485451 42.763470
v  -84.908661 9.763756 54.180855
v  -86.886093 14.485453 31.515928
v  -84.427811 9.763757 28.285786
v  -84.488617 9.763757 31.560444
v  -80.584091 9.560524 42.884369
v  -83.469856 9.477942 42.830788
v  -83.261002 9.477942 31.583242
v  -80.375237 9.560535 31.636829
v  -83.200195 9.477931 28.308582
v  -80.314415 9.560516 28.362169
v  -80.795280 9.560523 54.257244
v  -83.681046 9.477942 54.203651
v  -76.708214 -17.249495 -94.698509
v  -76.708214 -32.478783 -84.650612
v  -76.708214 -32.066467 -74.901787
v  -76.708214 -17.183367 -37.412930
v  -104.831902 -17.249495 -94.698509
v  -104.831902 -17.183367 -37.412930
v  -104.831902 -32.066467 -74.901787
v  -104.831902 -32.478783 -84.650612
v  -79.119415 -17.017778 -90.818871
v  -102.420692 -17.017778 -90.818871
v  -102.420692 -29.868437 -81.839012
v  -99.949089 -31.647039 -80.140297
v  -81.591049 -31.647039 -80.140297
v  -79.119415 -29.868437 -81.839012
v  -80.171120 -35.219498 -82.270561
v  -101.368988 -35.219498 -82.270561
v  -101.368988 -35.529373 -74.901787
v  -80.171120 -35.529373 -74.901787
v  -80.171120 -22.748320 -37.412930
v  -101.368988 -22.748320 -37.412930
v  -104.831902 -19.285257 -37.412930
v  -76.708214 -19.285257 -37.412930
v  -77.992233 -17.265760 -94.864738
v  -77.992233 -32.057785 -85.016228
v  -80.702965 -34.203346 -83.153053
v  -100.837173 -34.203346 -83.153053
v  -103.547905 -32.057785 -85.016228
v  -103.547905 -17.265760 -94.864738
v  -13.001358 -8.734321 166.073456
v  -13.001358 -10.581292 166.373840
v  -16.294289 -10.581292 166.373840
v  -16.294289 -8.734321 166.073456
v  -13.001358 -14.538463 162.035858
v  -16.294289 -14.538463 162.035858
v  -13.001358 -17.696745 162.322296
v  -16.294289 -17.696741 162.322266
v  -13.001358 -18.507986 161.969299
v  -16.294289 -18.507986 161.969299
v  -13.001358 -19.488008 158.592743
v  -16.294289 -19.488008 158.592743
v  -13.001358 -10.248548 145.310852
v  -16.294289 -10.248548 145.310852
v  -55.281345 28.093779 46.700565
v  -54.259556 30.990656 46.956142
v  -52.464424 30.644136 50.043613
v  -53.034641 27.660078 50.564739
v  -49.002003 30.689547 50.984276
v  -48.701248 27.716883 51.742020
v  -45.900581 31.100183 49.227097
v  -44.819546 28.230883 49.542778
v  -44.976875 31.635611 45.801403
v  -43.663567 28.900984 45.255386
v  -46.772034 31.982134 42.713898
v  -45.910336 29.334684 41.391182
v  -50.234428 31.936823 41.773201
v  -50.243683 29.277899 40.213932
v  -53.335918 31.526083 43.530418
v  -54.125332 28.763899 42.413086
v  -132.397980 -6.708446 -122.096977
v  -129.563385 -6.708449 -146.576752
v  -128.710052 -3.523871 -146.576752
v  -131.164917 -2.106571 -122.096977
v  -126.378799 -1.192598 -146.576752
v  -127.796120 1.262232 -122.096977
v  -123.194206 -0.339293 -146.576752
v  -123.194206 2.495299 -122.096977
v  -120.009628 -1.192598 -146.576752
v  -118.592346 1.262228 -122.096977
v  -117.678398 -3.523871 -146.576752
v  -115.223549 -2.106571 -122.096977
v  -116.825035 -6.708445 -146.576752
v  -113.990440 -6.708442 -122.096977
v  -117.678398 -9.893023 -146.576752
v  -115.223549 -11.310319 -122.096977
v  -120.009628 -12.224296 -146.576752
v  -118.592346 -14.679122 -122.096977
v  -123.194206 -13.077600 -146.576752
v  -123.194206 -15.912190 -122.096977
v  -126.378746 -12.224296 -146.576752
v  -127.796066 -14.679126 -122.096977
v  -128.710052 -9.893031 -146.576752
v  -131.164871 -11.310327 -122.096977
v  -102.650696 9.262015 4.687500
v  -106.620102 9.053566 7.414852
v  -106.620102 1.929528 6.870350
v  -102.650696 2.137979 4.143002
v  -108.845947 7.256444 30.927763
v  -108.845947 0.132409 30.383263
v  -105.436989 6.401326 42.115868
v  -105.436989 -0.722709 41.571365
v  -102.504036 6.363844 42.606323
v  -102.504036 -0.760190 42.061821
v  -83.281090 -23.992594 122.071190
v  -83.283195 -27.707914 116.026329
v  -83.283257 -27.820765 101.554146
v  -83.279442 -21.072565 126.753944
v  -83.281349 -24.429541 92.235313
v  -83.280380 -22.733458 73.849464
v  -83.279594 -21.351362 71.811363
v  -83.280807 -23.500559 126.762474
v  -74.409317 -22.738466 73.849464
v  -74.408531 -21.356371 71.811363
v  -74.410271 -24.434553 92.235313
v  -74.412178 -27.825781 101.554161
v  -74.412117 -27.712938 116.026329
v  -74.410027 -23.997622 122.071220
v  -74.409744 -23.505587 126.762459
v  -74.408371 -21.077593 126.753944
v  -70.909309 -23.992594 156.110779
v  -70.911415 -27.707914 150.065918
v  -70.911476 -27.820765 135.593750
v  -70.907661 -21.072565 160.793549
v  -70.909569 -24.429541 126.274910
v  -70.908600 -22.733461 107.889061
v  -70.907814 -21.351366 105.850960
v  -70.909035 -23.500559 160.802094
v  -62.037533 -22.738466 107.889061
v  -62.036751 -21.356371 105.850960
v  -62.038494 -24.434553 126.274910
v  -62.040398 -27.825781 135.593781
v  -62.040337 -27.712938 150.065918
v  -62.038250 -23.997622 156.110809
v  -62.037964 -23.505587 160.802063
v  -62.036591 -21.077593 160.793549
v  -51.537613 0.766216 -172.917114
v  -49.906300 -0.171897 -171.657074
v  -45.944809 0.160342 -181.288513
v  -46.779289 0.766217 -182.656586
v  -60.314266 13.388019 -154.952789
v  -51.537613 13.388020 -172.917114
v  -49.906300 14.326137 -171.657074
v  -60.232487 14.326136 -150.904144
v  -58.579891 -0.624977 -150.070618
v  -49.381996 -0.624977 -168.213501
v  -60.232487 -0.171898 -150.904144
v  -46.779289 13.388020 -182.656586
v  -51.537613 10.783405 -172.917114
v  -46.779289 11.963322 -182.656586
v  -60.314281 0.766216 -154.952820
v  -51.537613 3.370836 -172.917114
v  -45.944809 13.993899 -181.288513
v  -58.579891 14.779238 -150.070618
v  -49.381989 14.779239 -168.213501
v  -46.779289 2.190925 -182.656586
v  -45.723190 0.758975 -181.157318
v  -49.696434 0.432526 -171.532104
v  -51.074661 1.120643 -172.643005
v  -46.284828 1.054835 -182.364166
v  -49.696434 13.721710 -171.532104
v  -51.074661 13.033592 -172.643005
v  -60.159504 12.959356 -154.436035
v  -60.074768 13.699793 -150.809540
v  -49.265072 0.013798 -168.142273
v  -58.452740 0.011114 -149.994293
v  -60.074776 0.454447 -150.809540
v  -50.986572 10.783405 -172.591278
v  -46.284836 13.099413 -182.364166
v  -46.228245 11.963322 -182.330688
v  -50.986580 3.370836 -172.591248
v  -60.159504 1.194877 -154.436035
v  -45.723198 13.395260 -181.157318
v  -58.452740 14.143124 -149.994293
v  -49.265072 14.140445 -168.142273
v  -46.228237 2.190925 -182.330688
v  -50.624580 10.302778 -159.275696
v  -58.102421 10.302778 -160.532440
v  -58.102421 3.974816 -160.532440
v  -50.624580 3.974816 -159.275696
v  -63.500160 10.302778 -152.592102
v  -63.500160 3.974816 -152.592102
v  -63.229622 10.302777 -140.804382
v  -63.229614 3.974815 -140.804382
v  -180.858780 0.856639 -74.860283
v  -181.302048 0.357696 -75.015358
v  -179.740448 0.357650 -79.478706
v  -179.297195 0.856639 -79.323631
v  -173.808945 -9.238168 -72.393761
v  -172.247375 -9.238168 -76.857124
v  -173.629349 -15.534085 -72.330925
v  -172.067780 -15.534072 -76.794289
v  -172.715118 -15.504794 -72.011086
v  -171.153549 -15.504792 -76.474419
v  -170.543076 -11.449571 -71.251137
v  -168.981491 -11.449595 -75.714485
v  -166.581284 -11.322749 -69.865028
v  -165.019577 -11.322736 -74.328346
v  -164.321655 -8.557359 -69.074471
v  -162.760071 -8.557357 -73.537819
v  -177.515945 0.856639 -84.414833
v  -177.959213 0.357697 -84.569923
v  -176.397614 0.357651 -89.033272
v  -175.954361 0.856640 -88.878197
v  -170.466141 -9.238168 -81.948311
v  -168.904556 -9.238168 -86.411674
v  -170.286514 -15.534083 -81.885490
v  -168.724945 -15.534072 -86.348839
v  -169.372299 -15.504792 -81.565636
v  -167.810715 -15.504792 -86.028984
v  -167.200241 -11.449569 -80.805687
v  -165.638657 -11.449595 -85.269051
v  -163.238464 -11.322747 -79.419579
v  -161.676743 -11.322736 -83.882912
v  -160.978821 -8.557357 -78.629021
v  -159.417252 -8.557357 -83.092384
v  -78.066605 2.971369 115.626396
v  -78.721184 4.252997 117.828941
v  -84.832123 2.036388 117.302620
v  -84.177544 0.754753 115.100075
v  -78.695007 3.209449 121.920021
v  -84.805946 0.992841 121.393700
v  -79.226212 3.203674 128.112030
v  -85.337151 0.987070 127.585716
v  -79.116402 -1.174690 145.276855
v  -85.227341 -3.391302 144.750519
v  -79.280251 -1.389607 143.351257
v  -78.579460 -3.937972 145.947083
v  -83.974586 -5.894931 145.482422
v  -84.675385 -3.346566 142.886597
v  -77.745377 -6.810036 153.091736
v  -76.429970 -10.227471 152.211639
v  -82.540909 -12.444085 151.685303
v  -83.856316 -9.026641 152.565460
v  -79.420494 -1.525696 145.552765
v  -84.815620 -3.482662 145.088104
v  -78.547455 -5.114178 150.529114
v  -83.942574 -7.071136 150.064484
v  -17.156403 -42.798561 61.185555
v  -18.157915 -25.496317 99.632957
v  -14.725347 -20.095751 -37.516544
v  -15.355011 -42.119453 -18.324944
v  -53.207718 -42.798561 61.185547
v  -55.009098 -42.119453 -18.324944
v  -55.638771 -20.095751 -37.516544
v  -52.206211 -25.496317 99.632957
v  -19.086601 -43.609726 59.383072
v  -17.374775 -43.609718 -17.026321
v  -52.989338 -43.609718 -17.026318
v  -51.277519 -43.609726 59.383064
v  -19.779573 -39.392365 -7.401730
v  -18.682570 -38.582947 -8.107063
v  -18.203518 -21.462816 -23.181389
v  -52.160603 -21.462816 -23.181389
v  -51.681549 -38.582947 -8.107063
v  -50.584538 -39.392365 -7.401730
v  -15.877436 -20.945814 -36.775799
v  -16.472364 -41.754463 -18.643002
v  -53.891747 -41.754463 -18.642998
v  -54.486675 -20.945814 -36.775799
v  -52.529404 -42.759659 -17.767067
v  -17.834709 -42.759659 -17.767063
v  -46.086861 -37.118454 72.250389
v  -46.086861 -39.313133 75.268066
v  -50.282429 -39.313133 75.268066
v  -50.282429 -37.118454 72.250389
v  -46.086861 -40.684807 75.268066
v  -50.282429 -40.684807 75.268066
v  -46.086861 -47.634621 61.734230
v  -50.282429 -47.634621 61.734230
v  -46.086861 -47.634621 23.327370
v  -50.282421 -47.634621 23.327370
v  -46.086861 -44.708382 18.663681
v  -50.282421 -44.708382 18.663681
v  -46.086857 -44.708382 -10.324356
v  -50.282421 -44.708382 -10.324356
v  -46.086857 -42.879478 -12.427589
v  -50.282421 -42.879478 -12.427589
v  -19.527897 -37.118454 72.250389
v  -19.527897 -39.313133 75.268066
v  -23.723467 -39.313133 75.268066
v  -23.723467 -37.118454 72.250389
v  -19.527897 -40.684807 75.268066
v  -23.723467 -40.684807 75.268066
v  -19.527897 -47.634621 61.734230
v  -23.723467 -47.634621 61.734230
v  -19.527897 -47.634621 23.327370
v  -23.723459 -47.634621 23.327370
v  -19.527897 -44.708382 18.663681
v  -23.723459 -44.708382 18.663681
v  -19.527893 -44.708382 -10.324356
v  -23.723459 -44.708382 -10.324356
v  -19.527893 -42.879478 -12.427589
v  -23.723459 -42.879478 -12.427589
v  -11.105305 29.800833 25.866478
v  -11.105305 32.659264 26.182272
v  -11.105305 31.756994 34.349155
v  -11.105305 28.898565 34.033363
v  -14.360725 33.960739 26.326054
v  -14.360725 33.058472 34.492943
v  -14.360725 37.569382 26.724745
v  -14.360725 36.667114 34.891621
v  -10.573570 39.939240 26.986553
v  -10.573570 39.036972 35.153442
v  -10.368927 39.368683 26.198685
v  -13.677456 37.298317 25.969957
v  -13.677456 34.471443 25.657646
v  -10.422006 33.169975 25.513865
v  -10.422006 29.879942 25.150383
v  -10.368927 38.308197 35.797756
v  -10.422006 28.819448 34.749451
v  -10.422006 32.109482 35.112930
v  -13.677456 33.410950 35.256710
v  -13.677456 36.237823 35.569023
v  -11.105305 31.134192 13.797503
v  -11.105305 33.992622 14.113291
v  -11.105305 33.090347 22.280184
v  -11.105305 30.231928 21.964380
v  -14.360725 35.294098 14.257076
v  -14.360725 34.391823 22.423965
v  -14.360725 38.902740 14.655766
v  -14.360725 38.000473 22.822643
v  -10.573570 41.272591 14.917578
v  -10.573570 40.370323 23.084461
v  -10.368927 40.702042 14.129709
v  -13.677456 38.631683 13.900972
v  -13.677456 35.804802 13.588665
v  -10.422006 34.503334 13.444881
v  -10.422006 31.213297 13.081400
v  -10.368927 39.641548 23.728783
v  -10.422006 30.152811 22.680470
v  -10.422006 33.442833 23.043941
v  -13.677456 34.744308 23.187744
v  -13.677456 37.571182 23.500042
v  -11.105305 32.467552 1.728512
v  -11.105305 35.325996 2.044300
v  -11.105305 34.423721 10.211187
v  -11.105305 31.565287 9.895399
v  -14.360725 36.627464 2.188095
v  -14.360725 35.725204 10.354980
v  -14.360725 40.236107 2.586769
v  -14.360725 39.333839 10.753670
v  -10.573570 42.605965 2.848595
v  -10.573570 41.703697 11.015478
v  -10.368927 42.035408 2.060726
v  -13.677456 39.965042 1.831997
v  -13.677456 37.138168 1.519688
v  -10.422006 35.836700 1.375904
v  -10.422006 32.546669 1.012424
v  -10.368927 40.974915 11.659798
v  -10.422006 31.486177 10.611486
v  -10.422006 34.776207 10.974964
v  -13.677456 36.077675 11.118759
v  -13.677456 38.904549 11.431068
v  -6.355365 34.824944 -79.161858
v  -6.355365 37.058250 -77.403053
v  -6.355365 45.849190 -55.128010
v  -6.355365 46.429245 -48.296909
v  -6.355365 38.930901 -41.904209
v  -6.355365 28.697248 -81.519676
v  -5.203762 47.634621 -47.712383
v  -5.203762 39.293289 -40.501331
v  -5.203762 46.973953 -55.492931
v  -5.203762 37.932808 -78.401939
v  -5.203762 35.257187 -80.509071
v  -5.203762 28.334841 -82.922539
v  0.000000 39.293289 -40.501331
v  0.000000 46.973953 -55.492931
v  0.000000 35.257187 -80.509071
v  0.000000 28.334841 -82.922539
v  0.000000 35.545418 88.154106
v  0.000000 37.407021 90.791382
v  -6.603183 37.407021 90.791382
v  -7.323172 36.991814 90.203178
v  -7.323172 35.545418 88.154106
v  0.000000 31.809877 109.448524
v  -6.603183 31.809877 109.448524
v  0.000000 30.190073 112.019447
v  0.000000 21.650702 119.782509
v  -4.907327 21.650702 119.782509
v  -6.603184 22.905533 118.641762
v  -6.603184 30.190073 112.019447
v  0.000000 20.463434 119.966835
v  0.000000 19.256344 119.413612
v  -5.205556 19.256344 119.413612
v  -5.205556 20.463434 119.966835
v  0.000000 20.807684 114.139046
v  -7.323172 20.807684 114.139046
v  -7.323172 19.853865 117.382042
v  -7.323172 31.188536 109.053505
v  -7.323173 29.561968 111.625633
v  -7.323172 22.044989 118.512306
v  -14.231062 35.563393 53.461914
v  -14.231062 37.218376 54.749115
v  -15.604156 37.218376 54.749115
v  -15.604156 35.563393 53.461914
v  -14.231062 40.668663 74.492828
v  -15.604156 40.668663 74.492828
v  -14.231062 40.668663 77.343079
v  -15.604156 40.668663 77.343079
v  -14.231062 33.772903 101.891975
v  -15.604156 33.772903 101.891975
v  -14.231064 31.658197 103.271141
v  -15.604157 31.658197 103.271141
v  -14.231062 31.290426 84.054947
v  -15.604156 31.290426 84.054947
v  -18.614586 35.563393 53.461914
v  -18.614586 37.218376 54.749115
v  -19.987679 37.218376 54.749115
v  -19.987679 35.563393 53.461914
v  -18.614586 40.668663 74.492828
v  -19.987679 40.668663 74.492828
v  -18.614586 40.668663 77.343079
v  -19.987679 40.668663 77.343079
v  -18.614586 33.772903 101.891975
v  -19.987679 33.772903 101.891975
v  -18.614588 31.658197 103.271141
v  -19.987680 31.658197 103.271141
v  -18.614586 31.290426 84.054947
v  -19.987679 31.290426 84.054947
v  -22.998110 35.563393 53.461914
v  -22.998110 37.218376 54.749115
v  -24.371202 37.218376 54.749115
v  -24.371202 35.563393 53.461914
v  -22.998110 40.668663 74.492828
v  -24.371202 40.668663 74.492828
v  -22.998110 40.668663 77.343079
v  -24.371202 40.668663 77.343079
v  -22.998110 33.772903 101.891975
v  -24.371202 33.772903 101.891975
v  -22.998112 31.658197 103.271141
v  -24.371204 31.658197 103.271141
v  -22.998110 31.290426 84.054947
v  -24.371202 31.290426 84.054947
v  -27.381634 35.563393 53.461914
v  -27.381634 37.218376 54.749115
v  -28.754726 37.218376 54.749115
v  -28.754726 35.563393 53.461914
v  -27.381634 40.668663 74.492828
v  -28.754726 40.668663 74.492828
v  -27.381634 40.668663 77.343079
v  -28.754726 40.668663 77.343079
v  -27.381634 33.772903 101.891975
v  -28.754726 33.772903 101.891975
v  -27.381636 31.658197 103.271141
v  -28.754728 31.658197 103.271141
v  -27.381634 31.290426 84.054947
v  -28.754726 31.290426 84.054947
v  -45.430031 5.694113 -119.547935
v  -22.946941 14.253141 -45.430073
v  -45.430031 6.142487 -119.624001
v  -22.946941 16.199406 -45.760227
v  -45.430031 -2.098412 -119.547935
v  -22.946941 6.460615 -45.430073
v  -45.430031 -1.650039 -119.624001
v  -22.946941 8.406880 -45.760227
v  -45.430031 -9.890935 -119.547935
v  -22.946941 -1.331909 -45.430073
v  -45.430031 -9.442563 -119.624001
v  -22.946941 0.614357 -45.760227
v  7.049645 40.247513 -32.386181
v  9.142121 40.247513 -32.386181
v  7.049651 46.987732 -41.032879
v  9.142121 46.987732 -41.032879
v  7.049651 46.231400 -49.940136
v  9.142121 46.231400 -49.940136
v  7.049645 35.964401 -76.880028
v  9.142121 35.964401 -76.880028
v  7.049645 29.698931 -79.295753
v  9.142121 29.698931 -79.295753
v  7.049645 37.642281 3.098431
v  9.142121 37.642281 3.098431
v  7.049645 33.106827 2.630852
v  9.142121 33.106827 2.630852
v  -7.049645 40.247513 -32.386181
v  -9.142121 40.247513 -32.386181
v  -9.142121 46.987732 -41.032879
v  -7.049651 46.987732 -41.032879
v  -9.142121 46.231400 -49.940136
v  -7.049651 46.231400 -49.940136
v  -9.142121 35.964401 -76.880028
v  -7.049645 35.964401 -76.880028
v  -9.142121 29.698931 -79.295753
v  -7.049645 29.698931 -79.295753
v  -7.049645 37.642281 3.098431
v  -9.142121 37.642281 3.098431
v  -7.049645 33.106827 2.630852
v  -9.142121 33.106827 2.630852
# 3472 vertices

vn 0.003909 0.988033 0.154190
vn 0.007640 0.988066 0.153839
vn 0.014377 0.983212 0.181899
vn 0.006316 0.979699 0.200376
vn -0.000208 0.994894 0.100930
vn -0.000264 0.996474 0.083901
vn -0.000032 0.995049 0.099387
vn 0.001735 -0.999998 0.000667
vn 0.002405 -0.999997 0.000523
vn 0.003978 -0.999992 0.000514
vn 0.003093 -0.999995 0.000660
vn 0.003090 -0.999995 -0.000167
vn 0.004653 -0.999989 -0.000159
vn 0.346076 0.932658 0.101883
vn 0.383934 0.917929 0.100008
vn 0.399333 0.914409 0.066258
vn 0.382069 0.921867 0.064682
vn 0.331254 0.931518 0.150148
vn 0.381578 0.916966 0.116498
vn 0.442021 0.893465 0.079609
vn 0.467122 0.880771 0.077716
vn 0.423073 0.904727 0.049787
vn 0.412776 0.908996 0.057808
vn 0.427309 0.898121 0.103852
vn 0.450641 0.886994 0.100818
vn 0.319125 0.925999 0.201705
vn 0.350256 0.914909 0.200655
vn 0.351667 0.921752 0.163414
vn 0.409582 0.901338 0.140827
vn 0.407274 0.892720 0.192817
vn 0.426867 0.884177 0.189776
vn 0.432415 0.891162 0.137289
vn 0.004741 -0.999986 0.002457
vn 0.012316 -0.999904 0.006277
vn 0.013900 -0.999898 0.003247
vn 0.007030 -0.999974 0.001416
vn 0.078674 -0.994820 0.064365
vn 0.077866 -0.994196 0.074244
vn 0.073181 -0.995981 0.051641
vn 0.654113 -0.305991 0.691741
vn 0.656119 -0.401449 0.639020
vn 0.716300 -0.002232 0.697789
vn 0.685190 0.000004 0.728364
vn 0.933996 -0.012811 0.357055
vn 0.919456 -0.013648 0.392956
vn 0.769862 -0.556380 0.312657
vn 0.811023 -0.505197 0.294987
vn 0.247532 -0.966379 0.069567
vn 0.270251 -0.960457 0.066983
vn 0.005164 0.897616 0.440747
vn 0.005011 -0.999983 0.002988
vn 0.325328 0.907489 0.265753
vn 0.358197 0.896668 0.260158
vn 0.320141 0.899017 0.298794
vn 0.341258 0.898417 0.276389
vn 0.399200 0.886968 0.232222
vn 0.417647 0.879660 0.227528
vn 0.348846 0.900303 0.260310
vn 0.390407 0.882464 0.262372
vn 0.312747 0.891505 0.327732
vn 0.345906 0.882911 0.317518
vn 0.346870 0.885807 0.308265
vn 0.369185 0.881669 0.293875
vn 0.327046 0.881028 0.341805
vn 0.380212 0.826384 0.415365
vn 0.411201 0.817258 0.403737
vn 0.349280 0.877082 0.329744
vn 0.369241 0.873936 0.316065
vn 0.436581 0.810668 0.390146
vn 0.716308 0.002235 0.697780
vn 0.685549 0.273877 0.674548
vn 0.665083 0.227158 0.711381
vn 0.752691 0.011154 0.658279
vn 0.634341 0.530970 0.561857
vn 0.048151 0.986182 0.158514
vn 0.056092 0.975519 0.212640
vn 0.205158 0.965524 0.160230
vn 0.200888 0.957403 0.207422
vn 0.214205 0.970891 0.107179
vn 0.219740 0.972356 0.078986
vn 0.011520 0.994730 0.101875
vn 0.006231 0.996642 0.081645
vn 0.190525 0.457026 0.868808
vn 0.021528 0.691472 0.722083
vn 0.030352 0.000000 0.999539
vn 0.199348 0.000001 0.979929
vn 0.434946 0.293786 0.851182
vn 0.457117 0.000003 0.889407
vn 0.067763 0.888144 0.454542
vn 0.012477 0.890758 0.454308
vn 0.223407 0.867375 0.444690
vn 0.190804 0.911500 0.364364
vn 0.189235 0.919520 0.344490
vn 0.007056 0.928668 0.370844
vn 0.049831 0.927300 0.370987
vn 0.044341 0.935402 0.350795
vn 0.004932 0.936507 0.350614
vn -0.000000 -1.000000 0.000411
vn 0.000284 -0.999999 0.001343
vn 0.038381 0.946244 0.321169
vn -0.002000 0.947370 0.320134
vn 0.192161 0.929543 0.314680
vn 0.195784 0.939505 0.281067
vn 0.001674 0.963120 0.269067
vn 0.037288 0.957390 0.286382
vn -0.003696 0.955138 0.296138
vn 0.002640 -0.999987 0.004266
vn 0.000723 -0.999993 0.003626
vn 0.008161 -0.998888 0.046441
vn 0.002691 -0.999223 0.039330
vn 0.035153 -0.997762 0.056883
vn 0.417542 -0.416358 0.807654
vn 0.457116 0.000002 0.889407
vn 0.025493 -0.539654 0.841501
vn 0.145788 -0.496336 0.855802
vn 0.168108 0.000009 0.985769
vn 0.030353 0.000019 0.999539
vn 0.445143 0.894992 0.028922
vn 0.374808 0.926991 0.014396
vn 0.229330 0.973140 0.020174
vn 0.009800 0.998317 0.057153
vn 0.001104 -0.999999 -0.000501
vn 0.003435 -0.999994 -0.000157
vn 0.505133 0.862316 -0.035372
vn -0.002392 -0.999882 -0.015162
vn -0.002443 -0.999877 -0.015490
vn -0.010219 -0.999945 -0.002254
vn 0.104837 0.837474 -0.536327
vn -0.002188 0.852849 -0.522154
vn 0.014116 0.999865 -0.008380
vn 0.047617 0.998812 -0.010318
vn 0.338809 0.784302 -0.519691
vn 0.236298 0.971558 -0.015462
vn 0.768373 0.527722 -0.362094
vn 0.607240 0.659947 -0.442413
vn 0.394418 0.918781 -0.016637
vn 0.495002 0.868706 -0.017980
vn 0.800383 0.013826 -0.599330
vn 0.608720 0.017802 -0.793186
vn 0.288359 0.020957 -0.957293
vn 0.094451 0.022303 -0.995280
vn -0.003654 0.023447 -0.999718
vn 0.104825 -0.990928 -0.084109
vn 0.021616 -0.993557 -0.111255
vn 0.078662 -0.991028 -0.108051
vn 0.185472 -0.950410 -0.249642
vn 0.317202 -0.915385 -0.247896
vn 0.083082 -0.958802 -0.271655
vn 0.005241 -0.981344 -0.192188
vn 0.017155 -0.964708 -0.262761
vn 0.006159 -0.992599 -0.121285
vn -0.003406 -0.065754 -0.997830
vn 0.000230 -0.846911 -0.531735
vn 0.092827 -0.030330 -0.995220
vn 0.283661 -0.026917 -0.958547
vn 0.604125 -0.021491 -0.796600
vn 0.797766 -0.015090 -0.602778
vn 0.753097 -0.011219 0.657814
vn -0.990612 0.000000 0.136706
vn -0.991298 -0.004993 0.131543
vn -0.991138 -0.001448 0.132831
vn -0.996653 -0.038713 0.071997
vn -0.997235 -0.039151 0.063166
vn -0.995329 -0.083500 0.048454
vn -0.998235 -0.034763 0.048155
vn 0.015469 0.328371 0.944422
vn -0.997300 -0.035137 0.064490
vn -0.996656 -0.038720 0.071955
vn -0.991128 -0.001026 0.132910
vn 0.002638 -0.291082 0.956695
vn 0.014071 0.999895 -0.003448
vn -0.006274 -0.999961 -0.006248
vn 0.007220 -0.999923 -0.010107
vn -0.008304 -0.999949 -0.005668
vn 0.000438 -0.142883 -0.989740
vn -0.959735 -0.002754 -0.280893
vn -0.918343 -0.001472 -0.395783
vn -0.957303 -0.001218 -0.289085
vn 0.000000 -0.971636 0.236484
vn 0.000912 -0.971635 0.236484
vn 0.000000 -1.000000 0.000000
vn 0.000000 -1.000000 -0.000000
vn 0.000000 0.996333 0.085564
vn -0.000027 0.994756 0.102277
vn -0.000657 0.999843 -0.017726
vn -0.000253 0.994897 0.100893
vn -0.000266 0.995588 0.093837
vn 0.000000 0.960468 0.278389
vn 0.078581 0.957653 0.276996
vn 0.000000 -0.999806 -0.019717
vn -0.000000 0.997850 0.065540
vn 0.000308 0.999552 0.029917
vn 0.000000 0.999502 0.031568
vn 0.003958 0.430501 0.902581
vn 0.000000 -0.627221 0.778841
vn 0.091996 -0.624669 0.775452
vn 0.001085 -0.748859 0.662729
vn 0.000000 0.994428 0.105415
vn 0.000000 0.992554 0.121802
vn -0.000012 0.992554 0.121802
vn 0.001355 -0.999705 0.024270
vn -0.002602 -0.999716 0.023700
vn 0.000022 -0.999691 0.024863
vn 0.882350 -0.326199 0.339194
vn 0.909536 -0.135537 0.392905
vn 0.846433 0.401135 0.350204
vn 0.902976 0.059866 0.425501
vn 0.756073 0.591607 0.279920
vn 0.763245 0.578766 0.287205
vn 0.826465 0.542440 0.150715
vn 0.763647 0.621688 0.174204
vn 0.903828 0.423042 0.064263
vn 0.872997 0.484408 0.056787
vn 0.780119 0.624513 0.037387
vn 0.022501 0.602636 -0.797699
vn -0.902206 0.384386 -0.195631
vn 0.000499 0.825915 -0.563795
vn 0.471018 -0.553850 0.686580
vn 0.499718 0.300087 0.812545
vn 0.368277 0.853416 0.368853
vn 0.382594 0.855865 0.348019
vn 0.013477 0.937660 0.347293
vn 0.023277 0.937067 0.348373
vn 0.483073 0.869387 0.103959
vn 0.390698 0.918911 0.054388
vn 0.260049 0.965515 -0.012498
vn 0.000000 0.932440 0.361325
vn -0.000000 0.802956 0.596038
vn 0.060634 0.796947 0.600998
vn 0.007090 0.934500 0.355892
vn 0.402459 0.702772 0.586633
vn 1.000000 -0.000002 0.000003
vn 1.000000 -0.000002 0.000004
vn 1.000000 -0.000003 0.000006
vn 1.000000 -0.000003 0.000005
vn 1.000000 -0.000001 0.000001
vn 1.000000 -0.000001 0.000000
vn 1.000000 0.000000 -0.000001
vn 1.000000 -0.000000 -0.000000
vn 1.000000 -0.000004 0.000010
vn 1.000000 -0.000005 0.000012
vn 1.000000 -0.000004 0.000011
vn 1.000000 -0.000004 0.000008
vn 1.000000 -0.000004 0.000013
vn 1.000000 0.000000 -0.000000
vn 1.000000 0.000000 0.000001
vn 1.000000 0.000000 0.000000
vn 1.000000 -0.000001 0.000007
vn 0.750103 0.077050 -0.656817
vn 0.744933 0.078422 -0.662514
vn 0.998639 0.001412 -0.052132
vn 0.998322 0.027630 -0.050880
vn 0.998604 0.001588 -0.052792
vn 0.997146 0.002264 -0.075461
vn 0.998269 0.028999 -0.051170
vn 0.998347 0.002813 -0.057397
vn 0.026799 0.774039 -0.632570
vn 0.000000 0.775370 -0.631508
vn -0.000000 0.381727 0.924275
vn 0.007069 0.370637 0.928751
vn 0.070818 0.235351 0.969327
vn 0.073933 0.223124 0.971982
vn 0.750376 0.324142 -0.576080
vn 0.693072 0.410430 -0.592620
vn -0.991202 0.001230 0.132354
vn 0.000800 -0.648673 -0.761067
vn 1.000000 0.000065 0.000167
vn 0.820997 0.000015 0.570933
vn 0.999998 -0.000999 0.001772
vn 0.006458 -0.821344 0.570396
vn 0.606087 -0.515956 -0.605349
vn 0.499031 -0.711737 0.494367
vn 0.174535 -0.984651 -0.000055
vn 0.193596 -0.981081 -0.000021
vn 0.178170 -0.984000 0.000160
vn 0.194104 -0.980981 -0.000260
vn 0.174455 -0.984665 -0.000155
vn 0.603243 0.794819 0.066033
vn 0.643326 0.763073 0.062055
vn 0.656801 0.752681 0.045663
vn 0.612133 0.789357 0.047002
vn 0.628080 0.774328 0.077016
vn 0.588931 0.803973 0.082381
vn 0.597507 0.788858 0.143836
vn 0.611144 0.784047 0.108508
vn 0.571160 0.812734 0.115065
vn 0.533151 0.829494 0.166402
vn 0.157423 -0.987520 0.004741
vn 0.185331 -0.982668 0.004049
vn 0.159251 -0.987173 0.011348
vn 0.132517 -0.991107 0.012126
vn 0.455798 -0.802453 0.385120
vn 0.587222 0.780162 0.215679
vn 0.592941 0.777634 0.209061
vn 0.532338 0.820530 0.208198
vn 0.546991 0.806465 0.224533
vn 0.593257 0.768394 0.240036
vn 0.551242 0.796108 0.249688
vn 0.613082 0.746460 0.258703
vn 0.570314 0.775953 0.269516
vn 0.710540 0.637055 0.298821
vn 0.670099 0.671933 0.315393
vn 0.933634 0.012950 0.357995
vn 0.871122 0.345427 0.349036
vn 0.845547 0.375022 0.380011
vn 0.918990 0.013803 0.394039
vn 0.191252 -0.981541 0.000002
vn 0.639720 0.768068 -0.028799
vn 0.915969 0.034590 -0.399756
vn 0.899719 0.038393 -0.434777
vn 0.000000 0.772796 0.634654
vn 0.026554 0.768462 0.639345
vn 0.545047 0.542708 0.639056
vn 0.603296 0.494315 0.625849
vn 0.000000 0.938026 0.346564
vn 0.002198 0.937948 0.346768
vn 0.000592 0.938149 0.346231
vn 0.000965 0.938013 0.346600
vn 0.001863 0.937922 0.346840
vn 0.000000 0.938245 0.345970
vn -0.865160 0.388304 0.317360
vn -0.000000 0.373796 0.927511
vn 0.001308 0.373795 0.927510
vn -0.467071 0.434334 0.770194
vn -0.494072 0.860185 -0.126391
vn 0.377248 0.922537 0.081303
vn 0.382350 0.922196 0.057998
vn 0.382127 0.922270 0.058278
vn 0.377081 0.922556 0.081853
vn 0.336013 0.927934 0.161350
vn 0.364111 0.924678 0.111326
vn 0.313280 0.927805 0.202566
vn -0.740143 0.669240 0.065631
vn -0.596751 0.781602 0.181621
vn 0.293772 0.827495 0.478487
vn 0.423821 0.775553 0.467860
vn 0.954845 0.271498 0.120665
vn 0.992602 0.120333 0.016161
vn 0.987721 0.153077 0.031232
vn 0.980670 0.187598 0.055619
vn 0.975477 0.206237 0.076877
vn 0.972505 0.214408 0.090902
vn -0.436547 0.872633 0.218949
vn -0.508656 0.842046 0.179518
vn -0.594726 0.792743 0.133639
vn -0.680995 0.726760 0.089810
vn 0.457727 -0.082299 0.885276
vn 0.412227 -0.070353 0.908361
vn 0.952821 0.297341 0.061000
vn -0.117663 0.336885 -0.934165
vn 0.019178 0.300235 -0.953673
vn 0.841859 0.531193 0.095432
vn -0.005229 0.953197 0.302303
vn -0.017184 0.953016 0.302433
vn -0.032431 0.198428 0.979579
vn -0.019533 -0.749995 0.661155
vn -0.003930 -0.750381 0.660994
vn -0.018609 0.202337 0.979139
vn 0.002874 -0.750318 0.661071
vn 0.029011 -0.749550 0.661311
vn -0.003581 0.953183 0.302373
vn -0.003419 0.953156 0.302461
vn -0.968028 0.249848 0.022295
vn 0.009690 0.300135 0.953847
vn 0.972008 0.155557 0.176075
vn 0.956178 -0.004334 0.292755
vn 0.969934 -0.153071 0.189203
vn -0.985729 -0.078592 0.148870
vn -0.980054 -0.017030 0.198000
vn -0.617274 0.539015 -0.573092
vn -0.680728 0.698344 -0.221188
vn -0.537146 0.009519 -0.843435
vn -0.671772 0.701592 -0.237680
vn -0.538737 -0.000404 -0.842474
vn -0.104413 0.569783 -0.815135
vn 0.000000 0.533777 -0.845625
vn -0.594702 -0.088420 -0.799069
vn -0.000225 0.994039 0.109026
vn 0.000000 0.994052 0.108909
vn 0.007066 -0.999968 -0.003701
vn 0.005607 -0.999944 -0.008995
vn 0.285268 -0.000001 -0.958448
vn 0.384270 0.923064 0.016996
vn 0.378957 0.925410 0.002978
vn 0.568650 -0.207395 0.796006
vn 0.003999 -0.999882 -0.014828
vn 0.367666 0.928066 0.059288
vn 0.371684 0.926015 0.065930
vn 0.467236 0.846409 0.255505
vn 0.470144 0.841782 0.265269
vn 0.446558 0.633814 -0.631559
vn 0.208102 -0.684292 -0.698883
vn 0.387620 -0.752910 0.531862
vn 0.643816 0.490117 0.587610
vn 0.134112 -0.990866 0.014085
vn 0.128702 -0.991270 0.028628
vn 0.031388 -0.999503 0.002987
vn 0.035007 -0.999387 0.000419
vn 0.138276 -0.990393 0.000946
vn 0.040516 -0.999177 -0.002152
vn 0.341274 -0.938708 0.048581
vn 0.329888 -0.939836 0.088782
vn 0.352108 -0.935874 0.012652
vn 0.041914 -0.999121 -0.000776
vn 0.142297 -0.989814 -0.004470
vn 0.361266 -0.932431 -0.007666
vn 0.969414 -0.245371 0.005457
vn 0.328227 -0.944572 -0.007089
vn 0.928333 -0.226984 0.294409
vn 0.956226 -0.236697 0.172064
vn 0.983327 0.000026 0.181847
vn 0.951608 0.000028 0.307314
vn 0.969150 -0.237939 0.064295
vn 0.997523 0.000011 0.070334
vn 0.039298 -0.999218 -0.004464
vn 0.017961 -0.999839 0.000077
vn 0.021190 -0.999775 -0.001308
vn 0.022547 -0.999743 -0.002524
vn 0.580602 0.017116 -0.814008
vn 0.579063 0.010819 -0.815211
vn 0.585359 0.008951 -0.810725
vn 0.576268 0.003912 -0.817252
vn 0.581729 0.001202 -0.813382
vn 0.575596 -0.000003 -0.817734
vn 0.575357 -0.001359 -0.817901
vn 0.580220 -0.002844 -0.814455
vn 0.490066 -0.006689 -0.871660
vn 0.486161 0.003947 -0.873860
vn 0.520152 0.021026 -0.853815
vn 0.309580 0.945156 0.104114
vn 0.324667 0.931985 0.161234
vn 0.311160 0.938881 0.147245
vn 0.305273 0.946889 0.101039
vn 0.314887 0.945901 0.078216
vn 0.306341 0.949201 0.071921
vn 0.310336 0.949138 0.053177
vn 0.320656 0.945260 0.060520
vn 0.127631 -0.988812 0.077204
vn 0.100626 -0.992503 0.069372
vn 0.042910 -0.998747 0.025747
vn 0.061839 -0.997495 0.034344
vn 0.319962 -0.924241 0.208333
vn 0.267756 -0.943057 0.197357
vn -0.252469 -0.967453 0.017145
vn -0.195310 -0.980584 0.017560
vn -0.189551 -0.980730 0.047326
vn -0.250277 -0.967064 0.046355
vn -0.181666 -0.972594 0.145114
vn -0.265947 -0.953641 0.140856
vn 0.776742 -0.215002 0.591985
vn 0.813299 -0.137372 0.565398
vn 0.819670 0.000000 0.572836
vn 0.792579 -0.002955 0.609762
vn 0.753641 -0.014702 0.657121
vn 0.598751 -0.606885 0.522674
vn 0.192627 -0.966003 0.172436
vn 0.344370 0.917832 0.197470
vn 0.334109 0.930115 0.152501
vn 0.323140 0.926707 0.191819
vn 0.353091 0.906399 0.231880
vn 0.336762 0.913758 0.227241
vn 0.436290 0.870336 0.228398
vn 0.445116 0.876997 0.180964
vn 0.428694 0.863998 0.264061
vn 0.350449 0.897643 0.267251
vn 0.352210 0.902526 0.247781
vn 0.344852 0.904798 0.249836
vn 0.343289 0.902143 0.261326
vn 0.424307 0.847445 0.319062
vn 0.420052 0.862512 0.282186
vn 0.848421 0.138853 0.510786
vn 0.811680 0.123870 0.570817
vn 0.819670 0.000007 0.572836
vn 0.858821 0.000012 0.512276
vn 0.841582 0.262945 0.471805
vn 0.880514 0.000017 0.474021
vn 0.925570 0.221416 0.307074
vn 0.880147 0.308332 0.360934
vn 0.923841 0.000034 0.382778
vn 0.951609 0.000053 0.307311
vn 0.015726 -0.999876 0.000914
vn 0.034146 -0.999398 0.006150
vn 0.016522 -0.999857 0.003588
vn 0.043690 -0.998949 0.013837
vn 0.006581 -0.999978 0.000074
vn 0.008182 -0.999966 -0.000722
vn 0.003308 -0.999993 0.001875
vn 0.024213 -0.999656 0.010120
vn 0.049931 -0.998542 0.020526
vn 0.012860 -0.999694 0.021112
vn 0.001003 -0.999971 0.007496
vn 0.349357 0.900992 0.257223
vn 0.354044 0.893782 0.275329
vn 0.341709 0.910545 0.232685
vn 0.329490 0.906801 0.262960
vn 0.331762 0.898764 0.286631
vn 0.331292 0.912963 0.238211
vn 0.336390 0.920114 0.200578
vn 0.344893 0.919668 0.187773
vn 0.339390 0.917107 0.209117
vn 0.340499 0.939420 0.039369
vn 0.992971 0.117695 0.012498
vn 0.328210 0.943772 0.039659
vn 0.327196 0.939483 0.101557
vn 0.456135 0.882117 0.117515
vn 0.326268 0.942965 0.066081
vn 0.463771 0.883600 0.064562
vn 0.983327 0.000044 0.181845
vn 0.953670 0.237930 0.184130
vn 0.997523 0.000018 0.070335
vn 0.966705 0.244388 0.075866
vn 0.575568 -0.001248 -0.817753
vn 0.576512 -0.000847 -0.817088
vn 0.579844 -0.006051 -0.814705
vn 0.575676 -0.007540 -0.817643
vn 0.575687 -0.016956 -0.817495
vn 0.575251 -0.025918 -0.817566
vn 0.777373 0.188372 0.600172
vn 0.792626 0.002983 0.609701
vn 0.434337 0.827737 0.355250
vn 0.627755 0.532848 0.567448
vn 0.753063 0.015371 0.657769
vn 0.405992 0.832493 0.376996
vn 0.361412 0.885314 0.292574
vn 0.338135 0.888785 0.309398
vn 0.850904 -0.149536 0.503589
vn 0.858821 -0.000002 0.512276
vn 0.343776 -0.920487 0.185801
vn 0.871262 -0.182170 0.455760
vn 0.883785 -0.000001 0.467894
vn 0.338136 -0.927953 0.156741
vn 0.126684 -0.990121 0.060096
vn 0.119951 -0.991621 0.047949
vn 0.123186 -0.991631 0.038648
vn 0.328871 -0.936560 0.121239
vn 0.918232 0.000013 0.396044
vn 0.899158 -0.213150 0.382207
vn 0.056658 -0.998153 -0.021920
vn 0.047019 -0.998773 -0.015581
vn 0.167455 -0.983723 -0.065182
vn 0.165090 -0.984563 -0.058146
vn 0.401053 -0.903255 -0.152600
vn 0.397371 -0.907450 -0.136497
vn 0.940567 -0.000009 -0.339608
vn 0.929766 -0.147617 -0.337261
vn 0.927129 -0.139791 -0.347692
vn 0.936970 -0.000005 -0.349411
vn 0.540880 -0.817067 -0.199627
vn 0.552606 -0.805324 -0.214664
vn 0.102756 -0.993702 -0.044699
vn 0.060354 -0.997992 -0.019206
vn 0.042993 -0.998970 -0.014528
vn 0.320369 0.946764 -0.031643
vn 0.378118 0.925063 -0.035842
vn 0.375960 0.926360 -0.022605
vn 0.940565 -0.000074 -0.339613
vn 0.922279 0.208975 -0.325163
vn 0.919437 0.237166 -0.313668
vn 0.946566 -0.000073 -0.322511
vn 0.503541 0.852163 -0.142356
vn 0.501032 0.856661 -0.122878
vn 0.470381 0.879784 -0.068711
vn 0.411078 0.909929 -0.055167
vn 0.526055 0.842774 -0.114006
vn 0.575357 0.803886 -0.150772
vn 0.657791 0.726228 -0.199759
vn 0.666612 0.714702 -0.211730
vn 0.585849 0.793642 -0.164055
vn 0.572440 0.794056 -0.204420
vn 0.541543 0.823491 -0.169095
vn 0.461577 0.886210 -0.039733
vn 0.648753 0.619229 -0.442352
vn 0.620009 0.678720 -0.393609
vn -0.433054 0.901315 -0.009793
vn -0.246688 0.968987 -0.014477
vn -0.226868 0.954310 -0.194481
vn -0.424089 0.887438 -0.180560
vn -0.279294 0.857737 -0.431605
vn -0.488784 0.782985 -0.384740
vn 0.644598 0.275020 -0.713343
vn 0.639554 0.227619 -0.734275
vn 0.541704 0.315105 -0.779273
vn 0.529831 0.748786 -0.398245
vn 0.642918 0.715468 -0.273425
vn 0.718746 0.603461 -0.345309
vn 0.690318 0.488664 -0.533543
vn 0.708953 0.324889 -0.625966
vn 0.875314 0.000049 -0.483554
vn 0.873966 0.094321 -0.476746
vn 0.896385 0.291140 -0.334263
vn 0.935196 -0.000000 -0.354131
vn 0.707548 -0.000037 -0.706666
vn 0.710275 0.035962 -0.703005
vn 0.598542 0.005021 -0.801076
vn 0.597982 -0.000399 -0.801509
vn 0.607665 0.057477 -0.792111
vn 0.625346 0.127222 -0.769907
vn 0.869968 -0.092517 -0.484352
vn 0.875321 0.000015 -0.483543
vn 0.629606 -0.678287 -0.378845
vn 0.706744 -0.035440 -0.706581
vn 0.707545 -0.000004 -0.706669
vn 0.656523 -0.349595 -0.668402
vn 0.183524 -0.970451 -0.156662
vn 0.351016 -0.904938 -0.240574
vn 0.250076 -0.963025 -0.100219
vn 0.353088 -0.838743 -0.414535
vn 0.518343 -0.652327 -0.552983
vn 0.588491 -0.179156 -0.788404
vn 0.556106 -0.342443 -0.757284
vn 0.597285 -0.069237 -0.799035
vn 0.597959 -0.000108 -0.801526
vn 0.598120 -0.005734 -0.801386
vn 0.118002 -0.985445 -0.122370
vn 0.047834 -0.998498 -0.026698
vn -0.011510 -0.999738 -0.019791
vn 0.021362 -0.994218 -0.105230
vn 0.263594 -0.904041 -0.336495
vn 0.116664 -0.949480 -0.291337
vn 0.526868 -0.441587 -0.726231
vn -0.241942 -0.042355 -0.969366
vn -0.475539 -0.560635 -0.677902
vn -0.638177 -0.501661 -0.584009
vn -0.518125 -0.011393 -0.855229
vn -0.468801 -0.849378 -0.242452
vn -0.588422 -0.778298 -0.219117
vn 0.518371 -0.016877 -0.854989
vn 0.940566 -0.000008 -0.339610
vn -0.998038 0.015006 -0.060787
vn -0.998925 0.010218 -0.045209
vn -0.999735 0.004117 -0.022666
vn -0.890806 0.103027 -0.442550
vn -0.999026 0.009974 -0.042993
vn -0.999985 0.000743 -0.005504
vn -0.322825 -0.161848 0.932518
vn -0.350133 -0.160651 0.922821
vn -0.996647 0.012800 0.080810
vn -0.996621 0.033854 0.074842
vn -0.996402 0.013817 0.083620
vn 0.409756 0.911762 -0.028115
vn 0.404603 0.914271 -0.020143
vn 0.425712 0.904299 -0.031815
vn -0.434117 -0.900698 -0.016897
vn -0.433589 -0.901051 -0.010322
vn -0.535093 -0.844743 -0.009146
vn -0.535907 -0.844138 -0.015311
vn -1.000000 0.000000 0.000018
vn -1.000000 0.000000 0.000024
vn -1.000000 -0.000001 0.000049
vn -1.000000 -0.000001 0.000079
vn -1.000000 -0.000001 0.000089
vn -1.000000 0.000001 0.000017
vn -1.000000 0.000003 -0.000007
vn -1.000000 0.000005 -0.000011
vn -1.000000 0.000003 -0.000014
vn -1.000000 0.000005 -0.000015
vn -1.000000 0.000000 -0.000000
vn -1.000000 0.000001 -0.000006
vn 0.055827 -0.996775 0.057645
vn -0.052639 -0.045298 0.997586
vn -0.338123 -0.045599 0.939996
vn -0.348854 -0.773846 0.528643
vn -0.160798 -0.810126 0.563772
vn -0.194877 -0.980827 0.000778
vn -0.263076 -0.964775 0.000348
vn -0.264214 -0.964464 -0.000451
vn -0.193738 -0.981053 0.000454
vn -0.196424 -0.980517 0.002013
vn -0.261325 -0.965249 0.001722
vn -0.257632 -0.966226 0.005802
vn -0.197502 -0.980283 0.006135
vn -0.077667 0.956262 0.282013
vn -0.079824 0.946421 0.312914
vn 0.018225 0.949723 0.312560
vn 0.023157 0.958862 0.282925
vn -0.078307 0.962484 0.259794
vn 0.027282 0.965039 0.260684
vn -0.100135 0.969952 0.221733
vn -0.085899 0.966454 0.242050
vn 0.026054 0.969665 0.243047
vn 0.017058 0.974828 0.222303
vn -0.221769 0.694901 0.684055
vn -0.328821 0.046122 0.943265
vn -0.045102 0.047091 0.997872
vn -0.023293 0.711320 0.702482
vn -0.126320 0.899478 0.418309
vn -0.007214 0.907694 0.419570
vn -0.095603 0.934807 0.342047
vn 0.004144 0.939889 0.341455
vn -0.612446 0.193842 -0.766378
vn -0.624617 0.190851 -0.757251
vn -0.515920 0.005686 -0.856618
vn -0.370603 -0.001128 -0.928791
vn -0.355411 -0.005362 -0.934695
vn -0.268609 0.047706 -0.962067
vn 0.475250 0.863706 -0.167777
vn -0.555296 0.351064 -0.753923
vn -0.346098 0.381217 -0.857257
vn -0.549313 -0.831421 -0.083634
vn -0.443165 -0.891951 -0.089599
vn 0.376754 -0.547775 -0.746993
vn -0.663823 -0.131645 0.736212
vn -0.722650 -0.121865 0.680387
vn -0.436124 0.899881 0.003184
vn -0.250798 0.968039 -0.000324
vn -0.013411 -0.999816 -0.013741
vn 0.044376 -0.998984 -0.007867
vn 0.153063 -0.987955 -0.022738
vn 0.375607 -0.925468 -0.049281
vn 0.929623 -0.206070 -0.305511
vn 0.963936 -0.244792 -0.104421
vn 0.318478 0.947601 0.025000
vn 0.331949 0.942671 0.034366
vn 0.994568 -0.000063 -0.104088
vn 0.706370 0.706050 -0.050339
vn 0.483880 0.874981 -0.016384
vn 0.354438 0.933155 -0.059962
vn 0.338255 0.940984 0.011510
vn 0.950648 -0.000089 -0.310273
vn 0.994568 -0.000058 -0.104090
vn 0.022901 -0.999726 -0.004813
vn 0.036067 -0.999291 -0.010772
vn -0.999243 -0.002375 0.038831
vn -0.996283 -0.005514 0.085968
vn 0.238540 -0.967233 -0.086943
vn 0.920874 -0.199386 -0.335017
vn 0.940566 -0.000093 -0.339611
vn 0.850893 0.438206 -0.289751
vn 0.309892 0.949048 -0.057224
vn 0.371627 0.926931 -0.051894
vn 0.358544 0.930119 -0.079530
vn 0.239650 -0.965539 -0.101505
vn 0.305444 -0.943990 -0.124849
vn 0.932491 -0.128677 -0.337496
vn 0.932776 0.143527 -0.330649
vn 0.472409 0.870226 -0.139772
vn 0.514855 0.842631 -0.157788
vn 0.423288 0.897853 -0.121186
vn 0.428558 0.895330 -0.121335
vn 0.428459 0.895378 -0.121334
vn 0.302711 -0.549708 0.778580
vn 0.246450 -0.474315 0.845155
vn -0.389750 -0.914585 0.107841
vn -0.133024 -0.327330 -0.935500
vn -0.086576 -0.353805 -0.931304
vn -0.074163 -0.256552 -0.963681
vn -0.086826 -0.037901 -0.995502
vn -0.086640 0.012120 -0.996166
vn -0.086331 0.033310 -0.995710
vn -0.086500 0.032944 -0.995707
vn -0.087774 0.053290 -0.994714
vn -0.091457 0.114758 -0.989174
vn -0.091197 0.147049 -0.984916
vn -0.076907 0.212202 -0.974195
vn -0.070260 0.243489 -0.967355
vn -0.054972 0.307447 -0.949976
vn -0.113578 0.991628 0.061433
vn 0.380592 0.357080 0.853020
vn 0.385305 0.340509 0.857668
vn 0.398677 0.306743 0.864272
vn 0.416849 0.251418 0.873514
vn 0.448839 0.155417 0.879994
vn 0.478503 0.014889 0.877960
vn 0.486446 -0.033092 0.873084
vn 0.486035 -0.033596 0.873293
vn 0.478438 -0.074972 0.874915
vn 0.456718 -0.171204 0.872982
vn 0.371254 -0.488923 0.789383
vn -0.107134 0.917104 -0.383983
vn 0.061148 0.909415 0.411369
vn 0.404691 0.913478 -0.042240
vn 0.224398 -0.974470 -0.007364
vn 0.971922 -0.235251 0.005035
vn 0.999961 -0.000006 0.008881
vn 0.023614 -0.999721 -0.000097
vn -0.446610 0.893411 0.048535
vn 0.999961 -0.000003 0.008884
vn 0.969649 0.243979 0.015986
vn 0.471185 0.881359 0.034524
vn 0.329935 0.942945 0.044692
vn -0.999992 -0.000641 -0.003928
vn 0.034717 -0.263480 0.964040
vn 0.067517 -0.242706 0.967747
vn 0.137537 -0.160386 0.977425
vn 0.203955 0.000388 0.978980
vn 0.202390 0.001109 0.979304
vn 0.200987 0.000503 0.979594
vn 0.178646 0.152247 0.972063
vn 0.160339 0.182850 0.969978
vn 0.102247 0.136734 0.985317
vn 0.012706 -0.036454 0.999255
vn -0.218107 -0.065205 0.973744
vn 0.023716 -0.348966 0.936835
vn -0.000239 -0.183989 -0.982928
vn -0.027359 0.076131 -0.996722
vn -0.092315 0.094208 -0.991263
vn -0.041401 0.143147 -0.988835
vn 0.015396 0.271048 -0.962443
vn 0.057811 0.319719 -0.945747
vn 0.089350 0.270889 -0.958455
vn 0.128578 -0.000454 -0.991699
vn 0.126326 -0.001482 -0.991988
vn 0.123843 -0.000331 -0.992302
vn 0.070787 -0.118509 -0.990427
vn 0.021646 -0.170864 -0.985057
vn 0.955759 0.041404 0.291223
vn 0.945678 0.043651 0.322160
vn 0.946216 -0.030787 0.322067
vn 0.956190 -0.030720 0.291129
vn 0.015557 -0.983142 0.182178
vn 0.016061 -0.982314 0.186552
vn 0.000000 -0.983362 0.181658
vn 0.000000 -0.984092 0.177660
vn 0.996713 -0.029858 0.075305
vn 0.996771 0.030001 0.074480
vn -0.000000 -0.996870 0.079065
vn 0.012506 -0.996657 0.080732
vn 0.000000 0.996187 0.087243
vn 0.000000 0.990648 0.136446
vn 0.000181 0.990786 0.135437
vn -0.000024 0.995277 0.097077
vn 0.830053 0.016527 -0.557440
vn 0.829791 0.018598 -0.557765
vn 0.828136 -0.031033 -0.559668
vn 0.828135 -0.031033 -0.559669
vn 0.031463 -0.966518 -0.254663
vn 0.021623 -0.968377 -0.248552
vn 0.000000 -0.971993 -0.235009
vn 0.000000 0.971993 -0.235008
vn 0.000000 0.971994 -0.235008
vn 0.693712 -0.643180 0.324165
vn 0.803459 -0.496188 0.329015
vn 0.795936 -0.495732 0.347471
vn 0.688930 -0.640888 0.338582
vn 0.697085 0.639288 0.324627
vn 0.798191 0.498604 0.338061
vn 0.805442 0.498897 0.319945
vn 0.701197 0.641989 0.310118
vn 0.738267 -0.662619 0.126092
vn 0.860470 -0.496856 0.112812
vn 0.861559 0.497548 0.100810
vn 0.739586 0.663860 0.110913
vn 0.699479 -0.430468 -0.570461
vn 0.699480 -0.430468 -0.570461
vn 0.606220 -0.579782 -0.544381
vn 0.682630 0.461376 -0.566700
vn 0.606220 0.579782 -0.544381
vn 0.685299 0.456620 -0.567330
vn 0.013711 0.994076 0.107817
vn 0.036039 0.988149 0.149208
vn 0.092499 0.951983 -0.291844
vn 0.075755 0.956487 -0.281770
vn 0.070882 0.983478 0.166571
vn -0.002277 0.989493 0.144565
vn -0.004085 0.989741 0.142812
vn 0.830316 0.014420 -0.557106
vn 0.057697 -0.960906 -0.270798
vn 0.699479 -0.430468 -0.570462
vn 0.679811 0.466345 -0.566021
vn 0.118647 0.944159 -0.307387
vn -0.000000 0.971994 -0.235008
vn 0.593283 0.018246 -0.804787
vn 0.590691 -0.018393 -0.806688
vn 0.014043 -0.519423 -0.854402
vn 0.000000 -0.527104 -0.849801
vn 0.001589 0.600743 -0.799441
vn 0.028556 0.576620 -0.816513
vn 0.331930 -0.302086 -0.893626
vn 0.410899 -0.240808 -0.879303
vn 0.436813 0.256144 -0.862314
vn 0.359026 0.326971 -0.874180
vn 0.000000 0.608055 -0.793895
vn -0.938110 0.179867 -0.295969
vn -0.933333 -0.204333 -0.295192
vn -0.964387 -0.030806 -0.262693
vn -0.964675 0.014587 -0.263037
vn 0.000000 0.989777 -0.142623
vn -0.012674 0.989170 -0.146229
vn -0.012756 0.989761 -0.142167
vn 0.000000 0.990330 -0.138734
vn -0.000000 -0.991612 -0.129248
vn -0.012376 -0.991066 -0.132796
vn -0.012492 -0.989974 -0.140696
vn 0.000000 -0.990568 -0.137021
vn -0.846975 0.027902 0.530900
vn -0.846975 -0.027902 0.530900
vn -0.828252 -0.027804 0.559666
vn -0.828252 0.027804 0.559666
vn -0.000000 0.974238 0.225524
vn -0.006624 0.973313 0.229388
vn -0.005042 0.971035 0.238883
vn -0.000000 0.971903 0.235383
vn -0.000000 -0.979157 0.203105
vn 0.000000 -0.971745 0.236032
vn 0.000577 -0.971797 0.235819
vn -0.010731 -0.977047 0.212752
vn -0.798365 0.530790 -0.284384
vn -0.706597 0.650647 -0.278172
vn -0.704333 0.648158 -0.289493
vn -0.761047 -0.586563 -0.277040
vn -0.654205 -0.702603 -0.279938
vn -0.657499 -0.704130 -0.268135
vn -0.640214 0.561821 0.523911
vn -0.711574 0.443101 0.545275
vn -0.697472 0.433763 0.570423
vn -0.632963 0.541485 0.553310
vn -0.640216 -0.561817 0.523913
vn -0.632964 -0.541483 0.553310
vn -0.697472 -0.433763 0.570423
vn -0.711573 -0.443101 0.545275
vn -0.062498 -0.959542 0.274542
vn -0.828551 0.027815 0.559222
vn -0.828551 -0.027814 0.559222
vn -0.004373 0.971003 0.239029
vn -0.000000 0.971756 0.235990
vn -0.697918 0.433857 0.569805
vn -0.636589 0.536824 0.553692
vn -0.697918 -0.433857 0.569805
vn -0.636588 -0.536825 0.553691
vn -0.050962 -0.961983 0.268314
vn 0.001206 -0.971698 0.236225
vn -0.000000 -0.140891 -0.990025
vn -0.569165 0.023781 -0.821879
vn -0.569166 -0.023781 -0.821879
vn 0.000000 0.171927 -0.985110
vn -0.004502 0.177357 -0.984136
vn -0.294299 0.285388 -0.912108
vn -0.409211 0.256049 -0.875777
vn -0.409212 -0.256049 -0.875776
vn -0.294300 -0.285389 -0.912108
vn -0.012860 -0.187502 -0.982180
vn 0.003069 -0.172031 -0.985087
vn -0.786576 -0.086999 -0.611335
vn -0.000877 0.994702 -0.102799
vn -0.002151 0.994723 -0.102580
vn -0.000470 0.994695 -0.102869
vn 0.000415 0.989145 0.146940
vn 0.967893 0.237592 -0.082055
vn 0.000555 0.615269 -0.788317
vn 0.000000 0.615269 -0.788317
vn 0.521541 0.648633 -0.554320
vn 0.591266 0.796187 -0.128414
vn 0.001783 0.887791 -0.460244
vn 0.000000 0.887792 -0.460244
vn 0.251951 0.897415 -0.362170
vn 0.929402 -0.025859 -0.368163
vn 0.929434 0.026983 -0.368001
vn -0.000000 -0.898559 -0.438853
vn 0.010195 -0.897502 -0.440893
vn -0.000435 0.908535 -0.417809
vn 0.000000 0.903619 -0.428338
vn 0.674278 -0.574172 -0.464408
vn 0.785853 -0.430046 -0.444405
vn 0.790027 0.433250 -0.433764
vn 0.680464 0.580472 -0.447237
vn 0.038143 0.913507 -0.405032
vn 0.000352 0.996272 -0.086264
vn 0.000355 0.996272 -0.086264
vn 0.000223 0.996274 -0.086245
vn 0.000492 0.996271 -0.086279
vn -0.974963 0.216222 -0.051922
vn -0.966592 0.238638 0.093545
vn -0.197082 0.488040 0.850280
vn 0.197081 0.488039 0.850281
vn 0.966593 0.238635 0.093549
vn 0.974964 0.216215 -0.051921
vn 0.195357 0.353509 -0.914804
vn -0.195348 0.353518 -0.914803
vn 0.975879 0.217574 -0.017916
vn 0.789503 0.170492 -0.589591
vn 0.301571 0.141403 -0.942900
vn -0.301570 0.141402 -0.942900
vn -0.789503 0.170490 -0.589592
vn -0.975880 0.217571 -0.017915
vn -0.789506 0.264650 0.553752
vn -0.301551 0.293751 0.907071
vn 0.301549 0.293750 0.907072
vn 0.789502 0.264651 0.553757
vn 0.000003 0.996628 -0.082058
vn 0.000001 0.996628 -0.082059
vn -0.000002 0.996628 -0.082056
vn 0.000005 0.996627 -0.082065
vn 0.000012 0.996627 -0.082065
vn 0.000012 0.996625 -0.082084
vn 0.000000 0.996625 -0.082088
vn -0.000012 0.996625 -0.082084
vn -0.000012 0.996627 -0.082065
vn -0.000024 0.996628 -0.082053
vn -0.000007 0.996629 -0.082044
vn -0.000005 0.996624 -0.082099
vn -0.000016 0.996626 -0.082078
vn 0.000009 0.996627 -0.082061
vn -0.897851 0.438815 -0.036132
vn -0.726385 0.482099 0.489842
vn -0.277476 0.508830 0.814923
vn 0.277476 0.508828 0.814924
vn 0.726382 0.482106 0.489840
vn 0.897842 0.438833 -0.036133
vn 0.726380 0.395525 -0.562079
vn 0.277469 0.368747 -0.887151
vn -0.277468 0.368745 -0.887152
vn -0.726382 0.395514 -0.562084
vn 0.000000 0.000000 -1.000000
vn -0.000108 -0.000025 -1.000000
vn -0.000108 0.000025 -1.000000
vn -0.000087 0.000069 -1.000000
vn -0.000048 0.000100 -1.000000
vn 0.000000 0.000111 -1.000000
vn 0.000048 0.000100 -1.000000
vn 0.000087 0.000069 -1.000000
vn 0.000108 0.000025 -1.000000
vn 0.000108 -0.000025 -1.000000
vn 0.000087 -0.000069 -1.000000
vn 0.000048 -0.000100 -1.000000
vn 0.000000 -0.000111 -1.000000
vn -0.000048 -0.000100 -1.000000
vn -0.000087 -0.000069 -1.000000
vn -0.777410 -0.374382 -0.505441
vn -0.862860 0.000000 -0.505443
vn -0.777411 0.374380 -0.505442
vn -0.537983 0.674615 -0.505439
vn -0.192004 0.841229 -0.505439
vn 0.192004 0.841229 -0.505439
vn 0.537983 0.674616 -0.505438
vn 0.777412 0.374381 -0.505440
vn 0.862862 0.000000 -0.505440
vn 0.777411 -0.374382 -0.505441
vn 0.537983 -0.674614 -0.505441
vn 0.192005 -0.841226 -0.505443
vn -0.192005 -0.841226 -0.505443
vn -0.537985 -0.674612 -0.505441
vn 0.961799 0.000002 -0.273757
vn 0.866552 0.417309 -0.273754
vn 0.599677 0.751961 -0.273754
vn 0.214023 0.937685 -0.273754
vn -0.214023 0.937685 -0.273754
vn -0.599676 0.751962 -0.273755
vn -0.866551 0.417309 -0.273756
vn -0.961799 0.000000 -0.273756
vn -0.866552 -0.417308 -0.273756
vn -0.599672 -0.751964 -0.273757
vn -0.214020 -0.937685 -0.273756
vn 0.214021 -0.937685 -0.273756
vn 0.599672 -0.751965 -0.273756
vn 0.866551 -0.417308 -0.273757
vn 0.941269 0.000000 0.337658
vn 0.990630 0.000000 0.136575
vn 0.996277 -0.000002 0.086206
vn 0.971244 0.000001 0.238086
vn 0.971242 0.000000 0.238093
vn 0.978276 0.000000 0.207307
vn 0.978273 0.000000 0.207319
vn 0.978276 0.000003 0.207305
vn 0.996277 0.000000 0.086208
vn 0.996278 0.000000 0.086205
vn -0.978277 -0.000000 -0.207302
vn -0.978276 0.000000 -0.207308
vn -0.978277 0.000000 -0.207303
vn -0.978277 0.000000 -0.207302
vn -0.978276 0.000000 -0.207307
vn -0.978276 -0.000008 -0.207305
vn -0.978278 0.000000 -0.207295
vn 0.154881 0.000000 0.987933
vn -0.207338 0.000000 0.978269
vn 0.275256 0.000000 -0.961371
vn 0.207348 0.000000 -0.978267
vn 0.000005 -1.000000 -0.000001
vn 0.766923 0.000000 0.641740
vn -0.000003 1.000000 0.000001
vn 0.742313 0.000000 0.670053
vn -0.010372 -0.998748 0.048936
vn -0.010373 0.998748 0.048939
vn 0.017865 0.996281 -0.084291
vn 0.207320 0.000000 -0.978273
vn 0.011680 -0.996235 -0.085901
vn 0.011684 0.996235 -0.085899
vn 0.996204 0.005081 0.086901
vn -0.115737 -0.067124 0.991009
vn -0.978277 0.003169 -0.207279
vn 0.173611 -0.484456 -0.857416
vn 0.996204 -0.005065 0.086898
vn 0.173614 0.484455 -0.857415
vn -0.978277 -0.003169 -0.207279
vn -0.115750 0.067150 0.991006
vn -0.000000 -1.000000 -0.000000
vn 0.986520 -0.000001 -0.163638
vn -0.000000 1.000000 -0.000000
vn 0.000000 1.000000 -0.000000
vn -0.951346 -0.000000 0.308125
vn -0.000013 -1.000000 0.000007
vn 0.978279 0.000000 0.207292
vn 0.978276 -0.000003 0.207305
vn -0.963299 0.000000 -0.268432
vn -0.978279 0.000000 -0.207295
vn -0.978276 0.000008 -0.207305
vn 0.017865 -0.996281 -0.084293
vn -0.000066 1.000000 -0.000039
vn 0.684036 0.000000 0.729449
vn -0.000425 -1.000000 -0.000173
vn 0.000495 -1.000000 0.000022
vn -0.937201 0.000000 0.348790
vn 0.000083 1.000000 -0.000007
vn 0.000004 1.000000 -0.000015
vn 0.015281 0.997754 -0.065217
vn 0.020445 -0.997713 -0.064423
vn -0.967626 -0.002606 -0.252376
vn 0.366041 0.000576 -0.930599
vn 0.973391 0.002608 0.229135
vn -0.229103 -0.000208 0.973402
vn -0.958325 -0.002601 -0.285668
vn 0.760203 0.001666 -0.649683
vn 0.990916 0.002614 0.134454
vn 0.899866 0.002500 0.436158
vn 0.267446 0.001095 0.963572
vn -0.002589 0.999997 -0.000399
vn -0.002589 0.999997 -0.000398
vn 0.002585 -0.999997 0.000397
vn 0.002584 -0.999997 0.000396
vn -0.958326 -0.002559 -0.285667
vn 0.760222 0.001705 -0.649661
vn 0.990917 0.002610 0.134452
vn 0.899871 0.002521 0.436149
vn 0.267443 0.001072 0.963573
vn 0.002585 -0.999997 0.000399
vn 0.002583 -0.999997 0.000398
vn -0.002587 0.999997 -0.000398
vn -0.002588 0.999997 -0.000397
vn 0.000019 1.000000 0.000004
vn -0.232983 0.000000 0.972481
vn -0.000016 -1.000000 -0.000003
vn -0.095078 0.000000 0.995470
vn 0.286803 0.000000 0.957990
vn 0.792383 0.000000 0.610024
vn 0.957990 0.000000 -0.286802
vn -0.286797 0.000000 -0.957991
vn -0.000000 1.000000 0.000000
vn 0.662983 0.207304 -0.719360
vn 0.263198 0.373213 -0.889629
vn -0.162344 0.547856 -0.820670
vn -0.499624 0.684439 -0.530961
vn -0.658264 0.746364 -0.098131
vn -0.595755 0.717040 0.361842
vn -0.328852 0.604321 0.725708
vn 0.070927 0.438412 0.895971
vn 0.496463 0.263769 0.827013
vn 0.833741 0.127193 0.537306
vn 0.992384 0.065272 0.104472
vn 0.929879 0.094594 -0.355496
vn 0.380664 0.924685 0.007230
vn 0.380664 0.924685 0.007232
vn 0.380664 0.924685 0.007233
vn 0.632646 0.617351 -0.467586
vn 0.370695 0.726090 -0.579118
vn 0.091879 0.840523 -0.533928
vn -0.129113 0.930005 -0.344122
vn -0.233067 0.970575 -0.060530
vn -0.192111 0.951358 0.240855
vn -0.017229 0.877503 0.479262
vn 0.244706 0.768787 0.590834
vn 0.523527 0.654353 0.545658
vn 0.744523 0.564866 0.355825
vn 0.848477 0.524282 0.072220
vn 0.807533 0.543480 -0.229172
vn 0.638700 0.769455 -0.000000
vn -0.685365 0.728199 -0.000000
vn 0.000000 0.000000 1.000000
vn 0.638700 0.769456 -0.000000
vn -0.000002 -0.000002 1.000000
vn -0.000004 -0.000002 1.000000
vn 0.999419 -0.028605 -0.018554
vn 0.851223 -0.524567 -0.015803
vn 0.474941 -0.879974 -0.008816
vn -0.028601 -0.999591 0.000533
vn -0.524480 -0.851367 0.009739
vn -0.879822 -0.475022 0.016336
vn -0.999418 0.028607 0.018557
vn -0.851220 0.524571 0.015806
vn -0.474941 0.879973 0.008819
vn 0.028601 0.999591 -0.000532
vn 0.524478 0.851368 -0.009739
vn 0.879823 0.475021 -0.016336
vn 0.018567 0.000000 0.999828
vn 0.018568 -0.000004 0.999828
vn 0.018571 -0.000008 0.999828
vn 0.018569 -0.000003 0.999828
vn 0.798782 -0.022535 0.601199
vn 0.682031 -0.413255 0.603369
vn 0.385593 -0.693246 0.608875
vn -0.011095 -0.787479 0.616241
vn -0.401751 -0.670709 0.623495
vn -0.681692 -0.374220 0.628693
vn -0.775910 0.022540 0.630441
vn -0.659160 0.413259 0.628271
vn -0.362727 0.693246 0.622768
vn 0.033966 0.787481 0.615403
vn 0.424620 0.670711 0.608149
vn 0.704564 0.374222 0.602949
vn 0.851222 -0.524568 -0.015804
vn 0.999419 -0.028604 -0.018557
vn 0.474938 -0.879975 -0.008818
vn -0.028599 -0.999591 0.000531
vn -0.524476 -0.851369 0.009739
vn -0.879822 -0.475022 0.016338
vn -0.999418 0.028605 0.018559
vn -0.851220 0.524570 0.015806
vn -0.474936 0.879976 0.008818
vn 0.028603 0.999591 -0.000530
vn 0.524477 0.851369 -0.009737
vn 0.879824 0.475020 -0.016337
vn 0.018553 0.000002 0.999828
vn 0.018554 0.000017 0.999828
vn 0.018560 0.000016 0.999828
vn 0.018568 0.000009 0.999828
vn 0.018577 0.000007 0.999827
vn 0.018569 0.000005 0.999828
vn 0.018566 -0.000008 0.999828
vn 0.018579 -0.000013 0.999828
vn 0.018573 -0.000013 0.999828
vn 0.018569 0.000003 0.999828
vn 0.018555 -0.000005 0.999828
vn -0.999419 0.028603 0.018560
vn -0.851222 0.524567 0.015808
vn -0.474941 0.879973 0.008820
vn 0.028597 0.999591 -0.000531
vn 0.524479 0.851368 -0.009739
vn 0.879825 0.475018 -0.016338
vn 0.999419 -0.028600 -0.018559
vn 0.851219 -0.524573 -0.015807
vn 0.474936 -0.879976 -0.008820
vn -0.028598 -0.999591 0.000531
vn -0.524479 -0.851368 0.009740
vn -0.879822 -0.475023 0.016339
vn 0.851221 -0.524570 -0.015809
vn 0.999419 -0.028600 -0.018564
vn 0.999418 -0.028604 -0.018561
vn 0.851223 -0.524566 -0.015812
vn 0.474936 -0.879976 -0.008822
vn -0.028597 -0.999591 0.000529
vn -0.524477 -0.851369 0.009741
vn -0.524477 -0.851369 0.009738
vn -0.879820 -0.475025 0.016342
vn -0.879825 -0.475017 0.016337
vn -0.999418 0.028609 0.018564
vn -0.999418 0.028610 0.018560
vn -0.851217 0.524575 0.015811
vn -0.851221 0.524569 0.015807
vn -0.474942 0.879973 0.008824
vn -0.474941 0.879974 0.008818
vn 0.028600 0.999591 -0.000528
vn 0.028602 0.999591 -0.000528
vn 0.524474 0.851371 -0.009744
vn 0.524474 0.851371 -0.009734
vn 0.879822 0.475022 -0.016347
vn 0.879824 0.475019 -0.016335
vn 0.539818 -0.323662 0.777071
vn 0.631252 -0.017648 0.775377
vn 0.557458 0.293087 0.776750
vn 0.338214 0.525296 0.780817
vn 0.032259 0.616754 0.786495
vn -0.278431 0.542949 0.792264
vn -0.510598 0.323665 0.796575
vn -0.602045 0.017651 0.798267
vn -0.528254 -0.293097 0.796895
vn -0.308997 -0.525305 0.792827
vn -0.003034 -0.616755 0.787149
vn 0.307651 -0.542949 0.781382
vn 0.602022 -0.017648 -0.798284
vn 0.510591 -0.323654 -0.796583
vn 0.278429 -0.542949 -0.792265
vn -0.032259 -0.616758 -0.786491
vn -0.338220 -0.525307 -0.780807
vn -0.557471 -0.293095 -0.776738
vn -0.631260 0.017651 -0.775370
vn -0.539819 0.323666 -0.777069
vn -0.307653 0.542958 -0.781375
vn 0.003037 0.616753 -0.787151
vn 0.308989 0.525293 -0.792838
vn 0.528231 0.293083 -0.796915
vn -0.999418 0.028605 0.018558
vn -0.999418 0.028605 0.018560
vn -0.768192 0.640061 0.014265
vn 0.028602 0.999591 -0.000531
vn 0.486458 0.873657 -0.009033
vn 0.976516 0.214679 -0.018133
vn 0.805191 -0.592827 -0.014950
vn 0.895626 -0.444497 -0.016630
vn 0.028199 -0.999602 -0.000524
vn -0.322313 -0.946614 0.005985
vn -0.702606 -0.711459 0.013047
vn -0.018566 0.000000 -0.999828
vn -0.018566 0.000001 -0.999828
vn 0.018565 0.000002 0.999828
vn -0.999418 0.028606 0.018559
vn -0.999418 0.028604 0.018563
vn 0.891458 -0.452801 -0.016554
vn 0.891458 -0.452801 -0.016553
vn -0.014266 -0.999898 0.000265
vn -0.018568 0.000001 -0.999828
vn -0.018565 -0.000008 -0.999828
vn -0.018566 -0.000002 -0.999828
vn -0.018567 0.000000 -0.999828
vn 0.481292 -0.876515 -0.008938
vn 0.018567 -0.000002 0.999828
vn 0.018565 0.000000 0.999828
vn 0.018567 0.000004 0.999828
vn 0.018567 0.000002 0.999828
vn 0.018566 0.000002 0.999828
vn 0.018563 -0.000001 0.999828
vn 0.018559 -0.000002 0.999828
vn 0.018562 -0.000001 0.999828
vn 0.018565 -0.000000 0.999828
vn -0.018566 -0.000001 -0.999828
vn 0.018567 0.000006 0.999828
vn 0.018563 0.000005 0.999828
vn 0.018559 0.000003 0.999828
vn 0.018563 0.000002 0.999828
vn 0.000000 -0.581824 -0.813314
vn 0.000000 -0.588030 -0.808839
vn 0.000000 -0.599809 -0.800143
vn 0.000000 -0.589583 -0.807708
vn 0.000000 -0.963458 0.267858
vn 0.000000 -0.999117 -0.042015
vn 0.000000 -0.946504 0.322691
vn -0.687422 -0.687406 0.234358
vn 0.668045 -0.744108 0.004453
vn -0.668045 -0.744107 0.004453
vn 0.687421 -0.687407 0.234359
vn -0.085253 -0.550423 -0.830522
vn -0.031618 -0.618507 -0.785143
vn -0.000009 -0.655697 -0.755024
vn 0.000009 -0.655697 -0.755024
vn 0.031619 -0.618507 -0.785143
vn 0.085255 -0.550422 -0.830522
vn 0.955950 -0.165242 -0.242599
vn 0.709255 0.428724 -0.559601
vn 0.000000 0.762506 -0.646981
vn -0.709257 0.428720 -0.559602
vn -0.955948 -0.165246 -0.242605
vn 0.000000 0.160519 0.987033
vn 0.000000 -0.738790 0.673935
vn 0.000002 0.090321 0.995913
vn 0.000002 -0.398973 0.916963
vn 0.000000 -0.960367 0.278739
vn 0.000000 -0.820908 -0.571060
vn 0.934258 0.314743 0.167625
vn 0.580486 0.246453 0.776078
vn -0.101859 0.255388 0.961458
vn -0.713057 0.336324 0.615172
vn -0.895089 0.441841 -0.059939
vn -0.541321 0.510123 -0.668391
vn 0.141028 0.501184 -0.853772
vn 0.752230 0.420257 -0.507478
vn 0.051190 0.988725 0.140723
vn 0.051190 0.988724 0.140727
vn 0.051187 0.988722 0.140743
vn 0.051189 0.988723 0.140734
vn 0.993363 -0.000003 -0.115025
vn 0.860277 0.496681 -0.115026
vn 0.496680 0.860278 -0.115025
vn -0.000000 0.993363 -0.115025
vn -0.496683 0.860276 -0.115025
vn -0.860276 0.496684 -0.115025
vn -0.993363 0.000000 -0.115026
vn -0.860276 -0.496684 -0.115025
vn -0.496683 -0.860276 -0.115025
vn -0.000000 -0.993363 -0.115025
vn 0.496681 -0.860278 -0.115025
vn 0.860274 -0.496686 -0.115025
vn 0.567421 0.062753 -0.821033
vn 0.995575 0.007162 -0.093699
vn 0.956817 -0.022153 0.289844
vn 0.165400 -0.075160 0.983358
vn 0.000001 0.997092 0.076209
vn 0.000000 0.997092 0.076209
vn -0.000000 -0.997092 -0.076209
vn -0.000001 -0.997092 -0.076209
vn 1.000000 0.000565 0.000000
vn 1.000000 0.000564 0.000001
vn 1.000000 0.000566 0.000000
vn 1.000000 0.000569 -0.000000
vn 1.000000 0.000562 0.000001
vn 0.000467 -0.827646 -0.561251
vn 0.000562 -0.995772 -0.091859
vn 0.000531 -0.939710 -0.341971
vn 0.000566 -0.999970 0.007797
vn 0.000484 -0.851948 0.523627
vn 0.000564 -0.994545 0.104311
vn -0.000003 0.003510 0.999994
vn -1.000000 -0.000564 0.000000
vn -1.000000 -0.000566 0.000001
vn -1.000000 -0.000566 -0.000000
vn -1.000000 -0.000565 -0.000000
vn -1.000000 -0.000566 -0.000001
vn 1.000000 0.000566 -0.000000
vn 1.000000 0.000566 -0.000001
vn 0.000531 -0.939711 -0.341970
vn -0.000004 0.003507 0.999994
vn -1.000000 -0.000567 -0.000000
vn -1.000000 -0.000566 -0.000002
vn 0.373511 -0.909248 -0.183731
vn 0.385146 -0.903113 -0.189865
vn 0.385149 0.903112 -0.189866
vn 0.389982 0.900495 -0.192414
vn 0.204038 -0.973591 -0.102419
vn 0.898501 0.000000 -0.438972
vn 0.898500 0.000001 -0.438973
vn 0.898501 0.000001 -0.438972
vn 0.389978 -0.900497 -0.192413
vn 0.373513 0.909247 -0.183731
vn 0.204048 0.973588 -0.102423
vn -0.300257 0.942197 0.148697
vn -0.346677 -0.922257 0.171047
vn -0.201874 0.974176 0.101134
vn -0.895414 0.049391 0.442488
vn -0.893036 0.008228 0.449910
vn -0.894523 0.047091 0.444534
vn -0.893036 -0.008228 0.449910
vn -0.894523 -0.047093 0.444534
vn -0.892764 -0.004758 0.450499
vn -0.892764 0.004758 0.450499
vn -0.346676 0.922257 0.171046
vn -0.300254 -0.942198 0.148695
vn -0.201875 -0.974176 0.101134
vn -0.895413 -0.049393 0.442488
vn -0.859417 -0.380861 0.341096
vn -0.762492 -0.358134 -0.538837
vn 0.967075 -0.243428 0.074219
vn -0.870659 -0.217729 0.441075
vn -0.960206 -0.226648 -0.163203
vn 0.453624 -0.018281 0.891005
vn -0.055255 -0.994091 -0.093437
vn -0.509047 -0.000003 -0.860738
vn 0.957957 0.000000 0.286912
vn -0.509006 -0.000002 -0.860763
vn 0.967074 0.243432 0.074220
vn -0.762497 0.358126 -0.538836
vn -0.859420 0.380853 0.341098
vn 0.453625 0.018277 0.891005
vn -0.960208 0.226638 -0.163204
vn -0.870662 0.217717 0.441076
vn -0.509042 0.000003 -0.860742
vn -0.055257 0.994091 -0.093435
vn -0.165738 0.000000 -0.986170
vn 0.827008 0.000000 -0.562190
vn 0.999737 -0.000001 0.022945
vn 0.687352 0.685356 -0.240488
vn 0.727283 -0.637428 -0.254450
vn 0.943468 -0.030208 -0.330085
vn -0.028527 -0.999543 0.009979
vn -0.820933 -0.493532 0.287219
vn -0.028510 -0.999544 0.009977
vn -0.446770 0.880888 0.156311
vn 0.330237 0.000003 0.943898
vn 0.330237 0.000001 0.943898
vn 0.330236 0.000001 0.943898
vn 0.330236 0.000004 0.943898
vn -0.330240 0.000000 -0.943897
vn -0.330241 -0.000000 -0.943897
vn -0.330239 -0.000001 -0.943897
vn 0.687350 0.685358 -0.240486
vn 0.727283 -0.637427 -0.254451
vn 0.943467 -0.030211 -0.330087
vn -0.820932 -0.493534 0.287219
vn -0.446771 0.880888 0.156310
vn 0.330239 0.000003 0.943897
vn 0.330239 0.000002 0.943897
vn 0.330238 0.000000 0.943898
vn 0.330237 0.000004 0.943898
vn -0.330237 -0.000002 -0.943898
vn 0.245215 0.804484 -0.540994
vn 0.349271 0.907412 0.233696
vn 0.338707 0.940470 -0.028180
vn 0.349271 0.907412 0.233695
vn 0.293670 0.641303 0.708864
vn -0.006200 -0.247158 0.968955
vn -0.937001 0.339877 0.080701
vn -0.937002 0.339876 0.080700
vn 0.937001 -0.339876 -0.080701
vn 0.937001 -0.339877 -0.080701
vn 0.937002 -0.339875 -0.080700
vn 0.937002 -0.339876 -0.080700
vn 0.319661 0.741071 0.590450
vn 0.319662 0.741061 0.590462
vn 0.319657 0.741064 0.590461
vn 0.319665 0.741061 0.590460
vn -0.343514 -0.938452 -0.036131
vn 0.937002 -0.339875 -0.080701
vn 0.349260 0.907010 0.235268
vn -0.937002 0.339876 0.080699
vn -0.997217 -0.070704 0.023664
vn -0.999707 -0.002340 0.024085
vn 0.997217 -0.070704 0.023664
vn 0.999707 -0.002341 0.024085
vn -0.032696 -0.999465 0.000492
vn 0.032696 -0.999465 0.000492
vn -0.000158 -0.660506 -0.750821
vn 0.000000 -0.911913 0.410383
vn -0.000001 -0.656968 -0.753918
vn -0.000003 -0.656969 -0.753918
vn 0.000002 -0.656969 -0.753918
vn 0.000001 -0.656969 -0.753918
vn -0.000000 -0.656967 -0.753919
vn 0.000001 -0.656967 -0.753919
vn 0.979918 -0.074439 -0.184986
vn 0.977840 -0.121547 -0.170454
vn -0.977841 -0.121546 -0.170454
vn -0.979918 -0.074438 -0.184986
vn -0.032647 0.948750 -0.314337
vn 0.032647 0.948750 -0.314337
vn 0.000000 0.808735 0.588172
vn 0.000000 -0.889567 0.456805
vn 0.000000 -0.847064 -0.531491
vn 0.000000 -0.754605 -0.656180
vn -1.000000 -0.000001 0.000000
vn -1.000000 -0.000000 0.000000
vn 1.000000 -0.000001 -0.000000
vn 0.000000 0.808735 0.588173
vn 0.373165 -0.922154 -0.101879
vn 0.532777 0.841138 0.092928
vn 0.000000 0.993953 0.109811
vn 0.000102 0.109811 -0.993953
vn 0.000106 0.109811 -0.993953
vn 0.000000 0.109810 -0.993953
vn -0.000023 -0.109811 0.993953
vn 0.000001 -0.109811 0.993953
vn -0.000015 -0.109811 0.993953
vn 0.725566 0.075567 -0.683991
vn 0.725565 -0.075566 0.683992
vn 0.275568 -0.606939 -0.745444
vn 0.275569 -0.755027 0.594976
vn 0.725583 0.075566 -0.683973
vn 0.725579 -0.075565 0.683977
vn 0.392266 0.693607 -0.604183
vn 0.392264 0.544986 0.741026
vn 0.000000 0.809929 -0.586528
vn 0.532775 0.841139 0.092928
vn 0.000026 0.109811 -0.993952
vn 0.000027 0.109811 -0.993952
vn 0.000000 0.109811 -0.993952
vn 0.000240 -0.109810 0.993953
vn -0.000001 -0.109811 0.993953
vn 0.000160 -0.109811 0.993953
vn 0.725568 0.075566 -0.683989
vn 0.725562 -0.075567 0.683996
vn 0.275570 -0.606940 -0.745443
vn 0.275568 -0.755025 0.594979
vn 0.725585 0.075565 -0.683971
vn 0.725581 -0.075563 0.683976
vn 0.392267 0.693611 -0.604177
vn 0.392264 0.544989 0.741023
vn 0.000000 0.809932 -0.586523
vn 0.373165 -0.922154 -0.101878
vn 0.532776 0.841138 0.092928
vn 0.000000 0.993952 0.109811
vn 0.000042 0.109811 -0.993953
vn 0.000062 0.109811 -0.993953
vn 0.000082 -0.109811 0.993953
vn -0.000002 -0.109811 0.993952
vn 0.000019 -0.109811 0.993952
vn 0.725562 0.075566 -0.683996
vn 0.725566 -0.075566 0.683991
vn 0.275569 -0.606936 -0.745446
vn 0.275570 -0.755031 0.594970
vn 0.725579 0.075564 -0.683978
vn 0.725581 -0.075566 0.683975
vn 0.392262 0.693604 -0.604189
vn 0.392261 0.544987 0.741027
vn 0.000000 0.809927 -0.586531
vn -0.000000 0.662358 0.749188
vn 0.000000 0.662366 0.749181
vn 0.000000 0.662359 0.749187
vn 0.739359 0.438685 0.510788
vn 0.716393 0.664703 -0.212018
vn 0.707105 0.704573 -0.059828
vn 0.725389 0.624487 -0.289530
vn 0.754652 0.284378 -0.591295
vn 0.749402 0.227360 -0.621856
vn 0.000000 0.653993 0.756501
vn -0.000000 0.965583 -0.260094
vn 0.000000 0.965583 -0.260094
vn 0.000000 0.996414 -0.084608
vn -0.000001 0.883343 -0.468727
vn 0.000000 0.883343 -0.468727
vn -0.000001 0.475149 -0.879905
vn 0.000000 0.475149 -0.879905
vn 0.000000 0.329214 -0.944256
vn -0.000000 0.816968 -0.576683
vn -0.000000 0.816967 -0.576685
vn 0.000000 0.816967 -0.576685
vn 0.000000 0.816968 -0.576683
vn 0.000000 0.957826 0.287348
vn 0.000000 0.672673 0.739940
vn 0.000000 0.672672 0.739941
vn -0.000000 0.672671 0.739941
vn -0.000000 0.672673 0.739940
vn 0.000000 -0.416638 0.909073
vn 0.000000 -0.959366 -0.282166
vn 1.000000 -0.000000 0.000000
vn 0.694763 -0.319281 0.644487
vn 0.663697 0.715672 0.217529
vn 0.000000 0.153415 0.988162
vn 0.694518 0.485013 0.531419
vn 0.422385 0.233487 0.875828
vn 0.000000 0.846073 0.533067
vn 0.716171 0.590184 0.372533
vn 0.000000 0.613938 -0.789354
vn 0.000000 0.985072 -0.172145
vn 0.000000 0.962739 0.270432
vn 0.000000 0.546271 0.837609
vn 0.000000 -0.993398 0.114716
vn -0.000000 -0.993398 0.114716
vn 0.000000 -0.167257 -0.985913
vn -0.000000 -0.167257 -0.985913
vn 0.000000 0.990858 -0.134910
vn 0.000000 -0.167258 -0.985913
vn -0.000000 -0.167258 -0.985913
vn -0.000011 -1.000000 0.000116
vn -0.000000 -1.000000 0.000123
vn 0.001229 0.959388 0.282087
vn 0.000978 0.959349 0.282220
vn 0.000000 0.959342 0.282245
vn 0.000000 0.959413 0.282003
vn 0.000000 0.882122 -0.471021
vn 0.000744 0.882122 -0.471021
vn 0.000000 0.989224 0.146409
vn -0.003909 0.988033 0.154190
vn -0.006354 0.979815 0.199804
vn -0.014377 0.983212 0.181899
vn -0.007640 0.988066 0.153839
vn 0.000208 0.994894 0.100930
vn 0.000032 0.995049 0.099387
vn 0.000264 0.996474 0.083901
vn -0.001735 -0.999998 0.000667
vn -0.003093 -0.999995 0.000660
vn -0.003978 -0.999992 0.000514
vn -0.002405 -0.999997 0.000523
vn -0.004653 -0.999989 -0.000159
vn -0.003090 -0.999995 -0.000167
vn -0.346076 0.932658 0.101883
vn -0.382069 0.921867 0.064682
vn -0.399333 0.914409 0.066258
vn -0.383933 0.917929 0.100008
vn -0.381578 0.916966 0.116498
vn -0.331254 0.931518 0.150148
vn -0.442021 0.893465 0.079609
vn -0.412776 0.908996 0.057808
vn -0.423073 0.904727 0.049787
vn -0.467122 0.880771 0.077716
vn -0.450641 0.886994 0.100818
vn -0.427309 0.898121 0.103852
vn -0.351667 0.921752 0.163414
vn -0.350256 0.914909 0.200655
vn -0.319125 0.925999 0.201705
vn -0.409582 0.901338 0.140827
vn -0.432415 0.891162 0.137289
vn -0.426867 0.884177 0.189776
vn -0.407274 0.892720 0.192817
vn -0.013900 -0.999898 0.003247
vn -0.012316 -0.999904 0.006277
vn -0.004741 -0.999986 0.002457
vn -0.007030 -0.999974 0.001416
vn -0.077866 -0.994196 0.074244
vn -0.078674 -0.994820 0.064365
vn -0.073181 -0.995981 0.051641
vn -0.654113 -0.305991 0.691741
vn -0.685190 0.000004 0.728364
vn -0.716300 -0.002232 0.697789
vn -0.656119 -0.401449 0.639020
vn -0.933996 -0.012811 0.357055
vn -0.811023 -0.505197 0.294987
vn -0.769861 -0.556380 0.312657
vn -0.919456 -0.013648 0.392956
vn -0.270251 -0.960457 0.066983
vn -0.247532 -0.966379 0.069567
vn -0.005164 0.897616 0.440747
vn -0.005011 -0.999983 0.002988
vn -0.358197 0.896668 0.260158
vn -0.325328 0.907489 0.265753
vn -0.341258 0.898417 0.276389
vn -0.320141 0.899017 0.298794
vn -0.417647 0.879660 0.227528
vn -0.399200 0.886968 0.232222
vn -0.390407 0.882464 0.262372
vn -0.348846 0.900303 0.260310
vn -0.345906 0.882911 0.317518
vn -0.312747 0.891505 0.327732
vn -0.369185 0.881669 0.293875
vn -0.346870 0.885807 0.308265
vn -0.327046 0.881028 0.341805
vn -0.349280 0.877082 0.329744
vn -0.411201 0.817258 0.403737
vn -0.380212 0.826384 0.415365
vn -0.369241 0.873936 0.316065
vn -0.436581 0.810668 0.390146
vn -0.716308 0.002235 0.697780
vn -0.665083 0.227158 0.711381
vn -0.685549 0.273876 0.674548
vn -0.634341 0.530970 0.561857
vn -0.752691 0.011154 0.658279
vn -0.048151 0.986182 0.158514
vn -0.056484 0.975586 0.212230
vn -0.205158 0.965524 0.160230
vn -0.200888 0.957403 0.207422
vn -0.214205 0.970891 0.107179
vn -0.219740 0.972356 0.078986
vn -0.006231 0.996642 0.081645
vn -0.011520 0.994730 0.101875
vn -0.146422 0.328802 0.932979
vn -0.156159 0.000001 0.987732
vn -0.030352 0.000000 0.999539
vn -0.028401 0.335341 0.941669
vn -0.434947 0.293786 0.851182
vn -0.457117 0.000003 0.889407
vn -0.067763 0.888144 0.454542
vn -0.012477 0.890758 0.454308
vn -0.223407 0.867375 0.444690
vn -0.190804 0.911500 0.364364
vn -0.189235 0.919520 0.344490
vn -0.007056 0.928668 0.370844
vn -0.004932 0.936507 0.350614
vn -0.044341 0.935402 0.350795
vn -0.049831 0.927300 0.370987
vn -0.000284 -0.999999 0.001343
vn -0.047647 0.944732 0.324364
vn 0.001958 0.947572 0.319536
vn -0.192161 0.929543 0.314680
vn -0.195784 0.939505 0.281067
vn -0.045194 0.955938 0.290071
vn 0.005486 0.959209 0.282645
vn 0.008222 0.953383 0.301652
vn -0.000723 -0.999993 0.003626
vn -0.002640 -0.999987 0.004266
vn -0.008161 -0.998888 0.046441
vn -0.002691 -0.999223 0.039330
vn -0.035153 -0.997762 0.056883
vn -0.417542 -0.416358 0.807654
vn -0.457116 0.000002 0.889407
vn -0.026660 -0.474831 0.879673
vn -0.030353 0.000019 0.999539
vn -0.156159 0.000010 0.987732
vn -0.138794 -0.465023 0.874351
vn -0.374808 0.926991 0.014396
vn -0.445143 0.894992 0.028922
vn -0.229330 0.973140 0.020174
vn -0.009800 0.998317 0.057153
vn -0.001104 -0.999999 -0.000501
vn -0.003435 -0.999994 -0.000157
vn -0.505133 0.862316 -0.035372
vn 0.002392 -0.999882 -0.015162
vn 0.010219 -0.999945 -0.002254
vn 0.002443 -0.999877 -0.015490
vn -0.104837 0.837474 -0.536327
vn -0.047617 0.998812 -0.010318
vn -0.014116 0.999865 -0.008380
vn 0.002188 0.852849 -0.522154
vn -0.338809 0.784302 -0.519691
vn -0.236298 0.971558 -0.015462
vn -0.768373 0.527722 -0.362094
vn -0.495002 0.868706 -0.017980
vn -0.394418 0.918781 -0.016637
vn -0.607240 0.659947 -0.442413
vn -0.608720 0.017802 -0.793186
vn -0.800383 0.013826 -0.599330
vn -0.288359 0.020957 -0.957293
vn 0.003654 0.023447 -0.999718
vn -0.094451 0.022303 -0.995280
vn -0.104825 -0.990928 -0.084109
vn -0.078662 -0.991028 -0.108051
vn -0.021616 -0.993557 -0.111255
vn -0.185472 -0.950410 -0.249642
vn -0.317202 -0.915385 -0.247896
vn -0.083082 -0.958802 -0.271655
vn -0.005241 -0.981344 -0.192188
vn -0.006159 -0.992599 -0.121285
vn -0.017155 -0.964708 -0.262761
vn 0.003406 -0.065754 -0.997830
vn -0.000230 -0.846911 -0.531735
vn -0.283661 -0.026917 -0.958547
vn -0.092827 -0.030330 -0.995220
vn -0.797766 -0.015090 -0.602778
vn -0.604125 -0.021491 -0.796600
vn -0.753097 -0.011219 0.657814
vn 0.990612 0.000000 0.136706
vn 0.991138 -0.001448 0.132831
vn 0.991298 -0.004993 0.131543
vn 0.996653 -0.038713 0.071997
vn 0.997235 -0.039151 0.063166
vn 0.998235 -0.034763 0.048155
vn 0.995329 -0.083500 0.048454
vn -0.015469 0.328371 0.944422
vn 0.996656 -0.038720 0.071955
vn 0.997300 -0.035137 0.064490
vn 0.991128 -0.001026 0.132910
vn -0.002638 -0.291081 0.956695
vn -0.014071 0.999895 -0.003448
vn 0.006274 -0.999961 -0.006248
vn -0.007220 -0.999923 -0.010107
vn 0.008304 -0.999949 -0.005668
vn -0.000438 -0.142883 -0.989740
vn 0.959735 -0.002754 -0.280893
vn 0.918343 -0.001472 -0.395783
vn 0.957303 -0.001218 -0.289085
vn -0.000912 -0.971635 0.236484
vn -0.000000 -1.000000 0.000000
vn 0.000027 0.994756 0.102277
vn 0.000657 0.999843 -0.017726
vn 0.000266 0.995588 0.093837
vn 0.000253 0.994897 0.100893
vn -0.078581 0.957653 0.276996
vn -0.000308 0.999552 0.029917
vn -0.003958 0.430501 0.902581
vn -0.091996 -0.624669 0.775452
vn -0.001085 -0.748859 0.662729
vn 0.000012 0.992554 0.121802
vn 0.002602 -0.999716 0.023700
vn 0.003895 -0.999725 0.023141
vn -0.882350 -0.326199 0.339194
vn -0.909536 -0.135537 0.392905
vn -0.902976 0.059866 0.425501
vn -0.846433 0.401135 0.350204
vn -0.763245 0.578766 0.287205
vn -0.756073 0.591607 0.279920
vn -0.826465 0.542440 0.150715
vn -0.763647 0.621688 0.174204
vn -0.903828 0.423042 0.064263
vn -0.872997 0.484408 0.056787
vn -0.780119 0.624513 0.037387
vn -0.008863 0.596726 -0.802396
vn 0.902206 0.384386 -0.195631
vn -0.000499 0.825915 -0.563795
vn -0.471018 -0.553850 0.686580
vn -0.499718 0.300087 0.812545
vn -0.368277 0.853416 0.368853
vn -0.023277 0.937067 0.348373
vn -0.013477 0.937660 0.347293
vn -0.382594 0.855865 0.348019
vn -0.483073 0.869387 0.103959
vn -0.390699 0.918911 0.054388
vn -0.260049 0.965515 -0.012498
vn -0.007090 0.934500 0.355892
vn -0.060634 0.796947 0.600998
vn -0.402459 0.702772 0.586633
vn -1.000000 -0.000002 0.000003
vn -1.000000 -0.000003 0.000005
vn -1.000000 -0.000003 0.000006
vn -1.000000 -0.000002 0.000004
vn -1.000000 -0.000001 0.000001
vn -1.000000 0.000000 -0.000001
vn -1.000000 -0.000000 -0.000000
vn -1.000000 -0.000004 0.000010
vn -1.000000 -0.000004 0.000008
vn -1.000000 -0.000004 0.000011
vn -1.000000 -0.000005 0.000012
vn -1.000000 -0.000004 0.000013
vn -1.000000 0.000000 0.000001
vn -1.000000 0.000000 0.000000
vn -1.000000 -0.000001 0.000007
vn -0.750103 0.077050 -0.656817
vn -0.744933 0.078422 -0.662514
vn -0.998639 0.001412 -0.052132
vn -0.998604 0.001588 -0.052792
vn -0.998322 0.027630 -0.050880
vn -0.997146 0.002264 -0.075461
vn -0.998269 0.028999 -0.051170
vn -0.998347 0.002813 -0.057397
vn -0.026799 0.774039 -0.632570
vn -0.007069 0.370637 0.928751
vn -0.070818 0.235351 0.969327
vn -0.073933 0.223124 0.971982
vn -0.750376 0.324142 -0.576080
vn -0.693072 0.410430 -0.592620
vn 0.991202 0.001230 0.132354
vn -0.000800 -0.648673 -0.761067
vn -1.000000 0.000065 0.000167
vn -0.820997 0.000015 0.570933
vn -0.999998 -0.000999 0.001772
vn -0.006458 -0.821344 0.570396
vn -0.606087 -0.515956 -0.605349
vn -0.499031 -0.711737 0.494367
vn -0.174535 -0.984651 -0.000055
vn -0.178170 -0.984000 0.000160
vn -0.193596 -0.981081 -0.000021
vn -0.194104 -0.980981 -0.000260
vn -0.174455 -0.984665 -0.000155
vn -0.603243 0.794819 0.066033
vn -0.612133 0.789357 0.047002
vn -0.656801 0.752681 0.045663
vn -0.643326 0.763073 0.062055
vn -0.628080 0.774328 0.077016
vn -0.588931 0.803973 0.082381
vn -0.597507 0.788858 0.143836
vn -0.533151 0.829494 0.166402
vn -0.571161 0.812733 0.115065
vn -0.611144 0.784047 0.108508
vn -0.157423 -0.987520 0.004741
vn -0.132517 -0.991107 0.012126
vn -0.159251 -0.987173 0.011348
vn -0.185331 -0.982668 0.004049
vn -0.455798 -0.802453 0.385120
vn -0.587222 0.780162 0.215679
vn -0.546991 0.806465 0.224533
vn -0.532338 0.820530 0.208198
vn -0.592941 0.777634 0.209061
vn -0.593257 0.768394 0.240036
vn -0.551242 0.796108 0.249688
vn -0.613082 0.746460 0.258703
vn -0.570314 0.775953 0.269516
vn -0.710540 0.637055 0.298821
vn -0.670099 0.671933 0.315393
vn -0.933634 0.012950 0.357995
vn -0.918990 0.013803 0.394039
vn -0.845547 0.375022 0.380011
vn -0.871122 0.345427 0.349036
vn -0.191252 -0.981541 0.000002
vn -0.639720 0.768068 -0.028799
vn -0.915969 0.034590 -0.399756
vn -0.899719 0.038393 -0.434777
vn -0.026554 0.768462 0.639345
vn -0.545047 0.542707 0.639056
vn -0.603296 0.494314 0.625849
vn -0.002198 0.937948 0.346768
vn -0.000965 0.938013 0.346600
vn -0.000592 0.938149 0.346231
vn -0.001863 0.937922 0.346840
vn 0.865160 0.388304 0.317360
vn -0.001308 0.373795 0.927510
vn 0.467071 0.434334 0.770194
vn 0.494072 0.860185 -0.126391
vn -0.382127 0.922270 0.058278
vn -0.382350 0.922196 0.057998
vn -0.377248 0.922537 0.081303
vn -0.377081 0.922556 0.081853
vn -0.336013 0.927934 0.161350
vn -0.364111 0.924678 0.111326
vn -0.313280 0.927805 0.202566
vn 0.740143 0.669240 0.065631
vn 0.596751 0.781602 0.181621
vn -0.293772 0.827495 0.478487
vn -0.423821 0.775553 0.467860
vn -0.954845 0.271498 0.120665
vn -0.992602 0.120333 0.016161
vn -0.987721 0.153077 0.031232
vn -0.980670 0.187598 0.055619
vn -0.975477 0.206237 0.076877
vn -0.972505 0.214408 0.090902
vn 0.436547 0.872633 0.218949
vn 0.508656 0.842046 0.179518
vn 0.594726 0.792743 0.133639
vn 0.680995 0.726760 0.089810
vn -0.457727 -0.082299 0.885276
vn -0.412227 -0.070353 0.908361
vn -0.952821 0.297341 0.061000
vn 0.117663 0.336885 -0.934165
vn -0.019178 0.300235 -0.953673
vn -0.841859 0.531193 0.095432
vn 0.017184 0.953016 0.302433
vn 0.005229 0.953197 0.302303
vn 0.032431 0.198428 0.979579
vn 0.019533 -0.749995 0.661155
vn 0.003930 -0.750381 0.660994
vn 0.018609 0.202337 0.979139
vn -0.002874 -0.750318 0.661071
vn -0.029011 -0.749550 0.661311
vn 0.003581 0.953183 0.302373
vn 0.003419 0.953156 0.302461
vn 0.968028 0.249848 0.022295
vn -0.009690 0.300135 0.953847
vn -0.972008 0.155557 0.176075
vn -0.956178 -0.004334 0.292755
vn -0.969934 -0.153071 0.189203
vn 0.985729 -0.078592 0.148870
vn 0.980054 -0.017030 0.198000
vn 0.617274 0.539015 -0.573092
vn 0.680728 0.698344 -0.221188
vn 0.537146 0.009519 -0.843435
vn 0.671772 0.701592 -0.237680
vn 0.538737 -0.000404 -0.842474
vn 0.104413 0.569783 -0.815135
vn 0.594702 -0.088420 -0.799069
vn 0.000225 0.994039 0.109026
vn -0.007066 -0.999968 -0.003701
vn -0.005607 -0.999944 -0.008995
vn -0.285268 -0.000001 -0.958448
vn -0.384270 0.923064 0.016996
vn -0.378957 0.925410 0.002978
vn -0.568650 -0.207395 0.796006
vn -0.003999 -0.999882 -0.014828
vn -0.367666 0.928066 0.059288
vn -0.371684 0.926015 0.065930
vn -0.467236 0.846409 0.255505
vn -0.470144 0.841782 0.265269
vn -0.446558 0.633814 -0.631559
vn -0.208102 -0.684292 -0.698883
vn -0.387620 -0.752910 0.531862
vn -0.643816 0.490117 0.587610
vn -0.134112 -0.990866 0.014085
vn -0.035007 -0.999387 0.000419
vn -0.031388 -0.999503 0.002987
vn -0.128702 -0.991270 0.028628
vn -0.138276 -0.990393 0.000946
vn -0.040516 -0.999177 -0.002152
vn -0.341274 -0.938708 0.048581
vn -0.329888 -0.939836 0.088782
vn -0.352108 -0.935874 0.012652
vn -0.041914 -0.999121 -0.000776
vn -0.142297 -0.989814 -0.004470
vn -0.361266 -0.932431 -0.007666
vn -0.969414 -0.245371 0.005457
vn -0.328227 -0.944572 -0.007089
vn -0.928333 -0.226984 0.294409
vn -0.951608 0.000028 0.307314
vn -0.983327 0.000026 0.181847
vn -0.956226 -0.236697 0.172064
vn -0.997523 0.000011 0.070334
vn -0.969150 -0.237939 0.064295
vn -0.039298 -0.999218 -0.004464
vn -0.017961 -0.999839 0.000077
vn -0.021190 -0.999775 -0.001308
vn -0.022547 -0.999743 -0.002524
vn -0.580602 0.017116 -0.814008
vn -0.585359 0.008951 -0.810725
vn -0.579063 0.010819 -0.815211
vn -0.576268 0.003912 -0.817252
vn -0.581729 0.001202 -0.813382
vn -0.580220 -0.002844 -0.814455
vn -0.575357 -0.001359 -0.817902
vn -0.575596 -0.000003 -0.817734
vn -0.490066 -0.006689 -0.871660
vn -0.486161 0.003947 -0.873860
vn -0.520152 0.021026 -0.853815
vn -0.309580 0.945156 0.104114
vn -0.305273 0.946889 0.101039
vn -0.311160 0.938881 0.147245
vn -0.324667 0.931985 0.161234
vn -0.314887 0.945901 0.078216
vn -0.306341 0.949201 0.071921
vn -0.320656 0.945260 0.060520
vn -0.310336 0.949138 0.053177
vn -0.127631 -0.988812 0.077204
vn -0.061839 -0.997495 0.034344
vn -0.042910 -0.998747 0.025747
vn -0.100626 -0.992503 0.069372
vn -0.319962 -0.924241 0.208333
vn -0.267756 -0.943057 0.197357
vn 0.252469 -0.967453 0.017145
vn 0.250277 -0.967064 0.046355
vn 0.189551 -0.980730 0.047326
vn 0.195310 -0.980584 0.017560
vn 0.265947 -0.953641 0.140856
vn 0.181666 -0.972594 0.145114
vn -0.776742 -0.215002 0.591985
vn -0.792579 -0.002955 0.609762
vn -0.819670 0.000000 0.572836
vn -0.813298 -0.137372 0.565398
vn -0.753641 -0.014702 0.657121
vn -0.598751 -0.606885 0.522674
vn -0.192627 -0.966003 0.172436
vn -0.344370 0.917832 0.197470
vn -0.323140 0.926707 0.191819
vn -0.334109 0.930115 0.152501
vn -0.353091 0.906399 0.231880
vn -0.336762 0.913758 0.227241
vn -0.436290 0.870336 0.228398
vn -0.445116 0.876997 0.180964
vn -0.428694 0.863998 0.264061
vn -0.350449 0.897643 0.267251
vn -0.343289 0.902143 0.261326
vn -0.344852 0.904798 0.249836
vn -0.352210 0.902526 0.247781
vn -0.424307 0.847445 0.319062
vn -0.420052 0.862512 0.282186
vn -0.848421 0.138853 0.510786
vn -0.858821 0.000012 0.512276
vn -0.819670 0.000007 0.572836
vn -0.811680 0.123870 0.570817
vn -0.841582 0.262945 0.471805
vn -0.880514 0.000017 0.474021
vn -0.925570 0.221416 0.307074
vn -0.951609 0.000053 0.307311
vn -0.923841 0.000034 0.382778
vn -0.880147 0.308332 0.360934
vn -0.015726 -0.999876 0.000914
vn -0.034146 -0.999398 0.006150
vn -0.016522 -0.999857 0.003588
vn -0.043690 -0.998949 0.013837
vn -0.008182 -0.999966 -0.000722
vn -0.006581 -0.999978 0.000074
vn -0.003308 -0.999993 0.001875
vn -0.049931 -0.998542 0.020526
vn -0.024213 -0.999656 0.010120
vn -0.001003 -0.999971 0.007496
vn -0.012860 -0.999694 0.021112
vn -0.349357 0.900992 0.257223
vn -0.354044 0.893782 0.275329
vn -0.341709 0.910545 0.232685
vn -0.331762 0.898764 0.286631
vn -0.329491 0.906801 0.262960
vn -0.331292 0.912963 0.238211
vn -0.336390 0.920114 0.200578
vn -0.339390 0.917107 0.209117
vn -0.344893 0.919668 0.187773
vn -0.340499 0.939420 0.039369
vn -0.992971 0.117695 0.012498
vn -0.328210 0.943772 0.039659
vn -0.327196 0.939483 0.101557
vn -0.456135 0.882117 0.117515
vn -0.326268 0.942965 0.066081
vn -0.463771 0.883600 0.064562
vn -0.983327 0.000044 0.181845
vn -0.953670 0.237930 0.184130
vn -0.997523 0.000018 0.070335
vn -0.966705 0.244388 0.075866
vn -0.575568 -0.001248 -0.817753
vn -0.579844 -0.006051 -0.814705
vn -0.576512 -0.000847 -0.817088
vn -0.575676 -0.007540 -0.817643
vn -0.575687 -0.016956 -0.817495
vn -0.575251 -0.025918 -0.817566
vn -0.777374 0.188372 0.600172
vn -0.792626 0.002983 0.609701
vn -0.434337 0.827737 0.355250
vn -0.753063 0.015371 0.657769
vn -0.627755 0.532848 0.567448
vn -0.405992 0.832493 0.376996
vn -0.361412 0.885314 0.292574
vn -0.338135 0.888785 0.309397
vn -0.850904 -0.149536 0.503589
vn -0.858821 -0.000002 0.512276
vn -0.343776 -0.920487 0.185801
vn -0.871262 -0.182170 0.455760
vn -0.883785 -0.000001 0.467894
vn -0.338136 -0.927953 0.156741
vn -0.126684 -0.990121 0.060096
vn -0.119951 -0.991621 0.047949
vn -0.123186 -0.991631 0.038648
vn -0.328871 -0.936560 0.121239
vn -0.918232 0.000013 0.396044
vn -0.899158 -0.213150 0.382207
vn -0.056658 -0.998153 -0.021920
vn -0.165090 -0.984563 -0.058146
vn -0.167455 -0.983723 -0.065182
vn -0.047019 -0.998773 -0.015581
vn -0.397371 -0.907450 -0.136497
vn -0.401053 -0.903255 -0.152600
vn -0.940567 -0.000012 -0.339609
vn -0.934727 -0.000004 -0.355368
vn -0.905621 -0.240565 -0.349255
vn -0.888669 -0.324202 -0.324283
vn -0.552606 -0.805324 -0.214664
vn -0.540880 -0.817067 -0.199627
vn -0.102756 -0.993702 -0.044699
vn -0.042993 -0.998970 -0.014528
vn -0.060354 -0.997992 -0.019206
vn -0.320369 0.946764 -0.031643
vn -0.375960 0.926360 -0.022605
vn -0.378118 0.925063 -0.035842
vn -0.940565 -0.000098 -0.339613
vn -0.951493 -0.000093 -0.307669
vn -0.720907 0.660678 -0.209279
vn -0.721409 0.651043 -0.236035
vn -0.501032 0.856661 -0.122878
vn -0.503541 0.852163 -0.142356
vn -0.470381 0.879784 -0.068711
vn -0.526055 0.842774 -0.114006
vn -0.411078 0.909929 -0.055167
vn -0.575357 0.803886 -0.150772
vn -0.585849 0.793642 -0.164055
vn -0.666612 0.714702 -0.211730
vn -0.657791 0.726228 -0.199759
vn -0.572440 0.794056 -0.204420
vn -0.461577 0.886210 -0.039733
vn -0.541543 0.823491 -0.169095
vn -0.648753 0.619229 -0.442352
vn -0.620009 0.678720 -0.393609
vn 0.433054 0.901315 -0.009793
vn 0.424089 0.887438 -0.180560
vn 0.226868 0.954310 -0.194481
vn 0.246688 0.968987 -0.014477
vn 0.488784 0.782985 -0.384740
vn 0.279294 0.857737 -0.431605
vn -0.644598 0.275020 -0.713343
vn -0.639554 0.227619 -0.734275
vn -0.541704 0.315105 -0.779273
vn -0.529831 0.748786 -0.398245
vn -0.642918 0.715468 -0.273425
vn -0.718746 0.603461 -0.345309
vn -0.690318 0.488664 -0.533543
vn -0.708953 0.324889 -0.625966
vn -0.899807 0.000025 -0.436287
vn -0.934213 0.000002 -0.356716
vn -0.896385 0.291140 -0.334263
vn -0.899599 0.139850 -0.413720
vn -0.673179 -0.000085 -0.739480
vn -0.668765 0.049965 -0.741793
vn -0.598542 0.005021 -0.801076
vn -0.597982 -0.000399 -0.801509
vn -0.607665 0.057477 -0.792111
vn -0.625346 0.127222 -0.769907
vn -0.890204 -0.128812 -0.436973
vn -0.897263 0.000014 -0.441497
vn -0.629606 -0.678287 -0.378845
vn -0.671501 -0.046808 -0.739524
vn -0.676786 -0.000011 -0.736180
vn -0.656523 -0.349595 -0.668402
vn -0.183524 -0.970451 -0.156662
vn -0.250076 -0.963025 -0.100219
vn -0.351016 -0.904938 -0.240574
vn -0.353088 -0.838743 -0.414535
vn -0.518343 -0.652327 -0.552983
vn -0.588491 -0.179156 -0.788404
vn -0.556106 -0.342443 -0.757284
vn -0.597285 -0.069237 -0.799035
vn -0.597959 -0.000108 -0.801526
vn -0.598120 -0.005734 -0.801386
vn -0.118002 -0.985445 -0.122370
vn -0.047834 -0.998498 -0.026698
vn 0.011510 -0.999738 -0.019791
vn -0.021362 -0.994218 -0.105230
vn -0.263594 -0.904041 -0.336495
vn -0.116664 -0.949480 -0.291337
vn -0.526868 -0.441587 -0.726231
vn 0.241942 -0.042355 -0.969366
vn 0.518125 -0.011393 -0.855229
vn 0.638177 -0.501661 -0.584009
vn 0.475539 -0.560635 -0.677902
vn 0.588422 -0.778298 -0.219117
vn 0.468800 -0.849378 -0.242452
vn -0.518371 -0.016877 -0.854989
vn -0.940566 -0.000006 -0.339610
vn 0.998038 0.015006 -0.060787
vn 0.998925 0.010218 -0.045209
vn 0.999735 0.004117 -0.022666
vn 0.890806 0.103027 -0.442550
vn 0.999026 0.009974 -0.042993
vn 0.999985 0.000743 -0.005504
vn 0.322825 -0.161848 0.932518
vn 0.350133 -0.160651 0.922821
vn 0.996647 0.012800 0.080810
vn 0.996402 0.013817 0.083620
vn 0.996621 0.033854 0.074842
vn -0.425712 0.904299 -0.031815
vn -0.404603 0.914271 -0.020143
vn -0.409756 0.911762 -0.028115
vn 0.434117 -0.900698 -0.016897
vn 0.535907 -0.844138 -0.015311
vn 0.535093 -0.844743 -0.009146
vn 0.433589 -0.901051 -0.010322
vn 1.000000 0.000000 0.000018
vn 1.000000 0.000000 0.000024
vn 1.000000 -0.000001 0.000049
vn 1.000000 -0.000001 0.000079
vn 1.000000 -0.000001 0.000089
vn 1.000000 0.000001 0.000017
vn 1.000000 0.000003 -0.000007
vn 1.000000 0.000005 -0.000011
vn 1.000000 0.000003 -0.000014
vn 1.000000 0.000005 -0.000015
vn 1.000000 0.000001 -0.000006
vn -0.055827 -0.996775 0.057645
vn 0.052639 -0.045298 0.997586
vn 0.160798 -0.810126 0.563772
vn 0.348854 -0.773846 0.528643
vn 0.338123 -0.045599 0.939996
vn 0.194877 -0.980827 0.000778
vn 0.193738 -0.981053 0.000454
vn 0.264214 -0.964464 -0.000451
vn 0.263076 -0.964775 0.000348
vn 0.196424 -0.980517 0.002013
vn 0.261325 -0.965249 0.001722
vn 0.197502 -0.980283 0.006135
vn 0.257632 -0.966226 0.005802
vn 0.077667 0.956262 0.282013
vn -0.023157 0.958862 0.282925
vn -0.018225 0.949723 0.312560
vn 0.079824 0.946421 0.312914
vn 0.078307 0.962484 0.259794
vn -0.027282 0.965039 0.260684
vn 0.100135 0.969952 0.221733
vn -0.017058 0.974828 0.222303
vn -0.026054 0.969665 0.243047
vn 0.085899 0.966454 0.242050
vn 0.221769 0.694901 0.684055
vn 0.023293 0.711320 0.702482
vn 0.045102 0.047091 0.997872
vn 0.328821 0.046122 0.943265
vn 0.126320 0.899478 0.418309
vn 0.007214 0.907694 0.419570
vn -0.004144 0.939889 0.341455
vn 0.095603 0.934807 0.342047
vn 0.612446 0.193842 -0.766378
vn 0.624617 0.190851 -0.757251
vn 0.355411 -0.005362 -0.934695
vn 0.370603 -0.001128 -0.928791
vn 0.515920 0.005686 -0.856618
vn 0.268609 0.047706 -0.962067
vn -0.475249 0.863706 -0.167777
vn 0.346098 0.381217 -0.857257
vn 0.555296 0.351064 -0.753923
vn 0.443165 -0.891951 -0.089599
vn 0.549313 -0.831421 -0.083634
vn -0.376754 -0.547775 -0.746993
vn 0.663823 -0.131645 0.736212
vn 0.722650 -0.121865 0.680387
vn 0.250798 0.968039 -0.000324
vn 0.436124 0.899881 0.003184
vn 0.013411 -0.999816 -0.013741
vn -0.044376 -0.998984 -0.007867
vn -0.153063 -0.987955 -0.022738
vn -0.375607 -0.925468 -0.049281
vn -0.927278 -0.220495 -0.302553
vn -0.963936 -0.244792 -0.104421
vn -0.318478 0.947601 0.025000
vn -0.331949 0.942671 0.034365
vn -0.994568 -0.000063 -0.104088
vn -0.706370 0.706050 -0.050339
vn -0.483880 0.874981 -0.016384
vn -0.354438 0.933155 -0.059962
vn -0.338255 0.940984 0.011510
vn -0.951547 -0.000089 -0.307503
vn -0.994568 -0.000058 -0.104090
vn -0.036067 -0.999291 -0.010772
vn -0.022901 -0.999726 -0.004813
vn 0.999243 -0.002375 0.038831
vn 0.996283 -0.005514 0.085968
vn -0.238540 -0.967233 -0.086943
vn -0.940566 -0.000093 -0.339611
vn -0.917570 -0.215617 -0.334029
vn -0.850893 0.438206 -0.289751
vn -0.371627 0.926931 -0.051894
vn -0.309892 0.949048 -0.057224
vn -0.358544 0.930119 -0.079530
vn -0.239650 -0.965539 -0.101506
vn -0.305444 -0.943990 -0.124849
vn -0.932491 -0.128677 -0.337495
vn -0.932776 0.143527 -0.330649
vn -0.514855 0.842631 -0.157788
vn -0.472409 0.870226 -0.139772
vn -0.428558 0.895330 -0.121335
vn -0.423288 0.897853 -0.121186
vn -0.428459 0.895378 -0.121334
vn -0.302711 -0.549708 0.778580
vn -0.246450 -0.474315 0.845155
vn 0.389750 -0.914585 0.107841
vn 0.133024 -0.327330 -0.935500
vn 0.086576 -0.353805 -0.931304
vn 0.074163 -0.256552 -0.963681
vn 0.086640 0.012120 -0.996166
vn 0.086826 -0.037901 -0.995502
vn 0.086331 0.033310 -0.995710
vn 0.087774 0.053290 -0.994714
vn 0.086500 0.032944 -0.995707
vn 0.091457 0.114758 -0.989174
vn 0.076907 0.212202 -0.974195
vn 0.091197 0.147049 -0.984916
vn 0.070260 0.243489 -0.967355
vn 0.054972 0.307447 -0.949976
vn 0.113578 0.991628 0.061433
vn -0.380592 0.357080 0.853020
vn -0.398677 0.306743 0.864272
vn -0.385305 0.340509 0.857668
vn -0.416849 0.251418 0.873514
vn -0.478503 0.014889 0.877960
vn -0.448839 0.155417 0.879994
vn -0.486446 -0.033092 0.873084
vn -0.478438 -0.074972 0.874915
vn -0.486035 -0.033596 0.873293
vn -0.456718 -0.171204 0.872982
vn -0.371254 -0.488923 0.789383
vn 0.107134 0.917104 -0.383983
vn -0.061148 0.909415 0.411369
vn -0.404691 0.913478 -0.042240
vn -0.224398 -0.974470 -0.007364
vn -0.999961 -0.000006 0.008881
vn -0.971922 -0.235251 0.005035
vn -0.023614 -0.999721 -0.000097
vn 0.446610 0.893411 0.048535
vn -0.969649 0.243979 0.015986
vn -0.999961 -0.000003 0.008884
vn -0.471185 0.881359 0.034524
vn -0.329935 0.942945 0.044692
vn 0.999992 -0.000641 -0.003928
vn -0.034717 -0.263480 0.964040
vn -0.067517 -0.242706 0.967747
vn -0.137537 -0.160386 0.977425
vn -0.203955 0.000388 0.978980
vn -0.202390 0.001109 0.979304
vn -0.200987 0.000503 0.979594
vn -0.178646 0.152247 0.972063
vn -0.160339 0.182850 0.969978
vn -0.102247 0.136734 0.985317
vn -0.012706 -0.036454 0.999255
vn 0.218107 -0.065204 0.973744
vn -0.023716 -0.348966 0.936835
vn 0.000239 -0.183989 -0.982928
vn 0.027359 0.076131 -0.996722
vn 0.092315 0.094208 -0.991263
vn 0.041401 0.143147 -0.988835
vn -0.015396 0.271048 -0.962443
vn -0.057811 0.319719 -0.945747
vn -0.089350 0.270889 -0.958455
vn -0.128578 -0.000454 -0.991699
vn -0.126326 -0.001482 -0.991988
vn -0.123843 -0.000331 -0.992302
vn -0.070787 -0.118509 -0.990427
vn -0.021646 -0.170864 -0.985057
vn -0.955759 0.041404 0.291223
vn -0.956190 -0.030720 0.291129
vn -0.946216 -0.030787 0.322067
vn -0.945678 0.043651 0.322160
vn -0.015557 -0.983142 0.182178
vn -0.016061 -0.982314 0.186552
vn -0.996713 -0.029858 0.075305
vn -0.996771 0.030001 0.074480
vn -0.012506 -0.996657 0.080732
vn 0.000024 0.995277 0.097077
vn -0.000181 0.990786 0.135437
vn -0.830053 0.016527 -0.557440
vn -0.828135 -0.031033 -0.559668
vn -0.828136 -0.031033 -0.559668
vn -0.829791 0.018598 -0.557765
vn -0.031463 -0.966518 -0.254663
vn -0.021623 -0.968377 -0.248552
vn -0.000000 0.971993 -0.235008
vn -0.693712 -0.643180 0.324165
vn -0.688930 -0.640888 0.338582
vn -0.795936 -0.495732 0.347471
vn -0.803459 -0.496188 0.329015
vn -0.697085 0.639288 0.324627
vn -0.701197 0.641989 0.310118
vn -0.805442 0.498897 0.319945
vn -0.798191 0.498604 0.338061
vn -0.738267 -0.662619 0.126092
vn -0.860470 -0.496856 0.112812
vn -0.861559 0.497548 0.100810
vn -0.739586 0.663860 0.110913
vn -0.699479 -0.430468 -0.570461
vn -0.606220 -0.579782 -0.544381
vn -0.699480 -0.430468 -0.570461
vn -0.699480 0.430467 -0.570461
vn -0.699479 0.430467 -0.570462
vn -0.579352 0.614946 -0.534969
vn -0.572413 0.623587 -0.532431
vn -0.036039 0.988149 0.149208
vn -0.013711 0.994076 0.107817
vn -0.075755 0.956487 -0.281770
vn -0.092499 0.951983 -0.291844
vn -0.070882 0.983478 0.166571
vn 0.004085 0.989741 0.142812
vn 0.002277 0.989493 0.144565
vn -0.830316 0.014420 -0.557106
vn -0.828135 -0.031033 -0.559669
vn -0.057697 -0.960906 -0.270798
vn -0.699479 -0.430468 -0.570462
vn -0.606219 -0.579782 -0.544381
vn -0.564141 0.633665 -0.529352
vn -0.699480 0.430468 -0.570461
vn -0.118647 0.944159 -0.307387
vn -0.593283 0.018246 -0.804787
vn -0.590691 -0.018393 -0.806688
vn -0.014043 -0.519423 -0.854402
vn -0.001589 0.600743 -0.799441
vn -0.028556 0.576620 -0.816513
vn -0.331930 -0.302086 -0.893626
vn -0.410899 -0.240808 -0.879303
vn -0.436813 0.256144 -0.862314
vn -0.359026 0.326971 -0.874180
vn 0.938110 0.179867 -0.295969
vn 0.964675 0.014587 -0.263037
vn 0.964387 -0.030806 -0.262693
vn 0.933333 -0.204333 -0.295192
vn 0.012756 0.989761 -0.142167
vn 0.012674 0.989170 -0.146229
vn 0.012492 -0.989974 -0.140696
vn 0.012376 -0.991066 -0.132796
vn 0.846975 0.027902 0.530900
vn 0.828252 0.027804 0.559666
vn 0.828252 -0.027804 0.559666
vn 0.846975 -0.027902 0.530900
vn 0.005042 0.971035 0.238883
vn 0.006624 0.973313 0.229388
vn 0.010731 -0.977047 0.212752
vn -0.000577 -0.971797 0.235819
vn 0.704333 0.648158 -0.289493
vn 0.706597 0.650647 -0.278172
vn 0.798365 0.530790 -0.284384
vn 0.761047 -0.586563 -0.277039
vn 0.657499 -0.704130 -0.268134
vn 0.654205 -0.702603 -0.279938
vn 0.640214 0.561821 0.523911
vn 0.632963 0.541485 0.553310
vn 0.697472 0.433763 0.570423
vn 0.711574 0.443101 0.545275
vn 0.640216 -0.561817 0.523913
vn 0.711573 -0.443101 0.545275
vn 0.697472 -0.433763 0.570423
vn 0.632964 -0.541483 0.553310
vn 0.062498 -0.959542 0.274542
vn 0.828551 0.027815 0.559222
vn 0.828551 -0.027814 0.559222
vn 0.004373 0.971003 0.239029
vn 0.636589 0.536824 0.553692
vn 0.697918 0.433857 0.569805
vn 0.697918 -0.433857 0.569805
vn 0.636588 -0.536825 0.553691
vn 0.050962 -0.961983 0.268314
vn -0.001206 -0.971698 0.236225
vn 0.000000 -0.140891 -0.990025
vn 0.569165 0.023781 -0.821879
vn 0.569166 -0.023781 -0.821879
vn 0.004502 0.177357 -0.984136
vn 0.294299 0.285388 -0.912108
vn 0.409211 0.256048 -0.875777
vn 0.409212 -0.256049 -0.875776
vn 0.294300 -0.285389 -0.912108
vn 0.012860 -0.187502 -0.982180
vn -0.003069 -0.172031 -0.985087
vn 0.786576 -0.086999 -0.611335
vn 0.000877 0.994702 -0.102799
vn 0.000000 0.994687 -0.102950
vn -0.000415 0.989145 0.146940
vn -0.967893 0.237592 -0.082055
vn -0.000555 0.615269 -0.788317
vn -0.521541 0.648633 -0.554320
vn -0.591266 0.796187 -0.128414
vn -0.001783 0.887791 -0.460244
vn -0.251951 0.897415 -0.362170
vn -0.929434 0.026983 -0.368001
vn -0.929402 -0.025859 -0.368163
vn -0.010195 -0.897502 -0.440893
vn 0.000435 0.908535 -0.417809
vn -0.785853 -0.430046 -0.444405
vn -0.674278 -0.574172 -0.464408
vn -0.680464 0.580472 -0.447237
vn -0.790027 0.433250 -0.433764
vn -0.038143 0.913507 -0.405032
vn -0.000240 0.996274 -0.086247
vn -0.000123 0.996277 -0.086212
vn -0.000245 0.996278 -0.086198
vn -0.000492 0.996271 -0.086279
vn 0.974963 0.216222 -0.051922
vn 0.966592 0.238638 0.093545
vn 0.197082 0.488040 0.850280
vn -0.197081 0.488039 0.850281
vn -0.966593 0.238635 0.093549
vn -0.974964 0.216215 -0.051921
vn -0.195357 0.353509 -0.914804
vn 0.195348 0.353518 -0.914803
vn -0.975879 0.217574 -0.017916
vn -0.789503 0.170492 -0.589591
vn -0.301571 0.141403 -0.942900
vn 0.301570 0.141402 -0.942900
vn 0.789503 0.170490 -0.589592
vn 0.975880 0.217571 -0.017915
vn 0.789506 0.264650 0.553752
vn 0.301551 0.293751 0.907071
vn -0.301550 0.293750 0.907072
vn -0.789502 0.264651 0.553757
vn -0.000000 0.996628 -0.082050
vn -0.000001 0.996628 -0.082059
vn -0.000003 0.996628 -0.082058
vn -0.000005 0.996627 -0.082065
vn 0.000024 0.996628 -0.082053
vn 0.000007 0.996629 -0.082044
vn 0.000005 0.996624 -0.082099
vn 0.000016 0.996626 -0.082078
vn -0.000009 0.996627 -0.082061
vn 0.897851 0.438815 -0.036132
vn 0.726385 0.482099 0.489842
vn 0.277476 0.508830 0.814923
vn -0.277476 0.508828 0.814924
vn -0.726382 0.482106 0.489840
vn -0.897842 0.438833 -0.036133
vn -0.726380 0.395525 -0.562079
vn -0.277469 0.368747 -0.887151
vn 0.277468 0.368745 -0.887152
vn 0.726382 0.395514 -0.562084
vn 0.777410 -0.374382 -0.505441
vn 0.862860 0.000000 -0.505443
vn 0.777411 0.374380 -0.505442
vn 0.537983 0.674615 -0.505439
vn -0.537983 0.674616 -0.505438
vn -0.777412 0.374381 -0.505440
vn -0.862862 0.000000 -0.505440
vn -0.777411 -0.374382 -0.505441
vn -0.537983 -0.674614 -0.505441
vn 0.537985 -0.674612 -0.505441
vn -0.961799 0.000002 -0.273757
vn -0.866552 0.417309 -0.273754
vn -0.599678 0.751961 -0.273754
vn 0.599676 0.751962 -0.273756
vn 0.866551 0.417309 -0.273756
vn 0.961799 0.000000 -0.273756
vn 0.866552 -0.417308 -0.273756
vn 0.599672 -0.751964 -0.273757
vn 0.214020 -0.937685 -0.273756
vn -0.214021 -0.937685 -0.273756
vn -0.599672 -0.751965 -0.273756
vn -0.866551 -0.417308 -0.273757
vn -0.941269 0.000000 0.337658
vn -0.990630 0.000000 0.136575
vn -0.996277 -0.000002 0.086206
vn -0.971244 0.000000 0.238086
vn -0.971242 0.000000 0.238093
vn -0.978276 0.000000 0.207307
vn -0.978273 0.000000 0.207319
vn -0.978276 0.000003 0.207305
vn -0.996277 0.000000 0.086208
vn -0.996278 0.000000 0.086205
vn 0.978277 -0.000000 -0.207302
vn 0.978276 0.000000 -0.207308
vn 0.978277 0.000000 -0.207303
vn 0.978277 0.000000 -0.207302
vn 0.978276 0.000000 -0.207307
vn 0.978276 -0.000008 -0.207305
vn 0.978278 0.000000 -0.207295
vn -0.154881 0.000000 0.987933
vn 0.207338 0.000000 0.978269
vn -0.275256 0.000000 -0.961371
vn -0.207348 0.000000 -0.978267
vn -0.000005 -1.000000 -0.000001
vn -0.766923 0.000000 0.641740
vn 0.000003 1.000000 0.000001
vn -0.742313 0.000000 0.670053
vn 0.010372 -0.998748 0.048936
vn 0.010373 0.998748 0.048939
vn -0.017865 0.996281 -0.084291
vn -0.207320 0.000000 -0.978273
vn -0.011680 -0.996235 -0.085901
vn -0.011684 0.996235 -0.085899
vn -0.996204 0.005081 0.086901
vn 0.115737 -0.067124 0.991009
vn 0.978277 0.003169 -0.207279
vn -0.173611 -0.484456 -0.857416
vn -0.996204 -0.005065 0.086898
vn -0.173614 0.484455 -0.857415
vn 0.978277 -0.003169 -0.207279
vn 0.115750 0.067150 0.991006
vn -0.986520 -0.000001 -0.163638
vn 0.951346 -0.000000 0.308125
vn -0.000004 -1.000000 0.000007
vn -0.978279 0.000000 0.207292
vn -0.978276 -0.000003 0.207305
vn 0.963299 0.000000 -0.268432
vn 0.978279 0.000000 -0.207295
vn 0.978276 0.000008 -0.207305
vn -0.017865 -0.996281 -0.084293
vn 0.000066 1.000000 -0.000039
vn -0.684036 0.000000 0.729449
vn 0.000425 -1.000000 -0.000173
vn -0.000495 -1.000000 0.000022
vn 0.937201 0.000000 0.348790
vn -0.000083 1.000000 -0.000007
vn -0.000004 1.000000 -0.000015
vn -0.015281 0.997754 -0.065217
vn -0.020445 -0.997713 -0.064423
vn 0.967626 -0.002606 -0.252376
vn -0.366041 0.000576 -0.930599
vn -0.973391 0.002608 0.229135
vn 0.229103 -0.000208 0.973402
vn 0.958325 -0.002601 -0.285668
vn -0.760203 0.001666 -0.649683
vn -0.990916 0.002614 0.134454
vn -0.899866 0.002500 0.436158
vn -0.267446 0.001095 0.963572
vn 0.002589 0.999997 -0.000399
vn -0.002585 -0.999997 0.000397
vn -0.002586 -0.999997 0.000397
vn 0.958326 -0.002559 -0.285667
vn -0.760222 0.001705 -0.649661
vn -0.990917 0.002610 0.134452
vn -0.899871 0.002521 0.436149
vn -0.267443 0.001072 0.963573
vn -0.002585 -0.999997 0.000399
vn -0.002588 -0.999997 0.000399
vn 0.002587 0.999997 -0.000398
vn 0.002587 0.999997 -0.000399
vn -0.000019 1.000000 0.000004
vn 0.232983 0.000000 0.972481
vn 0.000016 -1.000000 -0.000003
vn 0.095078 0.000000 0.995470
vn -0.286803 0.000000 0.957990
vn -0.792383 0.000000 0.610024
vn -0.957990 0.000000 -0.286802
vn 0.286797 0.000000 -0.957991
vn 0.000000 1.000000 0.000000
vn -0.662983 0.207304 -0.719360
vn -0.263198 0.373213 -0.889629
vn 0.162344 0.547856 -0.820670
vn 0.499624 0.684439 -0.530961
vn 0.658264 0.746364 -0.098131
vn 0.595755 0.717040 0.361842
vn 0.328852 0.604321 0.725708
vn -0.070927 0.438412 0.895971
vn -0.496463 0.263769 0.827013
vn -0.833741 0.127193 0.537306
vn -0.992384 0.065272 0.104472
vn -0.929879 0.094594 -0.355496
vn -0.380665 0.924685 0.007233
vn -0.380664 0.924685 0.007231
vn -0.380664 0.924685 0.007230
vn -0.380664 0.924685 0.007233
vn -0.632646 0.617351 -0.467586
vn -0.370695 0.726090 -0.579118
vn -0.091879 0.840523 -0.533928
vn 0.129113 0.930005 -0.344122
vn 0.233067 0.970575 -0.060530
vn 0.192111 0.951358 0.240855
vn 0.017229 0.877503 0.479262
vn -0.244706 0.768787 0.590834
vn -0.523527 0.654353 0.545658
vn -0.744523 0.564866 0.355825
vn -0.848477 0.524282 0.072220
vn -0.807533 0.543480 -0.229172
vn -0.638700 0.769455 -0.000000
vn 0.685365 0.728199 -0.000000
vn -0.638700 0.769456 -0.000000
vn 0.000002 -0.000002 1.000000
vn -0.000000 -0.000002 1.000000
vn -0.999419 -0.028605 -0.018554
vn -0.851223 -0.524567 -0.015803
vn -0.474941 -0.879973 -0.008816
vn 0.028601 -0.999591 0.000533
vn 0.524480 -0.851367 0.009739
vn 0.879822 -0.475022 0.016336
vn 0.999418 0.028607 0.018557
vn 0.851220 0.524571 0.015806
vn 0.474941 0.879973 0.008819
vn -0.028601 0.999591 -0.000532
vn -0.524478 0.851368 -0.009739
vn -0.879823 0.475021 -0.016336
vn -0.018567 0.000000 0.999828
vn -0.018569 -0.000003 0.999828
vn -0.018571 -0.000008 0.999828
vn -0.018568 -0.000004 0.999828
vn -0.798782 -0.022535 0.601199
vn -0.682031 -0.413255 0.603369
vn -0.385593 -0.693246 0.608875
vn 0.011095 -0.787479 0.616241
vn 0.401751 -0.670709 0.623495
vn 0.681692 -0.374220 0.628693
vn 0.775910 0.022540 0.630441
vn 0.659160 0.413259 0.628271
vn 0.362727 0.693246 0.622768
vn -0.033966 0.787481 0.615403
vn -0.424620 0.670711 0.608149
vn -0.704564 0.374222 0.602949
vn -0.851222 -0.524568 -0.015804
vn -0.999419 -0.028604 -0.018557
vn -0.474938 -0.879975 -0.008818
vn 0.028599 -0.999591 0.000531
vn 0.524476 -0.851369 0.009739
vn 0.879822 -0.475022 0.016338
vn 0.999418 0.028605 0.018559
vn 0.851220 0.524570 0.015806
vn 0.474936 0.879976 0.008818
vn -0.028603 0.999591 -0.000530
vn -0.524477 0.851369 -0.009737
vn -0.879824 0.475020 -0.016337
vn -0.018553 0.000002 0.999828
vn -0.018554 0.000017 0.999828
vn -0.018560 0.000016 0.999828
vn -0.018568 0.000009 0.999828
vn -0.018577 0.000007 0.999827
vn -0.018569 0.000005 0.999828
vn -0.018566 -0.000008 0.999828
vn -0.018579 -0.000013 0.999828
vn -0.018573 -0.000013 0.999828
vn -0.018569 0.000003 0.999828
vn -0.018555 -0.000005 0.999828
vn 0.999419 0.028603 0.018560
vn 0.851222 0.524567 0.015808
vn 0.474941 0.879973 0.008820
vn -0.028597 0.999591 -0.000531
vn -0.524479 0.851368 -0.009739
vn -0.879825 0.475018 -0.016338
vn -0.999419 -0.028600 -0.018559
vn -0.851219 -0.524573 -0.015807
vn -0.474936 -0.879976 -0.008820
vn 0.028598 -0.999591 0.000531
vn 0.524479 -0.851368 0.009740
vn 0.879822 -0.475023 0.016339
vn -0.851221 -0.524570 -0.015809
vn -0.999419 -0.028600 -0.018564
vn -0.999418 -0.028604 -0.018561
vn -0.851223 -0.524566 -0.015812
vn -0.474936 -0.879976 -0.008822
vn 0.028597 -0.999591 0.000529
vn 0.524478 -0.851369 0.009741
vn 0.524477 -0.851369 0.009738
vn 0.879820 -0.475025 0.016342
vn 0.879825 -0.475017 0.016337
vn 0.999418 0.028609 0.018564
vn 0.999418 0.028610 0.018560
vn 0.851217 0.524575 0.015811
vn 0.851221 0.524569 0.015807
vn 0.474942 0.879973 0.008824
vn 0.474941 0.879974 0.008818
vn -0.028600 0.999591 -0.000528
vn -0.028602 0.999591 -0.000528
vn -0.524474 0.851371 -0.009744
vn -0.524474 0.851371 -0.009734
vn -0.879822 0.475022 -0.016347
vn -0.879824 0.475019 -0.016335
vn -0.539818 -0.323662 0.777071
vn -0.631252 -0.017648 0.775377
vn -0.557458 0.293087 0.776750
vn -0.338214 0.525296 0.780818
vn -0.032259 0.616754 0.786495
vn 0.278431 0.542949 0.792264
vn 0.510598 0.323665 0.796575
vn 0.602045 0.017651 0.798267
vn 0.528254 -0.293097 0.796895
vn 0.308998 -0.525305 0.792828
vn 0.003034 -0.616755 0.787149
vn -0.307651 -0.542949 0.781382
vn -0.602022 -0.017648 -0.798284
vn -0.510591 -0.323654 -0.796583
vn -0.278429 -0.542949 -0.792265
vn 0.032259 -0.616758 -0.786491
vn 0.338220 -0.525307 -0.780807
vn 0.557471 -0.293095 -0.776738
vn 0.631261 0.017651 -0.775370
vn 0.539819 0.323666 -0.777069
vn 0.307653 0.542958 -0.781375
vn -0.003037 0.616753 -0.787151
vn -0.308989 0.525293 -0.792838
vn -0.528231 0.293083 -0.796915
vn 0.999418 0.028605 0.018558
vn 0.999418 0.028605 0.018560
vn 0.768192 0.640061 0.014265
vn -0.028602 0.999591 -0.000531
vn -0.486458 0.873657 -0.009033
vn -0.976516 0.214679 -0.018133
vn -0.805191 -0.592827 -0.014950
vn -0.895626 -0.444497 -0.016630
vn -0.028199 -0.999602 -0.000524
vn 0.322313 -0.946614 0.005985
vn 0.702606 -0.711459 0.013047
vn 0.018566 0.000000 -0.999828
vn 0.018566 0.000001 -0.999828
vn -0.018565 0.000002 0.999828
vn 0.999418 0.028606 0.018559
vn 0.999418 0.028604 0.018563
vn -0.891458 -0.452801 -0.016554
vn -0.891458 -0.452801 -0.016553
vn 0.014266 -0.999898 0.000265
vn 0.018568 0.000001 -0.999828
vn 0.018565 -0.000008 -0.999828
vn 0.018566 -0.000002 -0.999828
vn 0.018567 0.000000 -0.999828
vn -0.481292 -0.876515 -0.008938
vn -0.018567 -0.000002 0.999828
vn -0.018565 0.000000 0.999828
vn -0.018567 0.000004 0.999828
vn -0.018567 0.000002 0.999828
vn -0.018566 0.000002 0.999828
vn -0.018563 -0.000001 0.999828
vn -0.018562 -0.000001 0.999828
vn -0.018559 -0.000002 0.999828
vn -0.018565 -0.000000 0.999828
vn 0.018566 -0.000001 -0.999828
vn -0.018567 0.000006 0.999828
vn -0.018563 0.000005 0.999828
vn -0.018563 0.000002 0.999828
vn -0.018559 0.000003 0.999828
vn 0.007384 -0.588753 -0.808279
vn 0.007826 -0.582272 -0.812956
vn 0.687422 -0.687406 0.234358
vn -0.668045 -0.744108 0.004453
vn 0.668045 -0.744107 0.004453
vn -0.687421 -0.687407 0.234359
vn 0.085253 -0.550423 -0.830522
vn 0.031618 -0.618507 -0.785143
vn -0.031619 -0.618507 -0.785143
vn -0.085255 -0.550422 -0.830522
vn -0.955950 -0.165242 -0.242599
vn -0.709255 0.428724 -0.559601
vn 0.709257 0.428720 -0.559602
vn 0.955948 -0.165246 -0.242605
vn -0.000002 0.090321 0.995913
vn -0.000002 -0.398973 0.916963
vn -0.934258 0.314743 0.167625
vn -0.580486 0.246453 0.776078
vn 0.101859 0.255388 0.961458
vn 0.713057 0.336324 0.615171
vn 0.895089 0.441841 -0.059939
vn 0.541321 0.510123 -0.668391
vn -0.141028 0.501184 -0.853772
vn -0.752230 0.420257 -0.507478
vn -0.051190 0.988725 0.140723
vn -0.051190 0.988724 0.140727
vn -0.051187 0.988722 0.140743
vn -0.051188 0.988723 0.140737
vn -0.993363 -0.000003 -0.115025
vn -0.860277 0.496681 -0.115026
vn -0.496680 0.860278 -0.115025
vn 0.000000 0.993363 -0.115025
vn 0.496683 0.860276 -0.115025
vn 0.860276 0.496684 -0.115025
vn 0.993363 0.000000 -0.115026
vn 0.860276 -0.496684 -0.115025
vn 0.496683 -0.860276 -0.115025
vn 0.000000 -0.993363 -0.115025
vn -0.496681 -0.860278 -0.115025
vn -0.860274 -0.496686 -0.115025
vn -0.567421 0.062753 -0.821033
vn -0.995575 0.007162 -0.093699
vn -0.956817 -0.022153 0.289844
vn -0.165400 -0.075160 0.983358
vn -0.000001 0.997092 0.076209
vn 0.000001 -0.997092 -0.076209
vn 0.000000 -0.997092 -0.076209
vn -1.000000 0.000565 0.000000
vn -1.000000 0.000566 0.000000
vn -1.000000 0.000564 0.000001
vn -1.000000 0.000569 -0.000000
vn -1.000000 0.000562 0.000001
vn -0.000467 -0.827646 -0.561251
vn -0.000562 -0.995772 -0.091859
vn -0.000531 -0.939710 -0.341971
vn -0.000566 -0.999970 0.007797
vn -0.000484 -0.851948 0.523627
vn -0.000564 -0.994545 0.104311
vn 0.000003 0.003510 0.999994
vn 1.000000 -0.000564 0.000000
vn 1.000000 -0.000565 -0.000000
vn 1.000000 -0.000566 -0.000000
vn 1.000000 -0.000566 0.000001
vn 1.000000 -0.000566 -0.000001
vn -1.000000 0.000566 -0.000000
vn -1.000000 0.000566 -0.000001
vn -0.000531 -0.939711 -0.341970
vn 0.000004 0.003507 0.999994
vn 1.000000 -0.000567 -0.000000
vn 1.000000 -0.000566 -0.000002
vn -0.373511 -0.909248 -0.183731
vn -0.385146 -0.903114 -0.189865
vn -0.385149 0.903112 -0.189866
vn -0.389982 0.900495 -0.192414
vn -0.204038 -0.973591 -0.102419
vn -0.898501 0.000000 -0.438972
vn -0.898500 0.000001 -0.438973
vn -0.898500 0.000000 -0.438973
vn -0.898501 0.000001 -0.438972
vn -0.389978 -0.900497 -0.192413
vn -0.373513 0.909247 -0.183731
vn -0.204048 0.973588 -0.102423
vn 0.300257 0.942197 0.148697
vn 0.346677 -0.922257 0.171047
vn 0.201874 0.974176 0.101134
vn 0.895414 0.049391 0.442488
vn 0.894523 0.047091 0.444534
vn 0.893036 0.008228 0.449910
vn 0.893036 -0.008228 0.449910
vn 0.892764 -0.004758 0.450499
vn 0.894523 -0.047093 0.444534
vn 0.892764 0.004758 0.450499
vn 0.346676 0.922257 0.171046
vn 0.300254 -0.942198 0.148695
vn 0.201875 -0.974176 0.101134
vn 0.895413 -0.049393 0.442488
vn 0.859417 -0.380861 0.341096
vn 0.762492 -0.358134 -0.538837
vn -0.967075 -0.243428 0.074219
vn 0.870659 -0.217729 0.441075
vn 0.960206 -0.226648 -0.163203
vn -0.453624 -0.018281 0.891006
vn 0.055255 -0.994091 -0.093437
vn 0.509047 -0.000003 -0.860738
vn -0.957957 0.000000 0.286912
vn 0.509006 -0.000002 -0.860763
vn -0.967074 0.243432 0.074220
vn 0.762497 0.358126 -0.538836
vn 0.859420 0.380853 0.341098
vn -0.453625 0.018277 0.891005
vn 0.960208 0.226638 -0.163204
vn 0.870661 0.217717 0.441076
vn 0.509042 0.000003 -0.860742
vn 0.055257 0.994091 -0.093435
vn 0.165738 0.000000 -0.986170
vn -0.827008 0.000000 -0.562190
vn -0.999737 -0.000001 0.022945
vn -0.687352 0.685356 -0.240487
vn -0.727283 -0.637428 -0.254450
vn -0.943468 -0.030208 -0.330085
vn 0.028527 -0.999543 0.009979
vn 0.820933 -0.493532 0.287219
vn 0.028510 -0.999544 0.009977
vn 0.446770 0.880888 0.156311
vn -0.330237 0.000003 0.943898
vn -0.330237 0.000001 0.943898
vn -0.330239 0.000002 0.943897
vn 0.330240 0.000000 -0.943897
vn 0.330241 -0.000000 -0.943897
vn 0.330242 0.000000 -0.943896
vn 0.330241 0.000002 -0.943897
vn -0.687350 0.685358 -0.240486
vn -0.727283 -0.637427 -0.254451
vn -0.943467 -0.030211 -0.330087
vn 0.820932 -0.493534 0.287219
vn 0.446771 0.880888 0.156310
vn -0.330238 0.000003 0.943898
vn -0.330238 0.000001 0.943898
vn 0.330237 -0.000002 -0.943898
vn 0.330235 -0.000003 -0.943899
vn 0.330233 -0.000007 -0.943899
vn -0.245215 0.804484 -0.540994
vn -0.349271 0.907412 0.233696
vn -0.338707 0.940470 -0.028180
vn -0.349271 0.907412 0.233695
vn -0.293670 0.641303 0.708864
vn 0.006200 -0.247158 0.968955
vn 0.937001 0.339877 0.080701
vn 0.937002 0.339876 0.080700
vn -0.937001 -0.339876 -0.080700
vn -0.937001 -0.339877 -0.080701
vn -0.937002 -0.339876 -0.080700
vn -0.937002 -0.339875 -0.080700
vn -0.319661 0.741071 0.590450
vn -0.319662 0.741061 0.590462
vn -0.319657 0.741064 0.590461
vn -0.319665 0.741061 0.590460
vn 0.343514 -0.938452 -0.036131
vn -0.937002 -0.339875 -0.080701
vn -0.349260 0.907010 0.235268
vn 0.937002 0.339876 0.080699
vn 0.999707 -0.002340 0.024085
vn -0.999707 -0.002341 0.024085
vn 0.000158 -0.660506 -0.750821
vn -0.000000 -0.911913 0.410383
vn 0.000003 -0.656969 -0.753918
vn -0.000002 -0.656969 -0.753918
vn -0.000001 -0.656969 -0.753918
vn 0.000000 -0.656967 -0.753919
vn -0.000001 -0.656967 -0.753919
vn -0.979918 -0.074439 -0.184986
vn -0.977840 -0.121546 -0.170454
vn 0.977841 -0.121546 -0.170454
vn 0.979918 -0.074438 -0.184986
vn -1.000000 -0.000001 -0.000000
vn -0.373165 -0.922154 -0.101879
vn -0.532777 0.841138 0.092928
vn -0.000197 0.109811 -0.993952
vn -0.000000 0.109810 -0.993953
vn -0.000102 0.109811 -0.993953
vn 0.000015 -0.109811 0.993953
vn 0.000023 -0.109811 0.993953
vn 0.000000 -0.109811 0.993953
vn -0.725566 0.075567 -0.683991
vn -0.725565 -0.075566 0.683992
vn -0.275569 -0.606939 -0.745444
vn -0.275569 -0.755027 0.594976
vn -0.725582 0.075566 -0.683974
vn -0.725579 -0.075565 0.683977
vn -0.392266 0.693607 -0.604183
vn -0.392264 0.544986 0.741026
vn -0.532775 0.841139 0.092928
vn -0.000027 0.109811 -0.993953
vn 0.000001 0.109811 -0.993953
vn -0.000018 0.109811 -0.993953
vn -0.000160 -0.109811 0.993953
vn -0.000240 -0.109810 0.993953
vn 0.000000 -0.109812 0.993952
vn -0.725568 0.075566 -0.683989
vn -0.725562 -0.075567 0.683996
vn -0.275570 -0.606940 -0.745443
vn -0.275568 -0.755025 0.594979
vn -0.725585 0.075565 -0.683971
vn -0.725581 -0.075563 0.683976
vn -0.392267 0.693611 -0.604177
vn -0.392264 0.544989 0.741023
vn -0.373165 -0.922154 -0.101878
vn -0.532776 0.841138 0.092928
vn -0.000062 0.109811 -0.993953
vn -0.000042 0.109811 -0.993953
vn -0.000019 -0.109811 0.993952
vn -0.000022 -0.109811 0.993952
vn 0.000000 -0.109811 0.993952
vn -0.725562 0.075566 -0.683996
vn -0.725566 -0.075566 0.683991
vn -0.275569 -0.606936 -0.745446
vn -0.275570 -0.755031 0.594970
vn -0.725579 0.075564 -0.683978
vn -0.725581 -0.075566 0.683975
vn -0.392262 0.693604 -0.604189
vn -0.392261 0.544987 0.741027
vn 0.000000 0.662357 0.749188
vn -0.739359 0.438685 0.510788
vn -0.716393 0.664703 -0.212018
vn -0.707105 0.704573 -0.059828
vn -0.725389 0.624487 -0.289530
vn -0.754652 0.284378 -0.591295
vn -0.749402 0.227360 -0.621856
vn 0.000001 0.883343 -0.468727
vn 0.000001 0.475149 -0.879905
vn -0.000000 0.816967 -0.576684
vn 0.000001 0.672672 0.739941
vn -0.000000 -0.959366 -0.282166
vn -0.694763 -0.319281 0.644487
vn -0.663697 0.715673 0.217529
vn -0.694518 0.485013 0.531419
vn -0.422386 0.233487 0.875828
vn -0.716171 0.590184 0.372533
vn -0.000000 0.990858 -0.134910
vn 0.000011 -1.000000 0.000116
vn -0.000978 0.959349 0.282220
vn -0.001229 0.959388 0.282087
vn -0.000744 0.882122 -0.471021
vn 0.000000 0.788688 0.614793
vn 0.000000 0.934440 -0.356122
vn 0.000000 0.359748 -0.933049
vn 0.000000 0.997316 0.073222
vn -1.000000 0.000001 -0.000000
vn 1.000000 0.000001 -0.000000
vn -0.064267 -0.997927 -0.003411
vn 0.000236 0.574655 -0.818396
vn 0.385309 0.921190 0.054271
vn 0.385430 0.920707 0.061167
vn 0.431037 0.894137 -0.121351
vn -0.002428 0.996299 -0.085921
vn 0.000226 0.996274 -0.086250
vn 0.000501 0.996271 -0.086284
vn -0.002378 0.996299 -0.085923
vn 0.000000 0.996628 -0.082052
vn -0.000003 0.996627 -0.082060
vn -0.000004 0.996628 -0.082052
vn 0.000024 -1.000000 0.000003
vn 0.002586 -0.999997 0.000397
vn 0.002588 -0.999997 0.000399
vn -0.002587 0.999997 -0.000399
vn 0.380664 0.924685 0.007228
vn 0.380666 0.924684 0.007235
vn 0.380666 0.924684 0.007236
vn 0.000000 -0.000002 1.000000
vn 0.000000 -0.572794 -0.819699
vn 0.000000 -0.690680 -0.723161
vn 0.000002 0.997092 0.076209
vn 0.330237 -0.000002 0.943898
vn -0.330243 -0.000001 -0.943896
vn -0.330242 0.000000 -0.943896
vn -0.330241 0.000001 -0.943897
vn 0.330239 -0.000004 0.943897
vn -0.330237 0.000001 -0.943898
vn -0.330235 -0.000003 -0.943899
vn -0.330233 -0.000007 -0.943899
vn 0.000000 -0.660841 -0.750526
vn 0.005141 -0.660913 -0.750445
vn 0.000197 0.109811 -0.993952
vn -0.000001 0.109811 -0.993953
vn 0.000051 0.109811 -0.993952
vn 0.000022 -0.109811 0.993952
vn 0.000000 0.816965 -0.576687
vn 0.000000 0.672670 0.739943
vn -0.000016 -1.000000 0.000108
vn 0.001494 0.959363 0.282172
vn 0.000476 0.959271 0.282486
vn -0.000490 0.336801 -0.941576
vn -0.385430 0.920707 0.061166
vn -0.385309 0.921190 0.054271
vn -0.431037 0.894137 -0.121351
vn 0.006524 0.994781 -0.101825
vn 0.002378 0.996299 -0.085923
vn 0.000002 0.996280 -0.086175
vn 0.000002 0.996285 -0.086118
vn 0.000000 0.996631 -0.082023
vn 0.000000 0.996629 -0.082037
vn 0.000000 0.996628 -0.082051
vn 0.000002 0.996628 -0.082055
vn 0.000003 0.996627 -0.082060
vn 0.002589 0.999997 -0.000398
vn -0.002584 -0.999997 0.000396
vn -0.002583 -0.999997 0.000398
vn 0.002588 0.999997 -0.000397
vn -0.380671 0.924682 0.007235
vn -0.380668 0.924683 0.007235
vn -0.380666 0.924684 0.007234
vn -0.380665 0.924685 0.007234
vn -0.380661 0.924686 0.007239
vn -0.380664 0.924685 0.007234
vn -0.380664 0.924685 0.007228
vn 0.000004 -0.000002 1.000000
vn -0.149481 -0.566359 -0.810489
vn 0.000002 -0.997092 -0.076209
vn -0.330237 -0.000002 0.943898
vn -0.330236 0.000001 0.943898
vn -0.330236 0.000004 0.943898
vn 0.330239 -0.000001 -0.943897
vn 0.330243 -0.000001 -0.943896
vn -0.330239 -0.000004 0.943897
vn -0.330238 0.000000 0.943898
vn -0.330237 0.000004 0.943898
vn 0.330237 0.000001 -0.943898
vn -0.005142 -0.660913 -0.750445
vn -0.000106 0.109811 -0.993953
vn -0.000027 0.109811 -0.993952
vn 0.000002 -0.109811 0.993952
vn -0.000082 -0.109811 0.993953
vn 0.000000 0.816969 -0.576682
vn -0.000001 -0.959366 -0.282165
vn -1.000000 0.000001 0.000000
vn 0.000016 -1.000000 0.000108
vn -0.000476 0.959271 0.282486
vn -0.001494 0.959363 0.282172
vn -0.000004 0.996629 -0.082044
vn -0.000006 0.996629 -0.082042
vn 0.380661 0.924686 0.007233
vn 0.380664 0.924685 0.007234
vn 0.380667 0.924684 0.007238
vn 0.380671 0.924682 0.007235
vn 0.000000 0.996091 -0.088331
vn 0.000043 0.996626 -0.082082
# 3211 vertex normals

vt 0.093768 0.670201 0.000000
vt 0.080025 0.670089 0.000000
vt 0.080434 0.582518 0.000000
vt 0.094383 0.567053 0.000000
vt 0.093387 0.714259 0.000000
vt 0.092503 0.751137 0.000000
vt 0.079491 0.714160 0.000000
vt 0.627517 0.458380 0.000000
vt 0.598303 0.500395 0.000000
vt 0.554960 0.482585 0.000000
vt 0.555090 0.475975 0.000000
vt 0.598288 0.599612 0.000000
vt 0.555172 0.590048 0.000000
vt 0.131981 0.714207 0.000000
vt 0.162820 0.713035 0.000000
vt 0.166405 0.717098 0.000000
vt 0.131030 0.751063 0.000000
vt 0.132120 0.672600 0.000000
vt 0.162735 0.675149 0.000000
vt 0.190547 0.715116 0.000000
vt 0.207875 0.714987 0.000000
vt 0.206698 0.747705 0.000000
vt 0.186826 0.718354 0.000000
vt 0.192263 0.679520 0.000000
vt 0.209395 0.681892 0.000000
vt 0.133481 0.572811 0.000000
vt 0.162735 0.581221 0.000000
vt 0.162647 0.629376 0.000000
vt 0.194404 0.636149 0.000000
vt 0.196342 0.590753 0.000000
vt 0.214737 0.606550 0.000000
vt 0.211807 0.639421 0.000000
vt 0.627585 0.403277 0.000000
vt 0.555289 0.320759 0.000000
vt 0.616804 0.261709 0.000000
vt 0.641872 0.388826 0.000000
vt 0.581840 0.285744 0.000000
vt 0.616883 0.251013 0.000000
vt 0.554580 0.315487 0.000000
vt 0.246626 0.530434 0.000000
vt 0.245742 0.603203 0.000000
vt 0.244621 0.603232 0.000000
vt 0.245620 0.530463 0.000000
vt 0.250173 0.533538 0.000000
vt 0.248517 0.598621 0.000000
vt 0.249730 0.678796 0.000000
vt 0.248404 0.655240 0.000000
vt 0.249690 0.655326 0.000000
vt 0.250925 0.678920 0.000000
vt 0.251918 0.658422 0.000000
vt 0.252452 0.681399 0.000000
vt 0.628259 0.074821 0.000000
vt 0.628882 0.082787 0.000000
vt 0.616141 0.082654 0.000000
vt 0.615358 0.074400 0.000000
vt 0.555214 0.399651 0.000000
vt 0.138554 0.519378 0.000000
vt 0.165956 0.531933 0.000000
vt 0.143070 0.467876 0.000000
vt 0.169449 0.484420 0.000000
vt 0.193934 0.544329 0.000000
vt 0.214420 0.551995 0.000000
vt 0.192875 0.499069 0.000000
vt 0.215152 0.512425 0.000000
vt 0.148217 0.422357 0.000000
vt 0.172906 0.442229 0.000000
vt 0.194674 0.459705 0.000000
vt 0.217324 0.478987 0.000000
vt 0.155518 0.365161 0.000000
vt 0.157107 0.354087 0.000000
vt 0.198307 0.402025 0.000000
vt 0.197705 0.411150 0.000000
vt 0.222952 0.439914 0.000000
vt 0.223947 0.432338 0.000000
vt 0.199675 0.397888 0.000000
vt 0.198835 0.398631 0.000000
vt 0.157835 0.350112 0.000000
vt 0.158666 0.349204 0.000000
vt 0.225315 0.428840 0.000000
vt 0.224568 0.429601 0.000000
vt 0.106063 0.670467 0.000000
vt 0.107298 0.567831 0.000000
vt 0.117280 0.671269 0.000000
vt 0.119054 0.569468 0.000000
vt 0.116944 0.714745 0.000000
vt 0.116234 0.751129 0.000000
vt 0.105628 0.714440 0.000000
vt 0.104852 0.751197 0.000000
vt 0.135478 0.336388 0.000000
vt 0.123901 0.334299 0.000000
vt 0.124176 0.333035 0.000000
vt 0.135869 0.335187 0.000000
vt 0.145731 0.340723 0.000000
vt 0.146371 0.339653 0.000000
vt 0.134773 0.340527 0.000000
vt 0.122713 0.338442 0.000000
vt 0.145022 0.344791 0.000000
vt 0.143538 0.356018 0.000000
vt 0.135385 0.414745 0.000000
vt 0.119635 0.349715 0.000000
vt 0.133153 0.351908 0.000000
vt 0.124590 0.411339 0.000000
vt 0.105565 0.408620 0.000000
vt 0.724713 0.387886 0.000000
vt 0.656961 0.370931 0.000000
vt 0.724713 0.370826 0.000000
vt 0.118259 0.458694 0.000000
vt 0.095065 0.456451 0.000000
vt 0.129393 0.461606 0.000000
vt 0.125206 0.514722 0.000000
vt 0.101664 0.521238 0.000000
vt 0.114675 0.512521 0.000000
vt 0.101240 0.518262 0.000000
vt 0.627842 0.254530 0.000000
vt 0.649246 0.249989 0.000000
vt 0.637201 0.240748 0.000000
vt 0.647970 0.240442 0.000000
vt 0.627859 0.243492 0.000000
vt 0.247235 0.513136 0.000000
vt 0.246350 0.513065 0.000000
vt 0.251376 0.515634 0.000000
vt 0.252168 0.487708 0.000000
vt 0.248920 0.500715 0.000000
vt 0.248079 0.500551 0.000000
vt 0.251120 0.487450 0.000000
vt 0.257160 0.488543 0.000000
vt 0.253493 0.502478 0.000000
vt 0.140953 0.818511 0.000000
vt 0.129134 0.821259 0.000000
vt 0.115039 0.822834 0.000000
vt 0.104391 0.823625 0.000000
vt 0.600988 0.652203 0.000000
vt 0.554388 0.598181 0.000000
vt 0.207639 0.757453 0.000000
vt 0.606542 0.607878 0.000000
vt 0.693277 0.656232 0.000000
vt 0.686357 0.661376 0.000000
vt 0.104480 0.990777 0.000000
vt 0.096284 0.990972 0.000000
vt 0.093546 0.983318 0.000000
vt 0.104147 0.983056 0.000000
vt 0.114970 0.989059 0.000000
vt 0.114569 0.981363 0.000000
vt 0.137565 0.974474 0.000000
vt 0.127877 0.984076 0.000000
vt 0.127500 0.976441 0.000000
vt 0.137000 0.966703 0.000000
vt 0.140300 0.978532 0.000000
vt 0.130335 0.988399 0.000000
vt 0.116585 0.993954 0.000000
vt 0.105176 0.995980 0.000000
vt 0.097531 0.996186 0.000000
vt 0.609899 0.772923 0.000000
vt 0.627905 0.785865 0.000000
vt 0.616951 0.781543 0.000000
vt 0.616968 0.788938 0.000000
vt 0.610090 0.779953 0.000000
vt 0.627882 0.793392 0.000000
vt 0.645865 0.795004 0.000000
vt 0.637186 0.795007 0.000000
vt 0.648000 0.787344 0.000000
vt 0.643465 0.798000 0.000000
vt 0.645269 0.796704 0.000000
vt 0.637086 0.798028 0.000000
vt 0.627730 0.796302 0.000000
vt 0.616702 0.791826 0.000000
vt 0.609716 0.782772 0.000000
vt 0.238300 0.603489 0.000000
vt 0.239283 0.530348 0.000000
vt 0.248091 0.649026 0.000000
vt 0.241758 0.649546 0.000000
vt 0.834792 0.995612 0.000000
vt 0.834129 0.901759 0.000000
vt 0.840473 0.901722 0.000000
vt 0.841078 0.995576 0.000000
vt 0.825390 0.994514 0.000000
vt 0.824661 0.901804 0.000000
vt 0.812839 0.901841 0.000000
vt 0.813617 0.991122 0.000000
vt 0.802221 0.987567 0.000000
vt 0.801430 0.901847 0.000000
vt 0.241898 0.499487 0.000000
vt 0.244867 0.486115 0.000000
vt 0.240092 0.512529 0.000000
vt 0.796613 0.076992 0.000000
vt 0.793440 0.074815 0.000000
vt 0.796608 0.078150 0.000000
vt 0.783916 0.070453 0.000000
vt 0.733341 0.050445 0.000000
vt 0.692644 0.035665 0.000000
vt 0.695669 0.050627 0.000000
vt 0.614502 0.064483 0.000000
vt 0.629255 0.064439 0.000000
vt 0.657380 0.084204 0.000000
vt 0.782729 0.084464 0.000000
vt 0.796583 0.083108 0.000000
vt 0.613377 0.052321 0.000000
vt 0.629714 0.052115 0.000000
vt 0.054877 0.853644 0.000000
vt 0.847291 0.898104 0.000000
vt 0.810241 0.894225 0.000000
vt 0.826147 0.789085 0.000000
vt 0.858458 0.792500 0.000000
vt 0.680102 0.892790 0.000000
vt 0.672970 0.890894 0.000000
vt 0.673310 0.790062 0.000000
vt 0.681408 0.789040 0.000000
vt 0.671889 0.887718 0.000000
vt 0.671724 0.790985 0.000000
vt 0.801351 0.893949 0.000000
vt 0.817258 0.788813 0.000000
vt 0.861018 0.928070 0.000000
vt 0.861110 0.887015 0.000000
vt 0.979012 0.886493 0.000000
vt 0.951726 0.927563 0.000000
vt 0.861129 0.800819 0.000000
vt 0.979019 0.808607 0.000000
vt 0.004510 0.751163 0.000000
vt 0.049929 0.714235 0.000000
vt 0.503626 0.569558 0.000000
vt 0.490836 0.515161 0.000000
vt 0.515789 0.515318 0.000000
vt 0.515950 0.569415 0.000000
vt 0.649511 0.989931 0.000000
vt 0.606413 0.989880 0.000000
vt 0.606228 0.928494 0.000000
vt 0.649536 0.928889 0.000000
vt 0.724763 0.608000 0.000000
vt 0.724763 0.656249 0.000000
vt 0.004161 0.824104 0.000000
vt 0.046918 0.847536 0.000000
vt 0.003983 0.846771 0.000000
vt 0.717637 0.266239 0.000000
vt 0.748227 0.272225 0.000000
vt 0.742102 0.301912 0.000000
vt 0.710914 0.301520 0.000000
vt 0.755930 0.274016 0.000000
vt 0.749171 0.304060 0.000000
vt 0.550534 0.004892 0.000000
vt 0.631923 0.004743 0.000000
vt 0.611201 0.036064 0.000000
vt 0.550564 0.036225 0.000000
vt 0.004590 0.714247 0.000000
vt 0.004606 0.670227 0.000000
vt 0.039571 0.670227 0.000000
vt 0.610416 0.491678 0.000000
vt 0.656603 0.491385 0.000000
vt 0.634407 0.542589 0.000000
vt 0.610650 0.542770 0.000000
vt 0.806572 0.339823 0.000000
vt 0.781799 0.334579 0.000000
vt 0.763482 0.289767 0.000000
vt 0.771609 0.289449 0.000000
vt 0.770397 0.345960 0.000000
vt 0.749445 0.314905 0.000000
vt 0.778484 0.402400 0.000000
vt 0.758191 0.412404 0.000000
vt 0.748680 0.321981 0.000000
vt 0.593311 0.891042 0.000000
vt 0.637600 0.891690 0.000000
vt 0.649416 0.919706 0.000000
vt 0.603767 0.919125 0.000000
vt 0.539957 0.450489 0.000000
vt 0.534003 0.532537 0.000000
vt 0.520651 0.518720 0.000000
vt 0.522272 0.452342 0.000000
vt 0.529601 0.573862 0.000000
vt 0.521709 0.570017 0.000000
vt 0.528091 0.576438 0.000000
vt 0.497424 0.574849 0.000000
vt 0.482624 0.535231 0.000000
vt 0.531662 0.612805 0.000000
vt 0.498941 0.612817 0.000000
vt 0.498935 0.591176 0.000000
vt 0.531654 0.591078 0.000000
vt 0.748825 0.311297 0.000000
vt 0.740019 0.308304 0.000000
vt 0.708640 0.308301 0.000000
vt 0.752444 0.414035 0.000000
vt 0.746381 0.352296 0.000000
vt 0.515872 0.451649 0.000000
vt 0.708237 0.319136 0.000000
vt 0.708236 0.311703 0.000000
vt 0.741856 0.311772 0.000000
vt 0.742700 0.318949 0.000000
vt 0.747914 0.314646 0.000000
vt 0.803948 0.057828 0.000000
vt 0.778248 0.053039 0.000000
vt 0.779383 0.041325 0.000000
vt 0.792492 0.005497 0.000000
vt 0.845016 0.062281 0.000000
vt 0.898873 0.005965 0.000000
vt 0.893704 0.066331 0.000000
vt 0.873664 0.064804 0.000000
vt 0.730030 0.042006 0.000000
vt 0.702220 0.034474 0.000000
vt 0.713600 0.005119 0.000000
vt 0.733064 0.032567 0.000000
vt 0.675933 0.026983 0.000000
vt 0.638321 0.013179 0.000000
vt 0.638031 0.012308 0.000000
vt 0.638128 0.006913 0.000000
vt 0.640224 0.014467 0.000000
vt 0.640633 0.005238 0.000000
vt 0.645948 0.016806 0.000000
vt 0.647388 0.005378 0.000000
vt 0.914418 0.074427 0.000000
vt 0.921106 0.004696 0.000000
vt 0.996736 0.006428 0.000000
vt 0.992065 0.105727 0.000000
vt 0.800053 0.991113 0.000000
vt 0.793764 0.992741 0.000000
vt 0.792011 0.899418 0.000000
vt 0.799029 0.900337 0.000000
vt 0.664172 0.992885 0.000000
vt 0.670407 0.898948 0.000000
vt 0.638375 0.005967 0.000000
vt 0.660578 0.929209 0.000000
vt 0.660882 0.989788 0.000000
vt 0.593816 0.989391 0.000000
vt 0.594065 0.944815 0.000000
vt 0.603593 0.929564 0.000000
vt 0.603002 0.989596 0.000000
vt 0.591291 0.939120 0.000000
vt 0.600014 0.920622 0.000000
vt 0.584725 0.933293 0.000000
vt 0.574512 0.913128 0.000000
vt 0.585905 0.894948 0.000000
vt 0.656855 0.896505 0.000000
vt 0.659945 0.914689 0.000000
vt 0.661857 0.922055 0.000000
vt 0.792690 0.084280 0.000000
vt 0.796580 0.083833 0.000000
vt 0.861133 0.778398 0.000000
vt 0.971314 0.778503 0.000000
vt 0.971308 0.800925 0.000000
vt 0.996077 0.794040 0.000000
vt 0.996073 0.886513 0.000000
vt 0.991192 0.897965 0.000000
vt 0.958217 0.930266 0.000000
vt 0.958641 0.980061 0.000000
vt 0.951405 0.968770 0.000000
vt 0.860921 0.995992 0.000000
vt 0.860900 0.982769 0.000000
vt 0.938038 0.981828 0.000000
vt 0.938128 0.994926 0.000000
vt 0.978040 0.779544 0.000000
vt 0.985766 0.787220 0.000000
vt 0.953430 0.981742 0.000000
vt 0.939787 0.994903 0.000000
vt 0.550718 0.480880 0.000000
vt 0.545417 0.478914 0.000000
vt 0.550613 0.477135 0.000000
vt 0.545404 0.579243 0.000000
vt 0.551398 0.587553 0.000000
vt 0.212857 0.715057 0.000000
vt 0.221360 0.715618 0.000000
vt 0.220539 0.737329 0.000000
vt 0.211272 0.745674 0.000000
vt 0.222682 0.684497 0.000000
vt 0.214615 0.682700 0.000000
vt 0.228061 0.611624 0.000000
vt 0.225188 0.639803 0.000000
vt 0.217438 0.639824 0.000000
vt 0.220352 0.608310 0.000000
vt 0.550821 0.400884 0.000000
vt 0.545439 0.404506 0.000000
vt 0.545357 0.342057 0.000000
vt 0.552606 0.324851 0.000000
vt 0.545375 0.335682 0.000000
vt 0.551921 0.319592 0.000000
vt 0.249318 0.649177 0.000000
vt 0.252071 0.651743 0.000000
vt 0.227635 0.525620 0.000000
vt 0.227379 0.556675 0.000000
vt 0.219289 0.555296 0.000000
vt 0.219375 0.516080 0.000000
vt 0.228102 0.496440 0.000000
vt 0.220475 0.483065 0.000000
vt 0.232481 0.462793 0.000000
vt 0.225857 0.444473 0.000000
vt 0.233564 0.456179 0.000000
vt 0.226817 0.436990 0.000000
vt 0.235081 0.453105 0.000000
vt 0.234296 0.453728 0.000000
vt 0.227476 0.434266 0.000000
vt 0.228286 0.433602 0.000000
vt 0.551850 0.594114 0.000000
vt 0.210998 0.753174 0.000000
vt 0.243062 0.679391 0.000000
vt 0.242121 0.655795 0.000000
vt 0.916022 0.004814 0.000000
vt 0.909666 0.072613 0.000000
vt 0.588701 0.893315 0.000000
vt 0.708410 0.352543 0.000000
vt 0.739271 0.352377 0.000000
vt 0.729666 0.406924 0.000000
vt 0.734525 0.403030 0.000000
vt 0.743177 0.357213 0.000000
vt 0.708855 0.414350 0.000000
vt 0.708786 0.407101 0.000000
vt 0.658973 0.850973 0.000000
vt 0.600154 0.858356 0.000000
vt 0.605618 0.849184 0.000000
vt 0.654309 0.846420 0.000000
vt 0.708714 0.398715 0.000000
vt 0.727714 0.398559 0.000000
vt 0.592608 0.856053 0.000000
vt 0.598151 0.846643 0.000000
vt 0.664995 0.845858 0.000000
vt 0.660499 0.841504 0.000000
vt 0.183994 0.679628 0.000000
vt 0.180087 0.696314 0.000000
vt 0.164261 0.692152 0.000000
vt 0.164711 0.676913 0.000000
vt 0.185860 0.590237 0.000000
vt 0.184367 0.636257 0.000000
vt 0.165506 0.631483 0.000000
vt 0.166434 0.582963 0.000000
vt 0.188703 0.543616 0.000000
vt 0.168382 0.533189 0.000000
vt 0.182414 0.967718 0.000000
vt 0.147768 0.958892 0.000000
vt 0.171732 0.954966 0.000000
vt 0.184556 0.958609 0.000000
vt 0.144431 0.955137 0.000000
vt 0.144208 0.934762 0.000000
vt 0.168178 0.939184 0.000000
vt 0.168461 0.951585 0.000000
vt 0.147411 0.930967 0.000000
vt 0.183571 0.921007 0.000000
vt 0.185825 0.930709 0.000000
vt 0.171288 0.935353 0.000000
vt 0.228092 0.910314 0.000000
vt 0.229592 0.918238 0.000000
vt 0.276024 0.900987 0.000000
vt 0.276725 0.906951 0.000000
vt 0.325781 0.894194 0.000000
vt 0.325819 0.898061 0.000000
vt 0.373654 0.889513 0.000000
vt 0.361481 0.996507 0.000000
vt 0.317056 0.991521 0.000000
vt 0.317252 0.988246 0.000000
vt 0.270492 0.985120 0.000000
vt 0.271373 0.979460 0.000000
vt 0.225044 0.976961 0.000000
vt 0.226625 0.969203 0.000000
vt 0.961717 0.479041 0.000000
vt 0.981440 0.472987 0.000000
vt 0.968105 0.481518 0.000000
vt 0.991420 0.481359 0.000000
vt 0.991026 0.566780 0.000000
vt 0.970435 0.563296 0.000000
vt 0.978785 0.572028 0.000000
vt 0.963684 0.563437 0.000000
vt 0.777856 0.044920 0.000000
vt 0.732729 0.036557 0.000000
vt 0.092139 0.470528 0.000000
vt 0.091782 0.456796 0.000000
vt 0.610019 0.081493 0.000000
vt 0.609610 0.063806 0.000000
vt 0.612626 0.063869 0.000000
vt 0.613036 0.081430 0.000000
vt 0.633422 0.063878 0.000000
vt 0.632299 0.081570 0.000000
vt 0.629871 0.081615 0.000000
vt 0.630405 0.063845 0.000000
vt 0.079582 0.516382 0.000000
vt 0.077934 0.470494 0.000000
vt 0.073394 0.456891 0.000000
vt 0.076266 0.456680 0.000000
vt 0.694245 0.768757 0.000000
vt 0.685380 0.779329 0.000000
vt 0.684178 0.774743 0.000000
vt 0.688224 0.768202 0.000000
vt 0.671407 0.779326 0.000000
vt 0.671884 0.774754 0.000000
vt 0.660622 0.770308 0.000000
vt 0.666512 0.768798 0.000000
vt 0.663413 0.753591 0.000000
vt 0.666874 0.759158 0.000000
vt 0.673808 0.749578 0.000000
vt 0.677869 0.750244 0.000000
vt 0.689001 0.752447 0.000000
vt 0.686534 0.758333 0.000000
vt 0.094423 0.991950 0.000000
vt 0.091408 0.983820 0.000000
vt 0.094764 0.995898 0.000000
vt 0.052929 0.854528 0.000000
vt 0.669533 0.888104 0.000000
vt 0.669546 0.791695 0.000000
vt 0.045196 0.848854 0.000000
vt 0.003918 0.848757 0.000000
vt 0.458118 0.515258 0.000000
vt 0.458117 0.451593 0.000000
vt 0.679489 0.453034 0.000000
vt 0.806815 0.406295 0.000000
vt 0.818522 0.517047 0.000000
vt 0.718173 0.513305 0.000000
vt 0.923279 0.406706 0.000000
vt 0.989487 0.429788 0.000000
vt 0.904774 0.528785 0.000000
vt 0.888195 0.507337 0.000000
vt 0.841723 0.694586 0.000000
vt 0.902408 0.532900 0.000000
vt 0.937993 0.532405 0.000000
vt 0.986193 0.695053 0.000000
vt 0.713261 0.514981 0.000000
vt 0.654951 0.464363 0.000000
vt 0.678046 0.453573 0.000000
vt 0.716616 0.513459 0.000000
vt 0.919060 0.406258 0.000000
vt 0.883988 0.506769 0.000000
vt 0.665716 0.603177 0.000000
vt 0.725721 0.521226 0.000000
vt 0.805775 0.521991 0.000000
vt 0.748121 0.603771 0.000000
vt 0.832251 0.693736 0.000000
vt 0.752088 0.605891 0.000000
vt 0.810638 0.522297 0.000000
vt 0.892898 0.532419 0.000000
vt 0.996496 0.691392 0.000000
vt 0.948230 0.528613 0.000000
vt 0.664742 0.601547 0.000000
vt 0.724301 0.520450 0.000000
vt 0.483452 0.702375 0.000000
vt 0.476628 0.735178 0.000000
vt 0.458728 0.739216 0.000000
vt 0.465149 0.704786 0.000000
vt 0.484839 0.670273 0.000000
vt 0.466320 0.671724 0.000000
vt 0.492804 0.701183 0.000000
vt 0.485753 0.733190 0.000000
vt 0.494323 0.669518 0.000000
vt 0.465755 0.658047 0.000000
vt 0.484302 0.656800 0.000000
vt 0.493815 0.656150 0.000000
vt 0.268081 0.596040 0.000000
vt 0.268039 0.592452 0.000000
vt 0.280544 0.592728 0.000000
vt 0.280549 0.596346 0.000000
vt 0.386154 0.527625 0.000000
vt 0.395825 0.563567 0.000000
vt 0.393375 0.564284 0.000000
vt 0.383957 0.528363 0.000000
vt 0.389295 0.524906 0.000000
vt 0.399443 0.560930 0.000000
vt 0.399282 0.599435 0.000000
vt 0.396614 0.600059 0.000000
vt 0.400057 0.562671 0.000000
vt 0.403642 0.598483 0.000000
vt 0.267956 0.582628 0.000000
vt 0.266328 0.512275 0.000000
vt 0.280008 0.512492 0.000000
vt 0.280571 0.582894 0.000000
vt 0.416388 0.746587 0.000000
vt 0.416867 0.709696 0.000000
vt 0.416251 0.675218 0.000000
vt 0.303004 0.835228 0.000000
vt 0.313220 0.830002 0.000000
vt 0.285296 0.850834 0.000000
vt 0.322725 0.827007 0.000000
vt 0.306040 0.854065 0.000000
vt 0.327966 0.827599 0.000000
vt 0.331142 0.829380 0.000000
vt 0.311038 0.856853 0.000000
vt 0.308054 0.876764 0.000000
vt 0.286179 0.864487 0.000000
vt 0.276897 0.858807 0.000000
vt 0.291142 0.550399 0.000000
vt 0.290244 0.507068 0.000000
vt 0.325191 0.517060 0.000000
vt 0.327129 0.556531 0.000000
vt 0.291141 0.592405 0.000000
vt 0.327819 0.596561 0.000000
vt 0.327669 0.613047 0.000000
vt 0.290828 0.610259 0.000000
vt 0.425827 0.856405 0.000000
vt 0.402300 0.889880 0.000000
vt 0.401582 0.878330 0.000000
vt 0.419395 0.856567 0.000000
vt 0.430578 0.855993 0.000000
vt 0.404620 0.893708 0.000000
vt 0.378859 0.898438 0.000000
vt 0.381772 0.898317 0.000000
vt 0.382553 0.912786 0.000000
vt 0.379592 0.912397 0.000000
vt 0.382975 0.920332 0.000000
vt 0.379959 0.919626 0.000000
vt 0.289711 0.342870 0.000000
vt 0.319611 0.387674 0.000000
vt 0.318245 0.388495 0.000000
vt 0.288539 0.343690 0.000000
vt 0.266154 0.312852 0.000000
vt 0.267226 0.312328 0.000000
vt 0.291646 0.342282 0.000000
vt 0.320687 0.385730 0.000000
vt 0.270128 0.312093 0.000000
vt 0.351036 0.491469 0.000000
vt 0.361592 0.526481 0.000000
vt 0.321556 0.478826 0.000000
vt 0.337592 0.457873 0.000000
vt 0.316088 0.445929 0.000000
vt 0.361499 0.496315 0.000000
vt 0.372537 0.529911 0.000000
vt 0.346968 0.463414 0.000000
vt 0.304114 0.390776 0.000000
vt 0.322746 0.425001 0.000000
vt 0.306798 0.413456 0.000000
vt 0.296488 0.389596 0.000000
vt 0.309724 0.391997 0.000000
vt 0.330531 0.429256 0.000000
vt 0.333381 0.430577 0.000000
vt 0.311889 0.392310 0.000000
vt 0.312755 0.391908 0.000000
vt 0.334217 0.430196 0.000000
vt 0.350381 0.465154 0.000000
vt 0.351241 0.464813 0.000000
vt 0.376354 0.530952 0.000000
vt 0.365190 0.497857 0.000000
vt 0.366011 0.497558 0.000000
vt 0.377158 0.530644 0.000000
vt 0.414433 0.784449 0.000000
vt 0.450368 0.773053 0.000000
vt 0.410849 0.820962 0.000000
vt 0.437498 0.805442 0.000000
vt 0.379700 0.796073 0.000000
vt 0.378633 0.780792 0.000000
vt 0.381657 0.837023 0.000000
vt 0.405498 0.853807 0.000000
vt 0.428784 0.834957 0.000000
vt 0.384398 0.897085 0.000000
vt 0.383303 0.873225 0.000000
vt 0.279649 0.389974 0.000000
vt 0.276213 0.364230 0.000000
vt 0.284804 0.425010 0.000000
vt 0.253738 0.367115 0.000000
vt 0.256600 0.341856 0.000000
vt 0.250156 0.402284 0.000000
vt 0.288273 0.464665 0.000000
vt 0.244979 0.469188 0.000000
vt 0.247342 0.444354 0.000000
vt 0.280382 0.607581 0.000000
vt 0.267795 0.607130 0.000000
vt 0.268021 0.605375 0.000000
vt 0.280488 0.605815 0.000000
vt 0.275540 0.660017 0.000000
vt 0.261889 0.659428 0.000000
vt 0.370136 0.563597 0.000000
vt 0.381582 0.565824 0.000000
vt 0.372629 0.600470 0.000000
vt 0.384010 0.601682 0.000000
vt 0.386250 0.566006 0.000000
vt 0.385528 0.566398 0.000000
vt 0.389030 0.601449 0.000000
vt 0.388027 0.601853 0.000000
vt 0.340306 0.834574 0.000000
vt 0.342998 0.836111 0.000000
vt 0.329520 0.875832 0.000000
vt 0.344573 0.839693 0.000000
vt 0.343491 0.847130 0.000000
vt 0.340339 0.856226 0.000000
vt 0.282291 0.347750 0.000000
vt 0.283261 0.347300 0.000000
vt 0.280885 0.349003 0.000000
vt 0.260604 0.316910 0.000000
vt 0.261193 0.316367 0.000000
vt 0.259833 0.319387 0.000000
vt 0.277724 0.352502 0.000000
vt 0.258487 0.327040 0.000000
vt 0.341596 0.426118 0.000000
vt 0.340017 0.426980 0.000000
vt 0.342555 0.423095 0.000000
vt 0.359153 0.460902 0.000000
vt 0.357363 0.461781 0.000000
vt 0.360455 0.457286 0.000000
vt 0.442407 0.825969 0.000000
vt 0.455801 0.796598 0.000000
vt 0.449089 0.822965 0.000000
vt 0.463846 0.792646 0.000000
vt 0.467602 0.766447 0.000000
vt 0.476375 0.763185 0.000000
vt 0.372468 0.494839 0.000000
vt 0.374523 0.494022 0.000000
vt 0.377181 0.491103 0.000000
vt 0.376297 0.490128 0.000000
vt 0.403211 0.450816 0.000000
vt 0.408800 0.485914 0.000000
vt 0.392677 0.487209 0.000000
vt 0.385512 0.448737 0.000000
vt 0.384308 0.487737 0.000000
vt 0.376460 0.447624 0.000000
vt 0.367086 0.751090 0.000000
vt 0.370596 0.752203 0.000000
vt 0.361236 0.784200 0.000000
vt 0.358424 0.783401 0.000000
vt 0.374491 0.753862 0.000000
vt 0.364169 0.787746 0.000000
vt 0.436291 0.605705 0.000000
vt 0.424341 0.557738 0.000000
vt 0.452192 0.559598 0.000000
vt 0.330003 0.630311 0.000000
vt 0.327075 0.656393 0.000000
vt 0.293286 0.631269 0.000000
vt 0.383526 0.674978 0.000000
vt 0.380771 0.674538 0.000000
vt 0.388081 0.629325 0.000000
vt 0.388398 0.629356 0.000000
vt 0.375411 0.673770 0.000000
vt 0.384599 0.629505 0.000000
vt 0.317264 0.802697 0.000000
vt 0.334722 0.743448 0.000000
vt 0.338108 0.747950 0.000000
vt 0.341660 0.747775 0.000000
vt 0.351006 0.747479 0.000000
vt 0.345733 0.783219 0.000000
vt 0.336442 0.789921 0.000000
vt 0.316510 0.812683 0.000000
vt 0.288244 0.835054 0.000000
vt 0.288716 0.823622 0.000000
vt 0.314601 0.820006 0.000000
vt 0.287363 0.841894 0.000000
vt 0.258449 0.839492 0.000000
vt 0.264188 0.839431 0.000000
vt 0.266859 0.848979 0.000000
vt 0.260373 0.849163 0.000000
vt 0.269080 0.854431 0.000000
vt 0.262880 0.855798 0.000000
vt 0.285010 0.847173 0.000000
vt 0.309599 0.827614 0.000000
vt 0.276398 0.858151 0.000000
vt 0.273392 0.855590 0.000000
vt 0.272081 0.853374 0.000000
vt 0.334559 0.799280 0.000000
vt 0.343621 0.792337 0.000000
vt 0.331730 0.806693 0.000000
vt 0.340579 0.799869 0.000000
vt 0.348051 0.790405 0.000000
vt 0.347065 0.790123 0.000000
vt 0.349226 0.781102 0.000000
vt 0.350312 0.781365 0.000000
vt 0.345493 0.798138 0.000000
vt 0.344151 0.797725 0.000000
vt 0.338790 0.808641 0.000000
vt 0.340969 0.809309 0.000000
vt 0.332918 0.828411 0.000000
vt 0.328859 0.827071 0.000000
vt 0.334638 0.810296 0.000000
vt 0.325672 0.815999 0.000000
vt 0.358555 0.793142 0.000000
vt 0.355903 0.792442 0.000000
vt 0.361186 0.796837 0.000000
vt 0.356259 0.800964 0.000000
vt 0.353518 0.800295 0.000000
vt 0.358723 0.804715 0.000000
vt 0.438540 0.615891 0.000000
vt 0.423968 0.605768 0.000000
vt 0.421486 0.596784 0.000000
vt 0.441468 0.622988 0.000000
vt 0.427417 0.612652 0.000000
vt 0.416024 0.601007 0.000000
vt 0.413342 0.592539 0.000000
vt 0.419645 0.607971 0.000000
vt 0.433627 0.620872 0.000000
vt 0.446492 0.630424 0.000000
vt 0.452906 0.637302 0.000000
vt 0.444973 0.633061 0.000000
vt 0.426352 0.616778 0.000000
vt 0.438560 0.630363 0.000000
vt 0.349795 0.811743 0.000000
vt 0.352748 0.812460 0.000000
vt 0.346903 0.832191 0.000000
vt 0.343520 0.831329 0.000000
vt 0.355238 0.816029 0.000000
vt 0.349530 0.835184 0.000000
vt 0.463196 0.632100 0.000000
vt 0.461001 0.621119 0.000000
vt 0.478874 0.630375 0.000000
vt 0.479257 0.639890 0.000000
vt 0.465474 0.638755 0.000000
vt 0.479828 0.645116 0.000000
vt 0.469057 0.643492 0.000000
vt 0.471538 0.645430 0.000000
vt 0.485078 0.647602 0.000000
vt 0.483943 0.646497 0.000000
vt 0.490008 0.643945 0.000000
vt 0.491071 0.644704 0.000000
vt 0.483354 0.644858 0.000000
vt 0.489483 0.641888 0.000000
vt 0.324113 0.885337 0.000000
vt 0.358262 0.748602 0.000000
vt 0.434729 0.978061 0.000000
vt 0.480216 0.982735 0.000000
vt 0.490972 0.931459 0.000000
vt 0.446898 0.931853 0.000000
vt 0.524428 0.986126 0.000000
vt 0.532168 0.931076 0.000000
vt 0.369070 0.982703 0.000000
vt 0.382649 0.925982 0.000000
vt 0.370756 0.926952 0.000000
vt 0.358363 0.979816 0.000000
vt 0.543245 0.987236 0.000000
vt 0.548999 0.930917 0.000000
vt 0.886572 0.723037 0.000000
vt 0.855047 0.705797 0.000000
vt 0.845878 0.771340 0.000000
vt 0.876946 0.773426 0.000000
vt 0.987964 0.725223 0.000000
vt 0.267845 0.838163 0.000000
vt 0.255957 0.756717 0.000000
vt 0.293803 0.742570 0.000000
vt 0.483069 0.630414 0.000000
vt 0.481913 0.571759 0.000000
vt 0.488327 0.576744 0.000000
vt 0.489154 0.628538 0.000000
vt 0.777078 0.710060 0.000000
vt 0.768998 0.711385 0.000000
vt 0.771626 0.767507 0.000000
vt 0.780600 0.767750 0.000000
vt 0.763831 0.713178 0.000000
vt 0.765979 0.766825 0.000000
vt 0.761610 0.715169 0.000000
vt 0.761255 0.718859 0.000000
vt 0.763010 0.763786 0.000000
vt 0.763539 0.765606 0.000000
vt 0.842421 0.708413 0.000000
vt 0.834029 0.766439 0.000000
vt 0.337191 0.974826 0.000000
vt 0.357397 0.926895 0.000000
vt 0.297526 0.964163 0.000000
vt 0.311934 0.926756 0.000000
vt 0.239949 0.946911 0.000000
vt 0.264056 0.954725 0.000000
vt 0.271123 0.926739 0.000000
vt 0.244297 0.926927 0.000000
vt 0.215751 0.936226 0.000000
vt 0.216121 0.937346 0.000000
vt 0.216142 0.928982 0.000000
vt 0.215767 0.930187 0.000000
vt 0.218552 0.938973 0.000000
vt 0.219014 0.928037 0.000000
vt 0.225851 0.941912 0.000000
vt 0.227623 0.927356 0.000000
vt 0.385065 0.911753 0.000000
vt 0.385442 0.919429 0.000000
vt 0.264169 0.310903 0.000000
vt 0.261870 0.308347 0.000000
vt 0.263466 0.307525 0.000000
vt 0.265230 0.310447 0.000000
vt 0.265996 0.305698 0.000000
vt 0.267805 0.309058 0.000000
vt 0.377435 0.797954 0.000000
vt 0.374063 0.803887 0.000000
vt 0.373498 0.792722 0.000000
vt 0.376930 0.783345 0.000000
vt 0.379145 0.838879 0.000000
vt 0.375981 0.841889 0.000000
vt 0.377711 0.876004 0.000000
vt 0.380661 0.874847 0.000000
vt 0.247738 0.363942 0.000000
vt 0.250564 0.339907 0.000000
vt 0.253706 0.340258 0.000000
vt 0.250828 0.365224 0.000000
vt 0.243800 0.396854 0.000000
vt 0.247085 0.400007 0.000000
vt 0.239822 0.456332 0.000000
vt 0.241751 0.435823 0.000000
vt 0.245244 0.442003 0.000000
vt 0.243110 0.466318 0.000000
vt 0.255527 0.314108 0.000000
vt 0.256718 0.312371 0.000000
vt 0.259293 0.314420 0.000000
vt 0.258581 0.315235 0.000000
vt 0.254041 0.317524 0.000000
vt 0.257346 0.317835 0.000000
vt 0.252418 0.325512 0.000000
vt 0.255689 0.325534 0.000000
vt 0.386317 0.925987 0.000000
vt 0.372668 0.983016 0.000000
vt 0.315280 0.892709 0.000000
vt 0.272296 0.868315 0.000000
vt 0.281491 0.865750 0.000000
vt 0.309387 0.881483 0.000000
vt 0.274511 0.861885 0.000000
vt 0.270312 0.847980 0.000000
vt 0.267366 0.863872 0.000000
vt 0.265092 0.859730 0.000000
vt 0.270535 0.856810 0.000000
vt 0.272900 0.860178 0.000000
vt 0.489281 0.636899 0.000000
vt 0.483081 0.639676 0.000000
vt 0.480677 0.646385 0.000000
vt 0.481341 0.647455 0.000000
vt 0.321341 0.888231 0.000000
vt 0.851201 0.705355 0.000000
vt 0.841812 0.770240 0.000000
vt 0.243815 0.769227 0.000000
vt 0.251300 0.760251 0.000000
vt 0.479284 0.570206 0.000000
vt 0.403671 0.443739 0.000000
vt 0.385745 0.441710 0.000000
vt 0.376561 0.440697 0.000000
vt 0.397897 0.629966 0.000000
vt 0.399026 0.622335 0.000000
vt 0.403271 0.623290 0.000000
vt 0.401863 0.631000 0.000000
vt 0.329895 0.622782 0.000000
vt 0.293839 0.622611 0.000000
vt 0.389096 0.621688 0.000000
vt 0.388328 0.621665 0.000000
vt 0.384571 0.621913 0.000000
vt 0.373453 0.629695 0.000000
vt 0.373449 0.622317 0.000000
vt 0.395656 0.629821 0.000000
vt 0.396422 0.622080 0.000000
vt 0.452389 0.449238 0.000000
vt 0.451780 0.456113 0.000000
vt 0.995100 0.725675 0.000000
vt 0.984021 0.773839 0.000000
vt 0.991168 0.773866 0.000000
vt 0.410696 0.560807 0.000000
vt 0.403946 0.562161 0.000000
vt 0.396249 0.676136 0.000000
vt 0.392401 0.675851 0.000000
vt 0.400883 0.676621 0.000000
vt 0.355709 0.747944 0.000000
vt 0.353827 0.670364 0.000000
vt 0.348215 0.673826 0.000000
vt 0.364044 0.672122 0.000000
vt 0.161520 0.822477 0.000000
vt 0.242156 0.825567 0.000000
vt 0.238142 0.854025 0.000000
vt 0.157989 0.852594 0.000000
vt 0.237507 0.856666 0.000000
vt 0.158445 0.855320 0.000000
vt 0.157920 0.868959 0.000000
vt 0.237051 0.871328 0.000000
vt 0.236978 0.873964 0.000000
vt 0.157721 0.872005 0.000000
vt 0.157158 0.890103 0.000000
vt 0.234670 0.895259 0.000000
vt 0.162923 0.894816 0.000000
vt 0.155560 0.833309 0.000000
vt 0.156224 0.814541 0.000000
vt 0.160150 0.813030 0.000000
vt 0.244520 0.819041 0.000000
vt 0.247230 0.820848 0.000000
vt 0.243899 0.836391 0.000000
vt 0.245444 0.845712 0.000000
vt 0.247339 0.852478 0.000000
vt 0.248705 0.858553 0.000000
vt 0.248369 0.870191 0.000000
vt 0.247387 0.874018 0.000000
vt 0.246843 0.879667 0.000000
vt 0.246741 0.890431 0.000000
vt 0.246907 0.895979 0.000000
vt 0.239656 0.890614 0.000000
vt 0.236475 0.903495 0.000000
vt 0.161535 0.907314 0.000000
vt 0.147173 0.899386 0.000000
vt 0.148658 0.889300 0.000000
vt 0.148323 0.877342 0.000000
vt 0.148010 0.871403 0.000000
vt 0.147114 0.867566 0.000000
vt 0.147522 0.856196 0.000000
vt 0.149519 0.850324 0.000000
vt 0.152145 0.843626 0.000000
vt 0.242142 0.898445 0.000000
vt 0.237692 0.903179 0.000000
vt 0.159309 0.906968 0.000000
vt 0.154518 0.902355 0.000000
vt 0.319853 0.743046 0.000000
vt 0.401463 0.614427 0.000000
vt 0.398625 0.615046 0.000000
vt 0.405924 0.613547 0.000000
vt 0.415639 0.661144 0.000000
vt 0.273764 0.695580 0.000000
vt 0.259899 0.695034 0.000000
vt 0.390740 0.616470 0.000000
vt 0.389369 0.616807 0.000000
vt 0.384822 0.616856 0.000000
vt 0.372810 0.616172 0.000000
vt 0.272328 0.714955 0.000000
vt 0.258720 0.713528 0.000000
vt 0.365531 0.131018 0.000000
vt 0.382097 0.128380 0.000000
vt 0.379808 0.126234 0.000000
vt 0.390315 0.125818 0.000000
vt 0.387404 0.124044 0.000000
vt 0.393002 0.123374 0.000000
vt 0.389664 0.122213 0.000000
vt 0.392949 0.121087 0.000000
vt 0.392803 0.114825 0.000000
vt 0.389507 0.114602 0.000000
vt 0.392783 0.113955 0.000000
vt 0.389970 0.112097 0.000000
vt 0.388475 0.113624 0.000000
vt 0.381565 0.107970 0.000000
vt 0.347363 0.097243 0.000000
vt 0.348462 0.100023 0.000000
vt 0.319683 0.087156 0.000000
vt 0.322624 0.112336 0.000000
vt 0.319041 0.130652 0.000000
vt 0.322563 0.127946 0.000000
vt 0.320388 0.134879 0.000000
vt 0.323465 0.131674 0.000000
vt 0.329184 0.065230 0.000000
vt 0.346533 0.063533 0.000000
vt 0.331418 0.067553 0.000000
vt 0.393600 0.062070 0.000000
vt 0.390190 0.064905 0.000000
vt 0.394035 0.106479 0.000000
vt 0.390327 0.080387 0.000000
vt 0.365030 0.096821 0.000000
vt 0.363812 0.094010 0.000000
vt 0.329268 0.086039 0.000000
vt 0.322009 0.080245 0.000000
vt 0.320510 0.081836 0.000000
vt 0.317579 0.079958 0.000000
vt 0.320918 0.079253 0.000000
vt 0.317465 0.079423 0.000000
vt 0.317478 0.078535 0.000000
vt 0.320849 0.078930 0.000000
vt 0.317573 0.072084 0.000000
vt 0.320973 0.071128 0.000000
vt 0.317608 0.069752 0.000000
vt 0.320513 0.067396 0.000000
vt 0.323406 0.069375 0.000000
vt 0.030023 0.268147 0.000000
vt 0.180158 0.267990 0.000000
vt 0.182143 0.259717 0.000000
vt 0.035576 0.219407 0.000000
vt 0.043954 0.196053 0.000000
vt 0.191280 0.241250 0.000000
vt 0.215716 0.205519 0.000000
vt 0.094196 0.122470 0.000000
vt 0.017671 0.216531 0.000000
vt 0.012000 0.268155 0.000000
vt 0.079147 0.112206 0.000000
vt 0.027346 0.188532 0.000000
vt 0.040402 0.380048 0.000000
vt 0.057877 0.374880 0.000000
vt 0.045662 0.334938 0.000000
vt 0.027596 0.337858 0.000000
vt 0.219709 0.140774 0.000000
vt 0.230312 0.124901 0.000000
vt 0.263684 0.158429 0.000000
vt 0.247761 0.168958 0.000000
vt 0.257231 0.190631 0.000000
vt 0.273172 0.180130 0.000000
vt 0.273448 0.271548 0.000000
vt 0.257802 0.271661 0.000000
vt 0.157561 0.130685 0.000000
vt 0.117048 0.130156 0.000000
vt 0.117252 0.114512 0.000000
vt 0.162870 0.114992 0.000000
vt 0.041115 0.200684 0.000000
vt 0.036432 0.213560 0.000000
vt 0.182727 0.257406 0.000000
vt 0.188318 0.245923 0.000000
vt 0.179087 0.286057 0.000000
vt 0.179801 0.271178 0.000000
vt 0.029971 0.273229 0.000000
vt 0.030975 0.286199 0.000000
vt 0.019331 0.197375 0.000000
vt 0.018275 0.211021 0.000000
vt 0.037837 0.199749 0.000000
vt 0.012077 0.273944 0.000000
vt 0.012921 0.287549 0.000000
vt 0.251017 0.173643 0.000000
vt 0.266946 0.163122 0.000000
vt 0.272282 0.175465 0.000000
vt 0.256347 0.185976 0.000000
vt 0.215038 0.137497 0.000000
vt 0.202728 0.132110 0.000000
vt 0.213312 0.116222 0.000000
vt 0.225632 0.121617 0.000000
vt 0.013250 0.291944 0.000000
vt 0.031720 0.290260 0.000000
vt 0.198075 0.131204 0.000000
vt 0.208656 0.115316 0.000000
vt 0.179542 0.290807 0.000000
vt 0.024623 0.192180 0.000000
vt 0.111512 0.332118 0.000000
vt 0.182742 0.301201 0.000000
vt 0.235630 0.176980 0.000000
vt 0.211631 0.152867 0.000000
vt 0.245087 0.198632 0.000000
vt 0.245598 0.271748 0.000000
vt 0.238881 0.181657 0.000000
vt 0.244207 0.193984 0.000000
vt 0.206967 0.149595 0.000000
vt 0.194665 0.144213 0.000000
vt 0.190013 0.143309 0.000000
vt 0.166942 0.143011 0.000000
vt 0.004227 0.265895 0.000000
vt 0.009387 0.267810 0.000000
vt 0.015013 0.217194 0.000000
vt 0.009266 0.219473 0.000000
vt 0.022896 0.180109 0.000000
vt 0.025871 0.186840 0.000000
vt 0.076729 0.110676 0.000000
vt 0.071661 0.107353 0.000000
vt 0.019995 0.340316 0.000000
vt 0.024739 0.338426 0.000000
vt 0.010491 0.292618 0.000000
vt 0.006744 0.298496 0.000000
vt 0.016282 0.197790 0.000000
vt 0.008970 0.199741 0.000000
vt 0.009568 0.213014 0.000000
vt 0.015790 0.211413 0.000000
vt 0.009718 0.273742 0.000000
vt 0.004030 0.272998 0.000000
vt 0.004275 0.287052 0.000000
vt 0.010690 0.287554 0.000000
vt 0.019099 0.182922 0.000000
vt 0.022416 0.189797 0.000000
vt 0.003165 0.291815 0.000000
vt 0.032593 0.382169 0.000000
vt 0.037574 0.380734 0.000000
vt 0.816041 0.334963 0.000000
vt 0.819503 0.325172 0.000000
vt 0.964628 0.357216 0.000000
vt 0.954180 0.394762 0.000000
vt 0.828280 0.258461 0.000000
vt 0.828865 0.221782 0.000000
vt 0.970368 0.185134 0.000000
vt 0.969466 0.260312 0.000000
vt 0.965217 0.266327 0.000000
vt 0.967289 0.344191 0.000000
vt 0.823116 0.310954 0.000000
vt 0.821933 0.272259 0.000000
vt 0.957536 0.394742 0.000000
vt 0.966936 0.357364 0.000000
vt 0.981621 0.360888 0.000000
vt 0.973800 0.394048 0.000000
vt 0.973026 0.260338 0.000000
vt 0.973374 0.186131 0.000000
vt 0.986197 0.194663 0.000000
vt 0.985716 0.260448 0.000000
vt 0.970662 0.267152 0.000000
vt 0.984779 0.267859 0.000000
vt 0.986125 0.303916 0.000000
vt 0.970354 0.344656 0.000000
vt 0.953818 0.398037 0.000000
vt 0.950771 0.407847 0.000000
vt 0.810627 0.344161 0.000000
vt 0.964795 0.354824 0.000000
vt 0.821919 0.315107 0.000000
vt 0.966461 0.345881 0.000000
vt 0.956555 0.408885 0.000000
vt 0.956942 0.398408 0.000000
vt 0.973051 0.398584 0.000000
vt 0.974190 0.409508 0.000000
vt 0.969123 0.346185 0.000000
vt 0.984295 0.343746 0.000000
vt 0.982626 0.355623 0.000000
vt 0.967298 0.354985 0.000000
vt 0.984763 0.339323 0.000000
vt 0.829027 0.218497 0.000000
vt 0.970305 0.181874 0.000000
vt 0.973606 0.182835 0.000000
vt 0.986548 0.191355 0.000000
vt 0.986275 0.393857 0.000000
vt 0.993270 0.364015 0.000000
vt 0.996130 0.201125 0.000000
vt 0.995660 0.260539 0.000000
vt 0.985572 0.398805 0.000000
vt 0.986888 0.409783 0.000000
vt 0.994608 0.356500 0.000000
vt 0.996265 0.342345 0.000000
vt 0.996226 0.335433 0.000000
vt 0.996477 0.197850 0.000000
vt 0.996738 0.314127 0.000000
vt 0.157531 0.132930 0.000000
vt 0.117019 0.132401 0.000000
vt 0.265176 0.283002 0.000000
vt 0.236063 0.283002 0.000000
vt 0.235755 0.284036 0.000000
vt 0.265484 0.284036 0.000000
vt 0.279571 0.219741 0.000000
vt 0.279620 0.273501 0.000000
vt 0.281514 0.273657 0.000000
vt 0.281514 0.219741 0.000000
vt 0.278029 0.276146 0.000000
vt 0.269280 0.281886 0.000000
vt 0.270233 0.282762 0.000000
vt 0.279546 0.276732 0.000000
vt 0.231959 0.281886 0.000000
vt 0.223210 0.276146 0.000000
vt 0.221692 0.276732 0.000000
vt 0.231005 0.282762 0.000000
vt 0.221618 0.273501 0.000000
vt 0.219725 0.273657 0.000000
vt 0.221668 0.256647 0.000000
vt 0.219725 0.256647 0.000000
vt 0.219162 0.249615 0.000000
vt 0.217219 0.249615 0.000000
vt 0.222925 0.289057 0.000000
vt 0.215435 0.368021 0.000000
vt 0.208157 0.374456 0.000000
vt 0.195508 0.374526 0.000000
vt 0.106677 0.342461 0.000000
vt 0.251956 0.296587 0.000000
vt 0.225617 0.375517 0.000000
vt 0.219695 0.371318 0.000000
vt 0.227630 0.289948 0.000000
vt 0.213624 0.384583 0.000000
vt 0.195715 0.384844 0.000000
vt 0.195618 0.379481 0.000000
vt 0.210852 0.379336 0.000000
vt 0.224359 0.377117 0.000000
vt 0.214546 0.383959 0.000000
vt 0.048774 0.902317 0.000000
vt 0.025987 0.952857 0.000000
vt 0.030438 0.897853 0.000000
vt 0.044314 0.897853 0.000000
vt 0.057191 0.899121 0.000000
vt 0.066388 0.960235 0.000000
vt 0.048765 0.952857 0.000000
vt 0.046569 0.976395 0.000000
vt 0.028182 0.976395 0.000000
vt 0.030452 0.957322 0.000000
vt 0.044300 0.957322 0.000000
vt 0.008364 0.960235 0.000000
vt 0.017560 0.899121 0.000000
vt 0.025978 0.902317 0.000000
vt 0.028182 0.889084 0.000000
vt 0.046569 0.889084 0.000000
vt 0.059680 0.968559 0.000000
vt 0.054972 0.973294 0.000000
vt 0.050086 0.890877 0.000000
vt 0.054817 0.895589 0.000000
vt 0.019780 0.973294 0.000000
vt 0.015072 0.968560 0.000000
vt 0.019935 0.895590 0.000000
vt 0.024665 0.890877 0.000000
vt 0.024027 0.990936 0.516825
vt 0.019701 0.988212 0.520415
vt 0.024085 0.982470 0.401536
vt 0.027271 0.984471 0.356305
vt 0.015979 0.984730 0.510350
vt 0.021311 0.979867 0.440743
vt 0.012919 0.980711 0.500323
vt 0.019012 0.976672 0.469188
vt 0.056657 0.984511 0.500323
vt 0.052953 0.987945 0.504416
vt 0.048535 0.982239 0.485351
vt 0.051348 0.979486 0.469188
vt 0.048687 0.990739 0.516827
vt 0.045355 0.984328 0.481642
vt 0.043954 0.992680 0.520414
vt 0.041874 0.985753 0.450031
vt 0.038934 0.993685 0.510346
vt 0.038197 0.986489 0.395030
vt 0.033819 0.993717 0.500317
vt 0.034451 0.986503 0.342085
vt 0.028792 0.992792 0.504410
vt 0.030766 0.985828 0.326998
vt 0.035629 0.858684 0.000000
vt 0.040965 0.874305 0.000000
vt 0.018359 0.858684 0.000000
vt 0.026993 0.856018 0.000000
vt 0.024564 0.981869 0.351750
vt 0.027625 0.983771 0.306372
vt 0.021918 0.979407 0.391745
vt 0.019909 0.976443 0.420605
vt 0.048016 0.981681 0.436099
vt 0.050504 0.979106 0.420605
vt 0.044987 0.983653 0.431456
vt 0.041647 0.985002 0.400022
vt 0.038117 0.985703 0.346253
vt 0.034521 0.985712 0.293764
vt 0.030982 0.985066 0.277746
vt 0.025901 0.980151 0.294063
vt 0.028602 0.981818 0.261344
vt 0.023608 0.978035 0.322372
vt 0.021935 0.975530 0.342918
vt 0.046586 0.980040 0.354656
vt 0.048664 0.977858 0.342918
vt 0.043966 0.981732 0.352042
vt 0.041021 0.982911 0.329163
vt 0.037899 0.983525 0.289284
vt 0.034714 0.983536 0.250941
vt 0.031576 0.982962 0.240085
vt 0.311235 0.132778 0.000000
vt 0.294078 0.128762 0.000000
vt 0.318871 0.149042 0.000000
vt 0.316862 0.140016 0.000000
vt 0.092774 0.042744 0.341954
vt 0.080049 0.042744 0.340728
vt 0.080049 0.045603 0.318860
vt 0.092774 0.045603 0.320007
vt 0.067359 0.042744 0.342809
vt 0.067359 0.045603 0.320807
vt 0.054899 0.042744 0.346595
vt 0.054899 0.045603 0.324351
vt 0.042684 0.042744 0.349230
vt 0.042684 0.045603 0.326817
vt 0.030551 0.042744 0.348766
vt 0.030551 0.045603 0.326382
vt 0.018279 0.042744 0.345543
vt 0.018279 0.045603 0.323366
vt 0.005745 0.042744 0.341956
vt 0.005745 0.045603 0.320011
vt 0.179804 0.042744 0.341956
vt 0.167079 0.042744 0.340729
vt 0.167079 0.045603 0.318863
vt 0.179804 0.045603 0.320011
vt 0.154388 0.042744 0.342810
vt 0.154388 0.045603 0.320810
vt 0.141928 0.042744 0.346596
vt 0.141928 0.045603 0.324352
vt 0.129714 0.042744 0.349230
vt 0.129714 0.045603 0.326817
vt 0.117580 0.042744 0.348765
vt 0.117581 0.045603 0.326381
vt 0.105309 0.042744 0.345541
vt 0.105309 0.045603 0.323365
vt 0.116669 0.063079 0.501777
vt 0.108044 0.063079 0.500984
vt 0.108044 0.050445 0.349665
vt 0.116669 0.050445 0.350217
vt 0.099429 0.063079 0.502331
vt 0.099429 0.050445 0.350604
vt 0.090883 0.063079 0.504796
vt 0.090883 0.050445 0.352324
vt 0.082414 0.063079 0.506519
vt 0.082414 0.050445 0.353527
vt 0.073970 0.063079 0.506214
vt 0.073970 0.050445 0.353314
vt 0.065482 0.063079 0.504108
vt 0.065482 0.050445 0.351846
vt 0.056914 0.063079 0.501779
vt 0.056914 0.050445 0.350218
vt 0.176424 0.063079 0.501779
vt 0.167799 0.063079 0.500984
vt 0.167799 0.050445 0.349664
vt 0.176424 0.050445 0.350218
vt 0.159184 0.063079 0.502333
vt 0.159184 0.050445 0.350604
vt 0.150639 0.063079 0.504795
vt 0.150639 0.050445 0.352325
vt 0.142169 0.063079 0.506519
vt 0.142169 0.050445 0.353526
vt 0.133725 0.063079 0.506214
vt 0.133725 0.050445 0.353314
vt 0.125238 0.063079 0.504109
vt 0.125238 0.050445 0.351845
vt 0.092774 0.005383 0.501848
vt 0.080049 0.005383 0.500050
vt 0.105309 0.005383 0.507113
vt 0.117580 0.005383 0.511844
vt 0.129714 0.005383 0.512526
vt 0.141928 0.005383 0.508660
vt 0.154388 0.005383 0.503103
vt 0.167079 0.005383 0.500050
vt 0.179804 0.005383 0.501850
vt 0.018279 0.005383 0.507115
vt 0.005745 0.005383 0.501850
vt 0.030551 0.005383 0.511845
vt 0.042684 0.005383 0.512527
vt 0.054899 0.005383 0.508660
vt 0.067359 0.005383 0.503103
vt 0.761742 0.229739 0.000000
vt 0.723771 0.229739 0.000000
vt 0.723771 0.187463 0.000000
vt 0.761742 0.187463 0.000000
vt 0.501022 0.220213 0.000000
vt 0.535339 0.220213 0.000000
vt 0.535338 0.199837 0.000000
vt 0.501022 0.199837 0.000000
vt 0.623626 0.224348 0.000000
vt 0.564547 0.227331 0.000000
vt 0.564547 0.187058 0.000000
vt 0.623626 0.190042 0.000000
vt 0.534644 0.187058 0.000000
vt 0.534644 0.172426 0.000000
vt 0.564547 0.172426 0.000000
vt 0.534644 0.227331 0.000000
vt 0.564547 0.241964 0.000000
vt 0.534644 0.241964 0.000000
vt 0.623626 0.236812 0.000000
vt 0.660526 0.222499 0.000000
vt 0.623626 0.177578 0.000000
vt 0.660526 0.191891 0.000000
vt 0.681722 0.231787 0.000000
vt 0.671125 0.221615 0.000000
vt 0.681722 0.221614 0.000000
vt 0.681722 0.182602 0.000000
vt 0.671125 0.192774 0.000000
vt 0.550732 0.145584 0.000000
vt 0.550732 0.104807 0.000000
vt 0.588354 0.089989 0.000000
vt 0.588354 0.160402 0.000000
vt 0.686027 0.109704 0.000000
vt 0.696756 0.110599 0.000000
vt 0.696756 0.139793 0.000000
vt 0.686027 0.140687 0.000000
vt 0.648670 0.107832 0.000000
vt 0.648670 0.142559 0.000000
vt 0.550733 0.160401 0.000000
vt 0.550733 0.089990 0.000000
vt 0.648667 0.095220 0.000000
vt 0.648667 0.155171 0.000000
vt 0.707487 0.100301 0.000000
vt 0.707486 0.150090 0.000000
vt 0.707485 0.139791 0.000000
vt 0.720154 0.229739 0.000000
vt 0.720154 0.187463 0.000000
vt 0.657639 0.222499 0.000000
vt 0.657639 0.191891 0.000000
vt 0.535338 0.195966 0.000000
vt 0.501022 0.195966 0.000000
vt 0.626512 0.190042 0.000000
vt 0.626512 0.224348 0.000000
vt 0.644736 0.176132 0.000000
vt 0.639409 0.169782 0.000000
vt 0.677560 0.171441 0.000000
vt 0.677969 0.178268 0.000000
vt 0.527201 0.187058 0.000000
vt 0.527201 0.172426 0.000000
vt 0.709067 0.121759 0.000000
vt 0.742300 0.119623 0.000000
vt 0.741623 0.130907 0.000000
vt 0.702991 0.129002 0.000000
vt 0.526156 0.241964 0.000000
vt 0.526156 0.227331 0.000000
vt 0.304337 0.275691 0.000000
vt 0.304401 0.320133 0.000000
vt 0.300928 0.320137 0.000000
vt 0.300864 0.275697 0.000000
vt 0.300585 0.273808 0.000000
vt 0.300648 0.229367 0.000000
vt 0.304121 0.229372 0.000000
vt 0.304058 0.273813 0.000000
vt 0.311926 0.319962 0.000000
vt 0.308454 0.319958 0.000000
vt 0.308528 0.249821 0.000000
vt 0.312001 0.249820 0.000000
vt 0.684610 0.221614 0.000000
vt 0.684610 0.231787 0.000000
vt 0.684610 0.182602 0.000000
vt 0.684610 0.192775 0.000000
vt 0.681722 0.192775 0.000000
vt 0.297478 0.175297 0.000000
vt 0.296477 0.243308 0.000000
vt 0.292533 0.243326 0.000000
vt 0.285306 0.176249 0.000000
vt 0.308513 0.242671 0.000000
vt 0.307623 0.174657 0.000000
vt 0.319793 0.175629 0.000000
vt 0.312457 0.242694 0.000000
vt 0.564877 0.167514 0.000000
vt 0.620753 0.172386 0.000000
vt 0.558420 0.172013 0.000000
vt 0.554750 0.166831 0.000000
vt 0.645733 0.160414 0.000000
vt 0.588691 0.165392 0.000000
vt 0.296461 0.250455 0.000000
vt 0.292987 0.250456 0.000000
vt 0.620753 0.242003 0.000000
vt 0.564877 0.246876 0.000000
vt 0.588692 0.084998 0.000000
vt 0.645734 0.089977 0.000000
vt 0.554419 0.242647 0.000000
vt 0.554750 0.247559 0.000000
vt 0.701668 0.174830 0.000000
vt 0.674969 0.158326 0.000000
vt 0.690672 0.160681 0.000000
vt 0.720722 0.183891 0.000000
vt 0.777620 0.187463 0.000000
vt 0.777620 0.229739 0.000000
vt 0.748768 0.242101 0.000000
vt 0.728581 0.248236 0.000000
vt 0.745651 0.250448 0.000000
vt 0.728614 0.251853 0.000000
vt 0.704342 0.229739 0.000000
vt 0.704342 0.187463 0.000000
vt 0.703286 0.182473 0.000000
vt 0.500778 0.161651 0.000000
vt 0.480184 0.161797 0.000000
vt 0.480428 0.196113 0.000000
vt 0.707485 0.110600 0.000000
vt 0.296624 0.320591 0.000000
vt 0.293151 0.320599 0.000000
vt 0.490949 0.200353 0.000000
vt 0.478370 0.201236 0.000000
vt 0.480850 0.202718 0.000000
vt 0.501022 0.223103 0.000000
vt 0.535340 0.223103 0.000000
vt 0.557990 0.201236 0.000000
vt 0.545411 0.200353 0.000000
vt 0.555509 0.202718 0.000000
vt 0.545652 0.196925 0.000000
vt 0.558231 0.197808 0.000000
vt 0.555932 0.196113 0.000000
vt 0.477328 0.161816 0.000000
vt 0.477572 0.196133 0.000000
vt 0.478129 0.197808 0.000000
vt 0.490708 0.196925 0.000000
vt 0.522762 0.060020 0.000000
vt 0.521365 0.061220 0.000000
vt 0.515721 0.139812 0.000000
vt 0.516013 0.140297 0.000000
vt 0.491194 0.060020 0.000000
vt 0.497943 0.140297 0.000000
vt 0.498235 0.139812 0.000000
vt 0.492591 0.061220 0.000000
vt 0.523353 0.113648 0.000000
vt 0.527535 0.051503 0.000000
vt 0.541904 0.051503 0.000000
vt 0.546086 0.113648 0.000000
vt 0.851265 0.086214 0.000000
vt 0.804833 0.086174 0.000000
vt 0.804829 0.091131 0.000000
vt 0.851262 0.091171 0.000000
vt 0.877901 0.083835 0.000000
vt 0.924061 0.090211 0.000000
vt 0.924061 0.082580 0.000000
vt 0.877901 0.079065 0.000000
vt 0.824440 0.083835 0.000000
vt 0.824440 0.079065 0.000000
vt 0.811572 0.083835 0.000000
vt 0.811572 0.079065 0.000000
vt 0.804881 0.083835 0.000000
vt 0.804881 0.079065 0.000000
vt 0.830725 0.094712 0.000000
vt 0.820271 0.106742 0.000000
vt 0.870119 0.098989 0.000000
vt 0.872874 0.094735 0.000000
vt 0.819989 0.064289 0.000000
vt 0.808002 0.066230 0.000000
vt 0.804641 0.071574 0.000000
vt 0.830424 0.076335 0.000000
vt 0.808287 0.104781 0.000000
vt 0.804934 0.099432 0.000000
vt 0.869825 0.072121 0.000000
vt 0.872572 0.076379 0.000000
vt 0.700261 0.132256 0.000000
vt 0.522343 0.241964 0.000000
vt 0.522343 0.227331 0.000000
vt 0.635930 0.165636 0.000000
vt 0.522343 0.187058 0.000000
vt 0.522343 0.172426 0.000000
vt 0.759670 0.160587 0.000000
vt 0.765163 0.160587 0.000000
vt 0.765163 0.145869 0.000000
vt 0.759670 0.145869 0.000000
vt 0.742816 0.160587 0.000000
vt 0.742816 0.145869 0.000000
vt 0.731521 0.160587 0.000000
vt 0.731521 0.145869 0.000000
vt 0.712245 0.160587 0.000000
vt 0.712245 0.145869 0.000000
vt 0.745991 0.124729 0.000000
vt 0.745991 0.136024 0.000000
vt 0.765267 0.124729 0.000000
vt 0.745991 0.170432 0.000000
vt 0.745991 0.181728 0.000000
vt 0.846307 0.110121 0.500000
vt 0.865096 0.109959 0.500000
vt 0.865153 0.119672 0.444139
vt 0.846392 0.119830 0.444139
vt 0.883891 0.109907 0.500000
vt 0.883910 0.119618 0.444139
vt 0.902667 0.109895 0.500000
vt 0.902687 0.119603 0.444139
vt 0.921424 0.109841 0.500000
vt 0.921481 0.119548 0.444139
vt 0.940184 0.109679 0.500000
vt 0.940269 0.119389 0.444138
vt 0.958956 0.109518 0.500000
vt 0.959040 0.119227 0.444138
vt 0.978280 0.109351 0.500000
vt 0.977253 0.119070 0.444138
vt 0.997680 0.113674 0.500000
vt 0.994485 0.122909 0.444138
vt 0.774460 0.136265 0.500000
vt 0.789836 0.123676 0.500000
vt 0.795131 0.131890 0.444138
vt 0.781471 0.143074 0.444138
vt 0.807653 0.114873 0.500000
vt 0.810967 0.124067 0.444138
vt 0.826987 0.110287 0.500000
vt 0.828165 0.119989 0.444139
vt 0.855227 0.189383 0.000000
vt 0.822868 0.208065 0.000000
vt 0.855227 0.152019 0.000000
vt 0.860233 0.170701 0.000000
vt 0.863366 0.170701 0.000000
vt 0.857941 0.190950 0.000000
vt 0.843117 0.205774 0.000000
vt 0.841551 0.203060 0.000000
vt 0.822868 0.211199 0.000000
vt 0.802619 0.205774 0.000000
vt 0.804187 0.203060 0.000000
vt 0.787796 0.190950 0.000000
vt 0.790510 0.189383 0.000000
vt 0.782370 0.170701 0.000000
vt 0.785505 0.170701 0.000000
vt 0.787796 0.150452 0.000000
vt 0.790510 0.152019 0.000000
vt 0.802619 0.135629 0.000000
vt 0.804187 0.138343 0.000000
vt 0.822868 0.130204 0.000000
vt 0.822868 0.133337 0.000000
vt 0.843117 0.135629 0.000000
vt 0.841551 0.138343 0.000000
vt 0.857941 0.150452 0.000000
vt 0.899275 0.133969 0.000000
vt 0.899275 0.124611 0.000000
vt 0.905461 0.124611 0.000000
vt 0.905461 0.133969 0.000000
vt 0.899275 0.163505 0.000000
vt 0.905461 0.163505 0.000000
vt 0.899275 0.169150 0.000000
vt 0.905461 0.169150 0.000000
vt 0.899275 0.179553 0.000000
vt 0.905461 0.179553 0.000000
vt 0.899275 0.193219 0.000000
vt 0.905461 0.193219 0.000000
vt 0.941408 0.132038 0.000000
vt 0.928188 0.152834 0.000000
vt 0.876548 0.152834 0.000000
vt 0.870904 0.152834 0.000000
vt 0.863329 0.145704 0.000000
vt 0.863329 0.132038 0.000000
vt 0.425537 0.136258 0.493902
vt 0.425544 0.118436 0.504260
vt 0.418619 0.118392 0.504557
vt 0.418474 0.136214 0.495709
vt 0.411670 0.118280 0.501209
vt 0.411425 0.136102 0.496205
vt 0.404628 0.118131 0.496112
vt 0.404347 0.135954 0.496323
vt 0.489003 0.135954 0.496323
vt 0.489284 0.118131 0.496112
vt 0.482148 0.117985 0.492455
vt 0.481907 0.135807 0.497858
vt 0.474984 0.117879 0.492033
vt 0.474851 0.135702 0.501155
vt 0.467864 0.117844 0.493903
vt 0.467873 0.135666 0.504264
vt 0.460802 0.117888 0.495709
vt 0.460947 0.135710 0.504560
vt 0.453753 0.117999 0.496206
vt 0.453998 0.135821 0.501209
vt 0.446675 0.118148 0.496323
vt 0.446956 0.135971 0.496113
vt 0.439579 0.118295 0.497860
vt 0.439820 0.136117 0.492455
vt 0.432523 0.118400 0.501153
vt 0.432656 0.136222 0.492032
vt 0.994291 0.276917 0.000000
vt 0.992277 0.273648 0.000000
vt 0.994228 0.274701 0.000000
vt 0.994556 0.275801 0.000000
vt 0.425554 0.109738 0.299254
vt 0.418787 0.109712 0.298426
vt 0.411956 0.109648 0.293904
vt 0.404964 0.109562 0.287389
vt 0.489620 0.109562 0.287389
vt 0.482441 0.109476 0.281638
vt 0.475150 0.109416 0.278739
vt 0.467854 0.109395 0.278927
vt 0.460621 0.109421 0.281065
vt 0.453453 0.109485 0.284094
vt 0.446339 0.109571 0.287803
vt 0.439299 0.109656 0.292237
vt 0.432370 0.109717 0.296637
vt 0.418926 0.088855 0.414399
vt 0.418790 0.102998 0.407282
vt 0.425554 0.103033 0.408442
vt 0.425561 0.088889 0.416666
vt 0.412199 0.088767 0.405284
vt 0.411963 0.102910 0.401031
vt 0.405255 0.088649 0.392243
vt 0.404973 0.102792 0.392027
vt 0.482702 0.088533 0.380064
vt 0.482449 0.102677 0.384063
vt 0.489628 0.102792 0.392027
vt 0.489910 0.088649 0.392243
vt 0.475299 0.088450 0.372873
vt 0.475154 0.102593 0.380021
vt 0.467845 0.088422 0.372024
vt 0.467854 0.102565 0.380246
vt 0.460459 0.088457 0.376287
vt 0.460617 0.102600 0.383202
vt 0.453189 0.088545 0.383752
vt 0.453446 0.102688 0.387420
vt 0.446050 0.088663 0.393147
vt 0.446332 0.102806 0.392601
vt 0.439062 0.088778 0.403320
vt 0.439292 0.102922 0.398763
vt 0.432243 0.088861 0.412165
vt 0.432366 0.103005 0.404845
vt 0.425575 0.078906 0.317179
vt 0.425582 0.078874 0.263461
vt 0.419305 0.078853 0.260269
vt 0.419176 0.078880 0.314031
vt 0.412877 0.078801 0.249964
vt 0.412642 0.078816 0.303426
vt 0.406101 0.078730 0.235124
vt 0.405803 0.078730 0.288220
vt 0.398842 0.078661 0.220172
vt 0.398555 0.078645 0.273210
vt 0.483211 0.078645 0.273210
vt 0.483497 0.078661 0.220172
vt 0.475774 0.078612 0.209887
vt 0.475600 0.078584 0.263253
vt 0.467817 0.078595 0.207286
vt 0.467827 0.078563 0.261004
vt 0.459946 0.078616 0.212378
vt 0.460134 0.078588 0.266106
vt 0.452386 0.078668 0.222983
vt 0.452675 0.078653 0.276394
vt 0.445209 0.078739 0.236254
vt 0.445505 0.078739 0.289352
vt 0.438401 0.078808 0.249317
vt 0.438629 0.078825 0.302408
vt 0.431896 0.078857 0.259271
vt 0.432014 0.078885 0.312665
vt 0.914792 0.160915 0.500006
vt 0.915204 0.184088 0.500009
vt 0.912432 0.184137 0.500051
vt 0.912020 0.160964 0.500050
vt 0.945626 0.160836 0.500105
vt 0.945313 0.184011 0.500106
vt 0.942514 0.183973 0.500119
vt 0.942880 0.160799 0.500119
vt 0.939718 0.183923 0.500101
vt 0.940134 0.160749 0.500102
vt 0.936995 0.183874 0.500098
vt 0.937316 0.160699 0.500100
vt 0.934315 0.183847 0.500082
vt 0.934456 0.160670 0.500084
vt 0.931636 0.183841 0.500014
vt 0.931596 0.160664 0.500016
vt 0.928958 0.183855 0.500144
vt 0.928736 0.160679 0.500145
vt 0.926261 0.183891 0.500447
vt 0.925896 0.160717 0.500447
vt 0.923517 0.183941 0.500502
vt 0.923102 0.160767 0.500501
vt 0.920746 0.183990 0.500215
vt 0.920333 0.160816 0.500213
vt 0.917975 0.184039 0.499994
vt 0.917563 0.160865 0.499992
vt 0.419087 0.086167 0.310320
vt 0.425570 0.086193 0.312942
vt 0.425557 0.105604 0.301657
vt 0.418841 0.105579 0.300503
vt 0.412484 0.086103 0.301106
vt 0.412051 0.105515 0.295135
vt 0.405606 0.086017 0.287922
vt 0.405077 0.105428 0.287436
vt 0.398370 0.085932 0.275121
vt 0.489732 0.105428 0.287436
vt 0.482542 0.105343 0.280457
vt 0.475489 0.085871 0.266886
vt 0.483025 0.085932 0.275121
vt 0.475207 0.105282 0.276646
vt 0.467834 0.085850 0.265242
vt 0.467851 0.105262 0.276524
vt 0.460254 0.085876 0.269609
vt 0.460559 0.105287 0.279040
vt 0.452863 0.085940 0.278128
vt 0.453352 0.105352 0.283007
vt 0.445701 0.086026 0.288886
vt 0.446227 0.105438 0.287946
vt 0.438784 0.086112 0.299937
vt 0.439206 0.105523 0.293557
vt 0.432095 0.086172 0.308854
vt 0.432320 0.105584 0.298772
vt 0.490261 0.086017 0.287922
vt 0.236364 0.033806 0.000000
vt 0.185189 0.033806 0.000000
vt 0.191661 0.009463 0.000000
vt 0.213888 0.009463 0.000000
vt 0.236364 0.040578 0.000000
vt 0.185189 0.040578 0.000000
vt 0.236364 0.050847 0.000000
vt 0.185189 0.050847 0.000000
vt 0.236364 0.061565 0.000000
vt 0.185189 0.061565 0.000000
vt 0.236364 0.064178 0.000000
vt 0.185189 0.064178 0.000000
vt 0.782099 0.286442 0.000000
vt 0.805567 0.286442 0.000000
vt 0.805567 0.292850 0.000000
vt 0.782099 0.292850 0.000000
vt 0.782099 0.284930 0.000000
vt 0.805567 0.284930 0.000000
vt 0.782099 0.280925 0.000000
vt 0.805567 0.280924 0.000000
vt 0.782099 0.277994 0.000000
vt 0.805567 0.277994 0.000000
vt 0.964229 0.160557 0.000000
vt 0.975125 0.155817 0.000000
vt 0.946428 0.133977 0.000000
vt 0.947239 0.156095 0.000000
vt 0.996839 0.134030 0.000000
vt 0.995333 0.156111 0.000000
vt 0.980408 0.127816 0.000000
vt 0.992317 0.128799 0.000000
vt 0.236364 0.009463 0.000000
vt 0.185189 0.009463 0.000000
vt 0.213888 0.092081 0.000000
vt 0.213888 0.081618 0.000000
vt 0.236364 0.092081 0.000000
vt 0.191661 0.081618 0.000000
vt 0.185189 0.092081 0.000000
vt 0.191661 0.092081 0.000000
vt 0.191661 0.006283 0.000000
vt 0.213888 0.006283 0.000000
vt 0.750228 0.630030 0.000000
vt 0.750191 0.633589 0.000000
vt 0.748017 0.635807 0.000000
vt 0.745988 0.635034 0.000000
vt 0.748017 0.640052 0.000000
vt 0.745829 0.641417 0.000000
vt 0.748203 0.641644 0.000000
vt 0.746471 0.644130 0.000000
vt 0.754299 0.644640 0.000000
vt 0.756932 0.649393 0.000000
vt 0.213888 0.086473 0.000000
vt 0.191661 0.086473 0.000000
vt 0.785405 0.294509 0.000000
vt 0.790485 0.295193 0.000000
vt 0.795209 0.299522 0.000000
vt 0.793619 0.301897 0.000000
vt 0.796672 0.299140 0.000000
vt 0.796223 0.301531 0.000000
vt 0.800403 0.297683 0.000000
vt 0.801779 0.299201 0.000000
vt 0.801606 0.295012 0.000000
vt 0.804722 0.293758 0.000000
vt 0.993503 0.277752 0.000000
vt 0.992404 0.278080 0.000000
vt 0.991287 0.277815 0.000000
vt 0.990452 0.277027 0.000000
vt 0.990124 0.275927 0.000000
vt 0.990389 0.274811 0.000000
vt 0.991177 0.273976 0.000000
vt 0.993393 0.273913 0.000000
vt 0.961075 0.130882 0.000000
vt 0.958252 0.130369 0.000000
vt 0.951615 0.130517 0.000000
vt 0.975778 0.153497 0.000000
vt 0.952283 0.160824 0.000000
vt 0.989813 0.159010 0.000000
vt 0.983197 0.158464 0.000000
vt 0.980443 0.157658 0.000000
vt 0.968185 0.133630 0.000000
vt 0.969077 0.131391 0.000000
vt 0.602908 0.885673 0.000000
vt 0.550899 0.783281 0.000000
vt 0.536251 0.810720 0.000000
vt 0.541976 0.827382 0.000000
vt 0.490392 0.810757 0.000000
vt 0.475932 0.783239 0.000000
vt 0.423287 0.885305 0.000000
vt 0.484593 0.827406 0.000000
vt 0.568741 0.719530 0.000000
vt 0.511404 0.758099 0.000000
vt 0.562660 0.764097 0.000000
vt 0.568741 0.758099 0.000000
vt 0.532453 0.827680 0.000000
vt 0.531423 0.815209 0.000000
vt 0.495216 0.815220 0.000000
vt 0.494203 0.827680 0.000000
vt 0.494571 0.910076 0.000000
vt 0.488527 0.919985 0.000000
vt 0.538503 0.916267 0.000000
vt 0.532466 0.910088 0.000000
vt 0.599516 0.887334 0.000000
vt 0.426671 0.886988 0.000000
vt 0.541328 0.911477 0.000000
vt 0.485919 0.911529 0.000000
vt 0.587588 0.718567 0.000000
vt 0.584107 0.717176 0.000000
vt 0.579563 0.767164 0.000000
vt 0.582262 0.769223 0.000000
vt 0.569404 0.775366 0.000000
vt 0.570412 0.778626 0.000000
vt 0.511556 0.775366 0.000000
vt 0.510547 0.778626 0.000000
vt 0.501398 0.767164 0.000000
vt 0.498700 0.769223 0.000000
vt 0.496855 0.717176 0.000000
vt 0.493373 0.718567 0.000000
vt 0.573133 0.720088 0.000000
vt 0.571135 0.762783 0.000000
vt 0.564925 0.767291 0.000000
vt 0.516034 0.767291 0.000000
vt 0.509827 0.762783 0.000000
vt 0.507828 0.720088 0.000000
vt 0.783981 0.372600 0.000000
vt 0.780489 0.372604 0.000000
vt 0.780495 0.378750 0.000000
vt 0.783988 0.378746 0.000000
vt 0.794941 0.372588 0.000000
vt 0.794947 0.378734 0.000000
vt 0.800861 0.372582 0.000000
vt 0.800866 0.378729 0.000000
vt 0.802513 0.372581 0.000000
vt 0.802517 0.378728 0.000000
vt 0.809077 0.372579 0.000000
vt 0.809078 0.378725 0.000000
vt 0.839277 0.372580 0.000000
vt 0.839277 0.378726 0.000000
vt 0.809077 0.389979 0.000000
vt 0.806648 0.400666 0.000000
vt 0.809077 0.403176 0.000000
vt 0.809078 0.361324 0.000000
vt 0.804949 0.367477 0.000000
vt 0.791360 0.268567 0.000000
vt 0.795710 0.260838 0.000000
vt 0.805011 0.260814 0.000000
vt 0.809417 0.268520 0.000000
vt 0.811360 0.254234 0.000000
vt 0.821249 0.257246 0.000000
vt 0.811330 0.245441 0.000000
vt 0.821197 0.242378 0.000000
vt 0.804934 0.238891 0.000000
vt 0.809284 0.231162 0.000000
vt 0.795633 0.238915 0.000000
vt 0.791227 0.231208 0.000000
vt 0.789283 0.245496 0.000000
vt 0.779395 0.242483 0.000000
vt 0.789314 0.254289 0.000000
vt 0.779448 0.257350 0.000000
vt 0.057706 0.476870 0.499999
vt 0.006663 0.476870 0.346008
vt 0.006663 0.468843 0.346008
vt 0.057706 0.468843 0.499999
vt 0.006663 0.460816 0.346009
vt 0.057706 0.460816 0.500000
vt 0.006663 0.452789 0.346009
vt 0.057706 0.452789 0.500000
vt 0.006663 0.444762 0.346010
vt 0.057706 0.444762 0.500001
vt 0.006663 0.436735 0.346010
vt 0.057706 0.436735 0.500001
vt 0.006663 0.428707 0.346010
vt 0.057706 0.428707 0.500001
vt 0.006663 0.420681 0.346009
vt 0.057706 0.420681 0.500000
vt 0.006663 0.412654 0.346009
vt 0.057706 0.412654 0.500000
vt 0.006663 0.404626 0.346008
vt 0.057706 0.404626 0.499999
vt 0.057706 0.500951 0.499999
vt 0.006663 0.500951 0.346008
vt 0.006663 0.492924 0.346008
vt 0.057706 0.492924 0.499999
vt 0.006663 0.484897 0.346008
vt 0.057706 0.484897 0.499999
vt 0.072429 0.401600 0.000000
vt 0.091837 0.412806 0.000000
vt 0.085368 0.401600 0.000000
vt 0.078899 0.399867 0.000000
vt 0.672533 0.560239 0.000000
vt 0.681060 0.560235 0.000000
vt 0.681065 0.572874 0.000000
vt 0.672536 0.572878 0.000000
vt 0.630633 0.560243 0.000000
vt 0.630634 0.572883 0.000000
vt 0.609887 0.560246 0.000000
vt 0.609889 0.572886 0.000000
vt 0.604625 0.560249 0.000000
vt 0.604629 0.572888 0.000000
vt 0.611063 0.586003 0.000000
vt 0.678014 0.579413 0.000000
vt 0.611056 0.547131 0.000000
vt 0.611436 0.552378 0.000000
vt 0.396496 0.152455 0.000000
vt 0.350173 0.139865 0.000000
vt 0.358797 0.145364 0.000000
vt 0.370177 0.152455 0.000000
vt 0.447396 0.142246 0.000000
vt 0.451132 0.139580 0.000000
vt 0.413623 0.145754 0.000000
vt 0.350173 0.144496 0.000000
vt 0.451670 0.169820 0.000000
vt 0.451670 0.152455 0.000000
vt 0.446846 0.152455 0.000000
vt 0.446846 0.169820 0.000000
vt 0.413421 0.152455 0.000000
vt 0.413421 0.169820 0.000000
vt 0.396496 0.169820 0.000000
vt 0.370177 0.169820 0.000000
vt 0.359161 0.152455 0.000000
vt 0.359161 0.169820 0.000000
vt 0.351940 0.152455 0.000000
vt 0.351940 0.169820 0.000000
vt 0.349500 0.152455 0.000000
vt 0.349500 0.169820 0.000000
vt 0.358797 0.177078 0.000000
vt 0.350173 0.182577 0.000000
vt 0.447396 0.180196 0.000000
vt 0.413623 0.176688 0.000000
vt 0.451132 0.182862 0.000000
vt 0.350173 0.177946 0.000000
vt 0.313275 0.009707 0.000000
vt 0.315196 0.012452 0.000000
vt 0.293277 0.012452 0.000000
vt 0.292294 0.008278 0.000000
vt 0.292294 0.041988 0.000000
vt 0.245492 0.041775 0.000000
vt 0.252847 0.037747 0.000000
vt 0.293277 0.037747 0.000000
vt 0.245492 0.008491 0.000000
vt 0.245455 0.004696 0.000000
vt 0.286523 0.004196 0.000000
vt 0.293277 0.032527 0.000000
vt 0.315196 0.034892 0.000000
vt 0.315196 0.037747 0.000000
vt 0.252847 0.012452 0.000000
vt 0.293277 0.017672 0.000000
vt 0.313275 0.040559 0.000000
vt 0.286523 0.046070 0.000000
vt 0.245455 0.045570 0.000000
vt 0.315196 0.015307 0.000000
vt 0.290986 0.058159 0.000000
vt 0.311447 0.058026 0.000000
vt 0.309683 0.055084 0.000000
vt 0.290148 0.053511 0.000000
vt 0.252573 0.081979 0.000000
vt 0.246713 0.086249 0.000000
vt 0.290280 0.086754 0.000000
vt 0.290986 0.082128 0.000000
vt 0.246545 0.049705 0.000000
vt 0.246581 0.054016 0.000000
vt 0.284780 0.049052 0.000000
vt 0.311447 0.082261 0.000000
vt 0.311435 0.079975 0.000000
vt 0.290969 0.077601 0.000000
vt 0.290969 0.062600 0.000000
vt 0.252573 0.058308 0.000000
vt 0.309816 0.085181 0.000000
vt 0.246677 0.090560 0.000000
vt 0.284913 0.091212 0.000000
vt 0.311435 0.060447 0.000000
vt 0.289915 0.094411 0.000000
vt 0.309322 0.095215 0.000000
vt 0.309412 0.093741 0.000000
vt 0.290002 0.092923 0.000000
vt 0.311086 0.095943 0.000000
vt 0.311287 0.095233 0.000000
vt 0.245491 0.038371 0.000000
vt 0.252038 0.036887 0.000000
vt 0.245527 0.039627 0.000000
vt 0.246574 0.093374 0.000000
vt 0.284236 0.093380 0.000000
vt 0.284287 0.091808 0.000000
vt 0.246628 0.091808 0.000000
vt 0.245491 0.011827 0.000000
vt 0.241142 0.010939 0.000000
vt 0.241171 0.009664 0.000000
vt 0.245527 0.010572 0.000000
vt 0.311551 0.079168 0.000000
vt 0.291756 0.076929 0.000000
vt 0.311063 0.103509 0.000000
vt 0.311086 0.100713 0.000000
vt 0.311287 0.100002 0.000000
vt 0.311287 0.103509 0.000000
vt 0.252038 0.013311 0.000000
vt 0.291756 0.063358 0.000000
vt 0.309322 0.099984 0.000000
vt 0.309412 0.098511 0.000000
vt 0.289915 0.099180 0.000000
vt 0.290002 0.097693 0.000000
vt 0.241142 0.039260 0.000000
vt 0.241171 0.040535 0.000000
vt 0.284236 0.098150 0.000000
vt 0.284287 0.096577 0.000000
vt 0.246574 0.098143 0.000000
vt 0.246628 0.096577 0.000000
vt 0.311063 0.098740 0.000000
vt 0.311287 0.098740 0.000000
vt 0.311551 0.061253 0.000000
vt 0.286555 0.102290 0.000000
vt 0.302960 0.102290 0.000000
vt 0.302960 0.116057 0.000000
vt 0.286555 0.116057 0.000000
vt 0.266966 0.102290 0.000000
vt 0.266966 0.116057 0.000000
vt 0.247387 0.102290 0.000000
vt 0.247387 0.116057 0.000000
vt 0.273697 0.133797 0.000000
vt 0.253239 0.133797 0.000000
vt 0.246495 0.118799 0.000000
vt 0.294146 0.118887 0.000000
vt 0.657930 0.408748 0.000000
vt 0.656350 0.408748 0.000000
vt 0.656351 0.396226 0.000000
vt 0.657931 0.396227 0.000000
vt 0.686655 0.408748 0.000000
vt 0.686655 0.396227 0.000000
vt 0.701183 0.408748 0.000000
vt 0.701182 0.396226 0.000000
vt 0.703418 0.408747 0.000000
vt 0.703417 0.396225 0.000000
vt 0.669563 0.426056 0.000000
vt 0.669563 0.420264 0.000000
vt 0.677510 0.420264 0.000000
vt 0.677510 0.426056 0.000000
vt 0.669563 0.431273 0.000000
vt 0.677510 0.431273 0.000000
vt 0.650571 0.433867 0.000000
vt 0.682068 0.433867 0.000000
vt 0.682068 0.443997 0.000000
vt 0.650571 0.443997 0.000000
vt 0.665034 0.422628 0.000000
vt 0.640204 0.431726 0.000000
vt 0.646783 0.431230 0.000000
vt 0.665319 0.423692 0.000000
vt 0.664927 0.419284 0.000000
vt 0.640115 0.410137 0.000000
vt 0.634265 0.413499 0.000000
vt 0.632970 0.419232 0.000000
vt 0.673602 0.355884 0.000000
vt 0.673603 0.361534 0.000000
vt 0.687609 0.361533 0.000000
vt 0.687608 0.355883 0.000000
vt 0.673600 0.346815 0.000000
vt 0.687605 0.346816 0.000000
vt 0.673600 0.333466 0.000000
vt 0.687604 0.333472 0.000000
vt 0.673626 0.295421 0.000000
vt 0.687630 0.295433 0.000000
vt 0.690276 0.257915 0.000000
vt 0.690276 0.266681 0.000000
vt 0.703900 0.266681 0.000000
vt 0.703900 0.257915 0.000000
vt 0.673654 0.266438 0.000000
vt 0.673647 0.274522 0.000000
vt 0.687654 0.274534 0.000000
vt 0.687659 0.266444 0.000000
vt 0.704323 0.275903 0.000000
vt 0.691328 0.346591 0.000000
vt 0.691328 0.355722 0.000000
vt 0.695524 0.359643 0.000000
vt 0.656956 0.275974 0.000000
vt 0.665244 0.275974 0.000000
vt 0.696035 0.275903 0.000000
vt 0.665756 0.359714 0.000000
vt 0.669951 0.355792 0.000000
vt 0.669951 0.346662 0.000000
vt 0.686812 0.294610 0.000000
vt 0.674446 0.294603 0.000000
vt 0.686822 0.281303 0.000000
vt 0.674458 0.281293 0.000000
vt 0.690276 0.271910 0.000000
vt 0.703900 0.271910 0.000000
vt 0.706256 0.268377 0.000000
vt 0.710723 0.279007 0.000000
vt 0.710704 0.270205 0.000000
vt 0.707072 0.264347 0.000000
vt 0.674697 0.291455 0.000000
vt 0.686599 0.291459 0.000000
vt 0.710608 0.266035 0.000000
vt 0.710588 0.254504 0.000000
vt 0.708268 0.251109 0.000000
vt 0.707201 0.257919 0.000000
vt 0.362090 0.336858 0.000000
vt 0.333849 0.399634 0.000000
vt 0.325034 0.175706 0.000000
vt 0.360981 0.207047 0.000000
vt 0.421383 0.337947 0.000000
vt 0.427257 0.208264 0.000000
vt 0.464332 0.178264 0.000000
vt 0.447299 0.401717 0.000000
vt 0.365524 0.333972 0.000000
vt 0.365019 0.209226 0.000000
vt 0.423140 0.210293 0.000000
vt 0.418057 0.334937 0.000000
vt 0.044105 0.556443 0.000000
vt 0.091308 0.524281 0.000000
vt 0.089086 0.557957 0.000000
vt 0.045652 0.557957 0.000000
vt 0.363173 0.414718 0.000000
vt 0.364685 0.342846 0.000000
vt 0.420246 0.346065 0.000000
vt 0.418615 0.414718 0.000000
vt 0.344839 0.135795 0.000000
vt 0.383517 0.134961 0.000000
vt 0.382024 0.136487 0.000000
vt 0.345480 0.137274 0.000000
vt 0.383517 0.189132 0.000000
vt 0.344839 0.188298 0.000000
vt 0.345480 0.186819 0.000000
vt 0.382024 0.187606 0.000000
vt 0.342221 0.185624 0.000000
vt 0.343714 0.185015 0.000000
vt 0.342221 0.138469 0.000000
vt 0.343714 0.139078 0.000000
vt 0.029556 0.550223 0.000000
vt 0.028930 0.511303 0.000000
vt 0.043430 0.524281 0.000000
vt 0.003433 0.639022 0.000000
vt 0.018955 0.603326 0.000000
vt 0.034777 0.603169 0.000000
vt 0.021804 0.632606 0.000000
vt 0.020067 0.600880 0.000000
vt 0.035673 0.601199 0.000000
vt 0.029644 0.552909 0.000000
vt 0.044177 0.558606 0.000000
vt 0.010584 0.090133 0.000000
vt 0.004688 0.090133 0.000000
vt 0.004688 0.083504 0.000000
vt 0.010584 0.083504 0.000000
vt 0.012751 0.090133 0.000000
vt 0.012751 0.083504 0.000000
vt 0.036789 0.090133 0.000000
vt 0.036789 0.083504 0.000000
vt 0.097472 0.090133 0.000000
vt 0.097472 0.083504 0.000000
vt 0.106171 0.090133 0.000000
vt 0.106171 0.083504 0.000000
vt 0.151972 0.090133 0.000000
vt 0.151972 0.083504 0.000000
vt 0.156376 0.090133 0.000000
vt 0.156376 0.083504 0.000000
vt 0.153811 0.076740 0.000000
vt 0.108010 0.076884 0.000000
vt 0.023306 0.065160 0.000000
vt 0.157125 0.073840 0.000000
vt 0.150642 0.094757 0.000000
vt 0.153965 0.097647 0.000000
vt 0.020173 0.106749 0.000000
vt 0.104841 0.094757 0.000000
vt 0.406085 0.703683 0.000000
vt 0.412562 0.703683 0.000000
vt 0.412562 0.720470 0.000000
vt 0.406085 0.720470 0.000000
vt 0.398478 0.703683 0.000000
vt 0.398478 0.720470 0.000000
vt 0.390304 0.703683 0.000000
vt 0.390299 0.720470 0.000000
vt 0.380542 0.703667 0.000000
vt 0.380528 0.720476 0.000000
vt 0.357686 0.720421 0.000000
vt 0.357698 0.703679 0.000000
vt 0.379911 0.722494 0.000000
vt 0.379962 0.744001 0.000000
vt 0.357551 0.743952 0.000000
vt 0.357599 0.722466 0.000000
vt 0.380034 0.687634 0.000000
vt 0.386984 0.690706 0.000000
vt 0.386952 0.696971 0.000000
vt 0.379923 0.701645 0.000000
vt 0.382505 0.732001 0.000000
vt 0.380056 0.736498 0.000000
vt 0.382498 0.727931 0.000000
vt 0.381965 0.686401 0.000000
vt 0.379986 0.680128 0.000000
vt 0.382049 0.680078 0.000000
vt 0.387003 0.733427 0.000000
vt 0.388921 0.734587 0.000000
vt 0.388885 0.689534 0.000000
vt 0.386934 0.727164 0.000000
vt 0.388840 0.726124 0.000000
vt 0.388871 0.698002 0.000000
vt 0.357608 0.701648 0.000000
vt 0.525410 0.264503 0.000000
vt 0.522636 0.269016 0.000000
vt 0.545540 0.322531 0.000000
vt 0.535151 0.255653 0.000000
vt 0.524318 0.322086 0.000000
vt 0.545610 0.325923 0.000000
vt 0.526702 0.319558 0.000000
vt 0.519378 0.309781 0.000000
vt 0.522703 0.309199 0.000000
vt 0.519366 0.268188 0.000000
vt 0.522777 0.262371 0.000000
vt 0.533932 0.252488 0.000000
vt 0.519380 0.322575 0.000000
vt 0.508547 0.322575 0.000000
vt 0.508547 0.343968 0.000000
vt 0.519380 0.343968 0.000000
vt 0.508547 0.309781 0.000000
vt 0.508544 0.268189 0.000000
vt 0.519377 0.261770 0.000000
vt 0.508544 0.261771 0.000000
vt 0.519374 0.247003 0.000000
vt 0.508541 0.247005 0.000000
vt 0.560669 0.611753 0.000000
vt 0.560669 0.619015 0.000000
vt 0.544195 0.617395 0.000000
vt 0.544195 0.611753 0.000000
vt 0.545815 0.662832 0.000000
vt 0.545815 0.619015 0.000000
vt 0.560669 0.662832 0.000000
vt 0.560669 0.669667 0.000000
vt 0.560669 0.695628 0.000000
vt 0.545815 0.691813 0.000000
vt 0.545815 0.669667 0.000000
vt 0.548959 0.701318 0.000000
vt 0.548959 0.698331 0.000000
vt 0.560669 0.698331 0.000000
vt 0.560669 0.701318 0.000000
vt 0.544195 0.713685 0.000000
vt 0.544195 0.706081 0.000000
vt 0.531989 0.692178 0.000000
vt 0.536804 0.672263 0.000000
vt 0.541917 0.694619 0.000000
vt 0.537271 0.697648 0.000000
vt 0.547848 0.701102 0.000000
vt 0.541372 0.699244 0.000000
vt 0.543601 0.694166 0.000000
vt 0.535626 0.665137 0.000000
vt 0.533581 0.666223 0.000000
vt 0.505719 0.631696 0.000000
vt 0.507945 0.631170 0.000000
vt 0.549630 0.695628 0.000000
vt 0.545359 0.692332 0.000000
vt 0.538852 0.671163 0.000000
vt 0.731967 0.663237 0.000000
vt 0.731967 0.658294 0.000000
vt 0.735205 0.658294 0.000000
vt 0.735205 0.663237 0.000000
vt 0.731967 0.710493 0.000000
vt 0.735205 0.710493 0.000000
vt 0.731967 0.717213 0.000000
vt 0.735205 0.717213 0.000000
vt 0.731967 0.777333 0.000000
vt 0.735205 0.777333 0.000000
vt 0.731967 0.783286 0.000000
vt 0.735205 0.783286 0.000000
vt 0.751463 0.775093 0.000000
vt 0.757316 0.733038 0.000000
vt 0.756449 0.778345 0.000000
vt 0.706305 0.728895 0.000000
vt 0.728646 0.659576 0.000000
vt 0.730810 0.717113 0.000000
vt 0.704831 0.771330 0.000000
vt 0.325205 0.004672 0.000000
vt 0.434612 0.004671 0.000000
vt 0.434612 0.071289 0.000000
vt 0.325205 0.038321 0.000000
vt 0.435279 0.004671 0.000000
vt 0.435279 0.071289 0.000000
vt 0.544591 0.004672 0.000000
vt 0.544591 0.038321 0.000000
vt 0.606601 0.836254 0.000000
vt 0.601654 0.805918 0.000000
vt 0.660390 0.805721 0.000000
vt 0.736590 0.356512 0.000000
vt 0.708442 0.356663 0.000000
vt 0.111496 0.358435 0.000000
vt 0.638756 0.539471 0.000000
vt 0.500890 0.577318 0.000000
vt 0.195476 0.289025 0.000000
vt 0.744250 0.254199 0.000000
vt 0.765267 0.181728 0.000000
vt 0.933832 0.152834 0.000000
vt 0.941408 0.145704 0.000000
vt 0.511404 0.719530 0.000000
vt 0.804949 0.383825 0.000000
vt 0.806650 0.350636 0.000000
vt 0.809079 0.348127 0.000000
vt 0.611441 0.580756 0.000000
vt 0.678009 0.553701 0.000000
vt 0.634362 0.428353 0.000000
vt 0.633078 0.422618 0.000000
vt 0.646693 0.410647 0.000000
vt 0.665214 0.418221 0.000000
vt 0.361542 0.346065 0.000000
vt 0.357554 0.680178 0.000000
vt 0.560669 0.713685 0.000000
vt 0.503166 0.633921 0.000000
vt 0.497551 0.634472 0.000000
vt 0.747241 0.660908 0.000000
vt 0.699360 0.773675 0.000000
vt 0.489799 0.337221 0.000000
vt 0.485099 0.337221 0.000000
vt 0.485099 0.359190 0.000000
vt 0.489799 0.359190 0.000000
vt 0.489799 0.321398 0.000000
vt 0.485099 0.321398 0.000000
vt 0.489799 0.269197 0.000000
vt 0.485099 0.269197 0.000000
vt 0.489799 0.254672 0.000000
vt 0.485099 0.254672 0.000000
vt 0.485099 0.422643 0.000000
vt 0.489799 0.422643 0.000000
vt 0.481359 0.298806 0.000000
vt 0.466077 0.360653 0.000000
vt 0.470449 0.440216 0.000000
vt 0.481432 0.444977 0.000000
vt 0.500076 0.297853 0.000000
vt 0.492032 0.299018 0.000000
vt 0.491959 0.445188 0.000000
vt 0.507314 0.360864 0.000000
vt 0.453438 0.375561 0.000000
vt 0.454133 0.391481 0.000000
vt 0.473314 0.297642 0.000000
vt 0.519257 0.391692 0.000000
vt 0.519952 0.375772 0.000000
vt 0.502942 0.440427 0.000000
vt 0.183648 0.692991 0.000000
vt 0.167630 0.695776 0.000000
vt 0.040965 0.865671 0.000000
vt 0.035629 0.881290 0.000000
vt 0.026993 0.883959 0.000000
vt 0.303103 0.128762 0.000000
vt 0.280319 0.158067 0.000000
vt 0.311235 0.165305 0.000000
vt 0.517487 0.764097 0.000000
vt 0.488529 0.916250 0.000000
vt 0.538502 0.920002 0.000000
vt 0.805272 0.385444 0.000000
vt 0.805272 0.365858 0.000000
vt 0.067693 0.406336 0.000000
vt 0.065959 0.412806 0.000000
vt 0.067693 0.419276 0.000000
vt 0.072429 0.424012 0.000000
vt 0.078899 0.425745 0.000000
vt 0.085368 0.424012 0.000000
vt 0.090104 0.419276 0.000000
vt 0.090104 0.406336 0.000000
vt 0.640375 0.439216 0.000000
vt 0.641723 0.439995 0.000000
vt 0.641650 0.401873 0.000000
vt 0.640299 0.402648 0.000000
vt 0.090632 0.556443 0.000000
vt 0.417103 0.342846 0.000000
vt 0.018556 0.070810 0.000000
vt 0.018549 0.068643 0.000000
vt 0.039974 0.081723 0.000000
vt 0.100656 0.081531 0.000000
vt 0.015406 0.103281 0.000000
vt 0.015406 0.101114 0.000000
vt 0.743340 0.663942 0.000000
vt 0.601701 0.830072 0.000000
vt 0.013022 0.865671 0.000000
vt 0.013022 0.874305 0.000000
vt 0.018358 0.881290 0.000000
vt 0.316862 0.158067 0.000000
vt 0.303103 0.169322 0.000000
vt 0.294078 0.169322 0.000000
vt 0.285946 0.165305 0.000000
vt 0.278311 0.149042 0.000000
vt 0.280319 0.140016 0.000000
vt 0.285946 0.132778 0.000000
# 2448 texture coords

g SF_Fighter_ZR4
usemtl Bomber_ZR5
s 1
f -3419/-2448/-3211 -3347/-2447/-3210 -3346/-2446/-3209 -3470/-2445/-3208 
f -3418/-2444/-3207 -3469/-2443/-3206 -3345/-2442/-3205 
f -3418/-2444/-3207 -3345/-2442/-3205 -3347/-2447/-3210 -3419/-2448/-3211 
f -3471/-2441/-3204 -3348/-2440/-3203 -3295/-2439/-3202 -3294/-2438/-3201 
f -3348/-2440/-3203 -3361/-2437/-3200 -3293/-2436/-3199 -3295/-2439/-3202 
f -3371/-2435/-3198 -3214/-2434/-3197 -3233/-2433/-3196 -3232/-2432/-3195 
f -3371/-2435/-3198 -3453/-2431/-3194 -3231/-2430/-3193 -3214/-2434/-3197 
f -3215/-2429/-3192 -3270/-2428/-3191 -3269/-2427/-3190 -3380/-2426/-3189 
f -3215/-2429/-3192 -3404/-2425/-3188 -3268/-2424/-3187 -3270/-2428/-3191 
f -3453/-2431/-3194 -3423/-2423/-3186 -3230/-2422/-3185 -3229/-2421/-3184 
f -3379/-2420/-3183 -3429/-2419/-3182 -3267/-2418/-3181 -3266/-2417/-3180 
f -3453/-2431/-3194 -3229/-2421/-3184 -3231/-2430/-3193 
f -3404/-2425/-3188 -3379/-2420/-3183 -3266/-2417/-3180 -3268/-2424/-3187 
f -3376/-2416/-3179 -3286/-2415/-3178 -3378/-2414/-3177 -3297/-2413/-3176 
f -3378/-2414/-3177 -3401/-2412/-3175 -3454/-2411/-3174 
f -3286/-2415/-3178 -3285/-2410/-3173 -3401/-2412/-3175 -3378/-2414/-3177 
f -3363/-2409/-3172 -3377/-2408/-3171 -3427/-2407/-3170 -3407/-2406/-3169 
f -3454/-2405/-3174 -3401/-2404/-3175 -3377/-2408/-3171 -3363/-2409/-3172 
f -3317/-2403/-3168 -3253/-2402/-3167 -3284/-2401/-3166 -3402/-2400/-3165 
f -3402/-2400/-3165 -3284/-2401/-3166 -3263/-2399/-3164 -3313/-2398/-3163 
f -3194/-2397/-3162 -3193/-2396/-3162 -3192/-2395/-3162 -3191/-2394/-3162 
f -3471/-2441/-3204 -3294/-2438/-3201 -3287/-2393/-3161 -3376/-2416/-3179 
f -3423/-2423/-3186 -3365/-2392/-3160 -3228/-2391/-3159 -3230/-2422/-3185 
f -3365/-2392/-3160 -3455/-2390/-3158 -3227/-2389/-3157 -3228/-2391/-3159 
f -3429/-2419/-3182 -3375/-2388/-3156 -3261/-2387/-3155 -3267/-2418/-3181 
f -3375/-2388/-3156 -3400/-2386/-3154 -3260/-2385/-3153 -3261/-2387/-3155 
f -3455/-2390/-3158 -3431/-2384/-3152 -3226/-2383/-3151 -3227/-2389/-3157 
f -3400/-2386/-3154 -3432/-2382/-3150 -3259/-2381/-3149 -3260/-2385/-3153 
f -3431/-2384/-3152 -3368/-2380/-3148 -3226/-2383/-3151 
f -3368/-2380/-3148 -3449/-2379/-3147 -3397/-2378/-3146 -3374/-2377/-3145 
f -3432/-2382/-3150 -3374/-2377/-3145 -3258/-2376/-3144 -3259/-2381/-3149 
f -3374/-2377/-3145 -3397/-2378/-3146 -3257/-2375/-3143 -3258/-2376/-3144 
f -3410/-2374/-3142 -3373/-2373/-3141 -3428/-2372/-3140 -3420/-2371/-3169 
f -3410/-2374/-3142 -3256/-2370/-3139 -3255/-2369/-3138 -3373/-2373/-3141 
f -3373/-2373/-3141 -3397/-2378/-3146 -3449/-2379/-3147 -3428/-2372/-3140 
f -3397/-2378/-3146 -3373/-2373/-3141 -3255/-2369/-3138 -3257/-2375/-3143 
f -3372/-2368/-3137 -3419/-2448/-3211 -3470/-2445/-3208 -3424/-2367/-3136 
f -3395/-2366/-3135 -3372/-2368/-3137 -3424/-2367/-3136 -3445/-2365/-3134 
f -3453/-2431/-3194 -3395/-2366/-3135 -3445/-2365/-3134 -3423/-2423/-3186 
f -3394/-2364/-3133 -3371/-2435/-3198 -3232/-2432/-3195 -3452/-2363/-3132 
f -3395/-2366/-3135 -3453/-2431/-3194 -3371/-2435/-3198 -3394/-2364/-3133 
f -3418/-2444/-3207 -3370/-2362/-3131 -3430/-2361/-3130 -3469/-2443/-3206 
f -3419/-2448/-3211 -3372/-2368/-3137 -3370/-2362/-3131 -3418/-2444/-3207 
f -3370/-2362/-3131 -3394/-2364/-3133 -3452/-2363/-3132 -3430/-2361/-3130 
f -3372/-2368/-3137 -3395/-2366/-3135 -3394/-2364/-3133 -3370/-2362/-3131 
f -3369/-2360/-3129 -3417/-2359/-3128 -3355/-2358/-3127 -3421/-2357/-3126 
f -3393/-2356/-3125 -3369/-2360/-3129 -3421/-2357/-3126 -3444/-2355/-3124 
f -3391/-2354/-3123 -3443/-2353/-3122 -3417/-2359/-3128 -3369/-2360/-3129 
f -3461/-2352/-3121 -3391/-2354/-3123 -3369/-2360/-3129 -3393/-2356/-3125 
f -3428/-2372/-3140 -3393/-2356/-3125 -3444/-2355/-3124 -3420/-2371/-3169 
f -3449/-2379/-3147 -3461/-2352/-3121 -3393/-2356/-3125 -3428/-2372/-3140 
f -3392/-2351/-3120 -3368/-2380/-3148 -3431/-2384/-3152 -3446/-2350/-3119 
f -3461/-2352/-3121 -3449/-2379/-3147 -3368/-2380/-3148 -3392/-2351/-3120 
f -3416/-2349/-3118 -3367/-2348/-3117 -3425/-2347/-3116 -3415/-2346/-3115 
f -3443/-2353/-3122 -3391/-2354/-3123 -3367/-2348/-3117 -3416/-2349/-3118 
f -3367/-2348/-3117 -3392/-2351/-3120 -3446/-2350/-3119 -3425/-2347/-3116 
f -3391/-2354/-3123 -3461/-2352/-3121 -3392/-2351/-3120 -3367/-2348/-3117 
f -3366/-2345/-3114 -3297/-2413/-3176 -3341/-2344/-3113 -3353/-2343/-3114 
f -3389/-2342/-3112 -3442/-2341/-3111 -3415/-2346/-3115 -3425/-2347/-3116 
f -3460/-2340/-3110 -3389/-2342/-3112 -3425/-2347/-3116 -3446/-2350/-3119 
f -3455/-2390/-3158 -3460/-2340/-3110 -3446/-2350/-3119 -3431/-2384/-3152 
f -3390/-2339/-3109 -3365/-2392/-3160 -3423/-2423/-3186 -3445/-2365/-3134 
f -3460/-2340/-3110 -3455/-2390/-3158 -3365/-2392/-3160 -3390/-2339/-3109 
f -3424/-2367/-3136 -3470/-2445/-3208 -3251/-2338/-3108 -3364/-2337/-3107 
f -3364/-2337/-3107 -3197/-2336/-3106 -3442/-2341/-3111 -3389/-2342/-3112 
f -3364/-2337/-3107 -3390/-2339/-3109 -3445/-2365/-3134 -3424/-2367/-3136 
f -3389/-2342/-3112 -3460/-2340/-3110 -3390/-2339/-3109 -3364/-2337/-3107 
f -3341/-2344/-3113 -3297/-2413/-3176 -3388/-2335/-3105 -3306/-2334/-3104 
f -3386/-2333/-3103 -3441/-2332/-3102 -3306/-2334/-3104 -3388/-2335/-3105 
f -3388/-2335/-3105 -3459/-2331/-3101 -3386/-2333/-3103 
f -3297/-2413/-3176 -3378/-2414/-3177 -3388/-2335/-3105 
f -3454/-2411/-3174 -3459/-2331/-3101 -3388/-2335/-3105 -3378/-2414/-3177 
f -3387/-2330/-3100 -3363/-2409/-3172 -3407/-2406/-3169 -3433/-2329/-3099 
f -3459/-2328/-3101 -3454/-2405/-3174 -3363/-2409/-3172 -3387/-2330/-3100 
f -3414/-2327/-3098 -3362/-2326/-3097 -3408/-2325/-3096 -3305/-2324/-3095 
f -3441/-2323/-3102 -3386/-2322/-3103 -3362/-2326/-3097 -3414/-2327/-3098 
f -3362/-2326/-3097 -3387/-2330/-3100 -3433/-2329/-3099 -3408/-2325/-3096 
f -3386/-2322/-3103 -3459/-2328/-3101 -3387/-2330/-3100 -3362/-2326/-3097 
f -3232/-2432/-3195 -3440/-2321/-3094 -3413/-2320/-3093 
f -3439/-2319/-3092 -3452/-2363/-3132 -3232/-2432/-3195 -3413/-2320/-3093 
f -3469/-2443/-3206 -3430/-2361/-3130 -3343/-2318/-3091 
f -3452/-2363/-3132 -3439/-2319/-3092 -3343/-2318/-3091 -3430/-2361/-3130 
f -3315/-2317/-3090 -3252/-2316/-3089 -3293/-2436/-3199 -3361/-2437/-3200 
f -3232/-2432/-3195 -3269/-2427/-3190 -3440/-2321/-3094 
f -3440/-2321/-3094 -3269/-2427/-3190 -3254/-2315/-3088 
f -3299/-2314/-3087 -3181/-2313/-3086 -3352/-2312/-3085 -3315/-2317/-3090 
f -3361/-2437/-3200 -3299/-2314/-3087 -3315/-2317/-3090 
f -3384/-2311/-3084 -3185/-2310/-3083 -3411/-2309/-3082 -3426/-2308/-3081 
f -3458/-2307/-3080 -3384/-2311/-3084 -3426/-2308/-3081 -3447/-2306/-3079 
f -3435/-2305/-3078 -3385/-2304/-3077 -3359/-2303/-3076 -3472/-2302/-3075 
f -3385/-2304/-3077 -3458/-2307/-3080 -3447/-2306/-3079 -3359/-2303/-3076 
f -3385/-2304/-3077 -3435/-2305/-3078 -3314/-2301/-3074 -3409/-2300/-3073 
f -3458/-2307/-3080 -3385/-2304/-3077 -3409/-2300/-3073 -3438/-2299/-3072 
f -3185/-2310/-3083 -3384/-2311/-3084 -3358/-2298/-3071 -3186/-2297/-3070 
f -3384/-2311/-3084 -3458/-2307/-3080 -3438/-2299/-3072 -3358/-2298/-3071 
f -3307/-2296/-3069 -3448/-2295/-3068 -3357/-2294/-3067 
f -3382/-2293/-3066 -3318/-2292/-3065 -3307/-2296/-3069 -3357/-2294/-3067 
f -3457/-2291/-3064 -3382/-2293/-3066 -3357/-2294/-3067 -3448/-2295/-3068 
f -3351/-2290/-3063 -3383/-2289/-3062 -3448/-2295/-3068 -3349/-2288/-3061 
f -3448/-2295/-3068 -3383/-2289/-3062 -3457/-2291/-3064 
f -3467/-2287/-3060 -3383/-2289/-3062 -3351/-2290/-3063 -3187/-2286/-3059 
f -3457/-2291/-3064 -3383/-2289/-3062 -3422/-2285/-3058 -3437/-2284/-3057 
f -3318/-2292/-3065 -3382/-2293/-3066 -3356/-2283/-3056 -3466/-2282/-3055 
f -3382/-2293/-3066 -3457/-2291/-3064 -3437/-2284/-3057 -3356/-2283/-3056 
f -3427/-2407/-3170 -3410/-2281/-3142 -3420/-2280/-3169 -3407/-2406/-3169 
f -3427/-2407/-3170 -3275/-2279/-3054 -3256/-2278/-3139 -3410/-2281/-3142 
f -3358/-2277/-3071 -3422/-2276/-3058 -3467/-2275/-3060 -3186/-2274/-3070 
f -3438/-2273/-3072 -3437/-2272/-3057 -3422/-2276/-3058 -3358/-2277/-3071 
f -3356/-2271/-3056 -3409/-2270/-3073 -3314/-2269/-3074 -3466/-2268/-3055 
f -3437/-2272/-3057 -3438/-2273/-3072 -3409/-2270/-3073 -3356/-2271/-3056 
f -3408/-2325/-3096 -3421/-2267/-3126 -3355/-2266/-3127 -3305/-2324/-3095 
f -3433/-2329/-3099 -3444/-2265/-3124 -3421/-2267/-3126 -3408/-2325/-3096 
f -3444/-2265/-3124 -3433/-2329/-3099 -3407/-2406/-3169 -3420/-2280/-3169 
s 8
f -3417/-2264/-3053 -3443/-2263/-3052 -3355/-2262/-3051 
f -3443/-2263/-3052 -3416/-2261/-3050 -3355/-2262/-3051 
f -3415/-2260/-3049 -3442/-2259/-3048 -3354/-2258/-3047 
s off
f -3191/-2394/-3046 -3190/-2257/-3046 -3189/-2256/-3046 -3194/-2397/-3046 
s 8
f -3416/-2261/-3050 -3415/-2260/-3049 -3341/-2255/-3045 -3306/-2254/-3044 
f -3355/-2262/-3051 -3416/-2261/-3050 -3306/-2254/-3044 -3305/-2253/-3043 
f -3415/-2260/-3049 -3354/-2258/-3047 -3341/-2255/-3045 
s off
f -3189/-2256/-3042 -3190/-2257/-3042 -3199/-2252/-3042 -3198/-2251/-3042 
s 1
f -3411/-2309/-3082 -3188/-2250/-3041 -3343/-2318/-3091 -3426/-2308/-3081 
f -3447/-2306/-3079 -3426/-2308/-3081 -3343/-2318/-3091 -3439/-2319/-3092 
f -3359/-2303/-3076 -3447/-2306/-3079 -3439/-2319/-3092 -3413/-2320/-3093 
f -3472/-2302/-3075 -3359/-2303/-3076 -3413/-2320/-3093 -3440/-2321/-3094 
s 2
f -3448/-2295/-3040 -3307/-2296/-3039 -3315/-2317/-3040 
f -3448/-2295/-3040 -3315/-2317/-3040 -3352/-2312/-3038 -3349/-2288/-3038 
s off
f -3184/-2249/-3037 -3468/-2248/-3037 -3181/-2247/-3037 -3350/-2246/-3037 
f -3183/-2245/-3036 -3436/-2244/-3036 -3351/-2243/-3036 -3349/-2242/-3036 
f -3436/-2244/-3035 -3465/-2241/-3035 -3187/-2240/-3035 -3351/-2243/-3035 
f -3182/-2239/-3034 -3183/-2245/-3034 -3349/-2242/-3034 -3352/-2238/-3034 
s 16
f -1573/-2237/-3033 -3304/-2236/-3033 -3302/-2235/-3032 -3301/-2234/-3032 
s 1
f -3304/-2236/-3031 -1571/-2233/-3030 -3303/-2232/-3030 -3302/-2235/-3031 
f -3337/-2231/-3029 -3339/-2230/-3028 -3345/-2442/-3205 -3469/-2443/-3206 
s 33554432
f -3328/-2229/-3027 -3327/-2228/-3026 -3323/-2227/-3025 -3322/-2226/-3027 
s 256
f -1562/-2225/-3024 -3250/-2224/-3024 -3249/-2223/-3023 -3312/-2222/-3023 
s 1
f -1560/-2221/-3022 -3350/-2220/-3022 -3181/-2313/-3086 -3299/-2314/-3087 
f -3360/-2219/-3021 -3337/-2231/-3029 -3469/-2443/-3206 -3343/-2318/-3091 
f -3180/-2218/-3020 -3412/-2217/-3019 -3360/-2219/-3021 -3343/-2318/-3091 
s off
f -3335/-2216/-3018 -3334/-2215/-3018 -3325/-2214/-3018 -3324/-2213/-3018 
s 32768
f -3334/-2215/-3017 -1556/-2212/-3017 -3326/-2211/-3016 -3325/-2214/-3016 
s off
f -3353/-2210/-3015 -3341/-2209/-3015 -3200/-2208/-3015 -3340/-2207/-3015 
s 1
f -3337/-2231/-3029 -3381/-2206/-3014 -3339/-2230/-3028 
f -3381/-2206/-3014 -3406/-2205/-3013 -3338/-2204/-3012 -3339/-2230/-3028 
s 2048
f -3340/-2203/-3011 -3200/-2202/-3010 -3326/-2201/-3010 -1556/-2200/-3009 
s 65536
f -3200/-2199/-3008 -3342/-2198/-3007 -3332/-2197/-3007 -3333/-2196/-3008 
f -3342/-2198/-3007 -3344/-2195/-3006 -3319/-2194/-3005 -3332/-2197/-3007 
f -3344/-2195/-3006 -3247/-2193/-3004 -3243/-2192/-3004 -3320/-2191/-3003 
s 256
f -3251/-2190/-3002 -3470/-2189/-3002 -3308/-2188/-3001 -3309/-2187/-3001 
s 65536
f -3346/-2186/-3000 -3347/-2185/-2999 -3330/-2184/-2999 -3331/-2183/-3000 
f -3347/-2185/-2999 -3345/-2182/-2998 -3329/-2181/-2998 -3330/-2184/-2999 
s off
f -3328/-2229/-2997 -3322/-2226/-2997 -3329/-2181/-2997 -3345/-2180/-2997 
s 2048
f -3339/-2179/-2996 -3338/-2178/-2996 -3327/-2228/-2996 -3328/-2229/-2996 
s off
f -3338/-2177/-2995 -3406/-2176/-2995 -1539/-2175/-2995 -3327/-2174/-2995 
s 32768
f -3326/-2211/-3016 -3333/-2173/-2994 -3332/-2172/-2994 -3325/-2214/-3016 
s off
f -3325/-2214/-2993 -3332/-2172/-2993 -3319/-2171/-2993 -3324/-2213/-2993 
s 2048
f -3320/-2191/-2992 -3243/-2192/-2991 -3244/-2170/-2990 -3245/-2169/-2989 
s 256
f -3249/-2223/-3023 -3309/-2187/-3001 -3308/-2188/-3001 -3312/-2222/-3023 
s 134217728
f -3179/-2168/-2988 -3331/-2183/-2988 -3330/-2184/-2987 -3323/-2227/-2987 
f -3323/-2227/-2987 -3330/-2184/-2987 -3329/-2181/-2986 -3322/-2226/-2986 
s 65536
f -3344/-2195/-3006 -3320/-2191/-3003 -3319/-2194/-3005 
s 2048
f -3321/-2167/-2985 -3335/-2166/-2984 -3324/-2165/-2983 -3242/-2164/-2982 
f -3242/-2164/-2982 -3324/-2165/-2983 -3319/-2163/-2981 -3320/-2191/-2992 
s 256
f -3403/-2162/-2980 -3450/-2161/-2979 -3209/-2160/-2978 -3208/-2159/-2977 
f -3464/-2158/-2976 -3403/-2162/-2980 -3208/-2159/-2977 -3211/-2157/-2975 
f -3451/-2156/-2974 -3405/-2155/-2973 -3211/-2157/-2975 
f -3405/-2155/-2973 -3464/-2158/-2976 -3211/-2157/-2975 
f -3399/-2154/-2972 -3463/-2153/-2971 -3210/-2152/-2970 -3207/-2151/-2969 
f -3463/-2153/-2971 -3456/-2150/-2968 -3210/-2152/-2970 
f -3396/-2149/-2967 -3434/-2148/-2967 -3317/-2147/-2967 
f -3462/-2146/-2966 -3396/-2149/-2967 -3317/-2147/-2967 -3313/-2145/-2965 
f -3456/-2150/-2968 -3398/-2144/-2964 -3316/-2143/-2964 -3210/-2152/-2970 
f -3398/-2144/-2964 -3462/-2146/-2966 -3313/-2145/-2965 -3316/-2143/-2964 
s 8192
f -3254/-2142/-2963 -3252/-2141/-2963 -3315/-2140/-2962 -3440/-2139/-2962 
s 32
f -3435/-2138/-2961 -3472/-2137/-2960 -3307/-2136/-2960 -3318/-2135/-2959 
f -3435/-2138/-2961 -3318/-2135/-2959 -3314/-2269/-2958 
f -3472/-2137/-2960 -3440/-2134/-2957 -3315/-2133/-2957 -3307/-2136/-2960 
f -3318/-2135/-2959 -3466/-2268/-2956 -3314/-2269/-2958 
s 256
f -3317/-2147/-2967 -3402/-2132/-2967 -3313/-2145/-2965 
s 32768
f -3179/-2131/-2955 -1516/-2130/-2954 -1562/-2225/-2954 -3312/-2222/-2955 
s 524288
f -3336/-2129/-2953 -3244/-2128/-2952 -3310/-2127/-2952 -3311/-2126/-2953 
f -3244/-2128/-2952 -3243/-2125/-2951 -3248/-2124/-2951 -3310/-2127/-2952 
f -3243/-2123/-2951 -3247/-2122/-2950 -3197/-2121/-2950 -3248/-2124/-2951 
s 32768
f -3346/-2120/-2949 -3331/-2119/-2948 -3308/-2188/-2948 -3470/-2189/-2949 
f -3331/-2118/-2948 -3179/-2131/-2955 -3312/-2222/-2955 -3308/-2188/-2948 
s 8
f -3441/-2117/-2947 -3414/-2116/-2947 -3305/-2253/-3043 -3306/-2254/-3044 
s off
f -1560/-2115/-2946 -3299/-2114/-2946 -3298/-2113/-2946 -1571/-2233/-2946 
f -3361/-2112/-2945 -3348/-2111/-2945 -3302/-2235/-2945 -3303/-2232/-2945 
f -3348/-2110/-2944 -3471/-2109/-2944 -3301/-2234/-2944 -3302/-2235/-2944 
f -3471/-2109/-2943 -3376/-2108/-2943 -3296/-2107/-2943 -3301/-2234/-2943 
f -3366/-2106/-2942 -1749/-2105/-2942 -3300/-2104/-2942 -3297/-2103/-2942 
f -3299/-2102/-2941 -3361/-2101/-2941 -3303/-2232/-2941 -3298/-2113/-2941 
f -3376/-2100/-2940 -3297/-2099/-2940 -3300/-2104/-2940 -3296/-2107/-2940 
s 1
f -3273/-2098/-2939 -3208/-2097/-2938 -3272/-2096/-2937 
f -3211/-2095/-2936 -3208/-2097/-2938 -3273/-2098/-2939 -3271/-2094/-2935 
f -3292/-2093/-2934 -3405/-2092/-2933 -3451/-2091/-2932 -3291/-2090/-2931 
f -3464/-2089/-2930 -3405/-2092/-2933 -3292/-2093/-2934 -3290/-2088/-2929 
f -3450/-2087/-2928 -3403/-2086/-2927 -3288/-2085/-2926 -3289/-2084/-2925 
f -3403/-2086/-2927 -3464/-2089/-2930 -3290/-2088/-2929 -3288/-2085/-2926 
f -3265/-2083/-2924 -3210/-2082/-2923 -3316/-2081/-2922 -3264/-2080/-2921 
f -3316/-2081/-2922 -3313/-2079/-3163 -3263/-2078/-3164 -3264/-2080/-2921 
f -3427/-2407/-3170 -3377/-2408/-3171 -3262/-2077/-2920 -3275/-2279/-3054 
f -3262/-2077/-2920 -3377/-2408/-3171 -3401/-2404/-3175 -3285/-2076/-3173 
f -3272/-2096/-2937 -3208/-2097/-2938 -3210/-2082/-2923 -3265/-2083/-2924 
f -3463/-2075/-2919 -3399/-2074/-2918 -3283/-2073/-2917 -3282/-2072/-2916 
f -3456/-2071/-2915 -3463/-2075/-2919 -3282/-2072/-2916 -3281/-2070/-2914 
f -3398/-2069/-2913 -3456/-2071/-2915 -3281/-2070/-2914 -3280/-2068/-2912 
f -3462/-2067/-2911 -3398/-2069/-2913 -3280/-2068/-2912 -3279/-2066/-2910 
f -3434/-2065/-2909 -3396/-2064/-2908 -3277/-2063/-2907 -3278/-2062/-2906 
f -3396/-2064/-2908 -3462/-2067/-2911 -3279/-2066/-2910 -3277/-2063/-2907 
f -3274/-2061/-2905 -3211/-2095/-2936 -3271/-2094/-2935 
f -3291/-2090/-2931 -3451/-2091/-2932 -3276/-2060/-2904 
f -3317/-2403/-3168 -3434/-2059/-2909 -3278/-2058/-2906 -3253/-2402/-3167 
s 8192
f -3451/-2156/-2903 -3211/-2157/-2903 -3274/-2057/-2902 -3276/-2056/-2902 
s 1
f -3295/-2439/-3202 -3273/-2098/-2939 -3272/-2096/-2937 -3294/-2438/-3201 
f -3293/-2436/-3199 -3271/-2094/-2935 -3273/-2098/-2939 -3295/-2439/-3202 
f -3270/-2428/-3191 -3292/-2093/-2934 -3291/-2090/-2931 -3269/-2427/-3190 
f -3268/-2424/-3187 -3290/-2088/-2929 -3292/-2093/-2934 -3270/-2428/-3191 
f -3267/-2418/-3181 -3289/-2084/-2925 -3288/-2085/-2926 -3266/-2417/-3180 
f -3266/-2417/-3180 -3288/-2085/-2926 -3290/-2088/-2929 -3268/-2424/-3187 
f -3287/-2393/-3161 -3265/-2083/-2924 -3264/-2080/-2921 -3286/-2415/-3178 
f -3286/-2415/-3178 -3264/-2080/-2921 -3263/-2078/-3164 -3285/-2410/-3173 
f -3253/-2402/-3167 -3275/-2279/-3054 -3262/-2077/-2920 -3284/-2401/-3166 
f -3284/-2401/-3166 -3262/-2077/-2920 -3285/-2076/-3173 -3263/-2399/-3164 
f -3294/-2438/-3201 -3272/-2096/-2937 -3265/-2083/-2924 -3287/-2393/-3161 
f -3261/-2387/-3155 -3283/-2073/-2917 -3289/-2084/-2925 -3267/-2418/-3181 
f -3260/-2385/-3153 -3282/-2072/-2916 -3283/-2073/-2917 -3261/-2387/-3155 
f -3259/-2381/-3149 -3281/-2070/-2914 -3282/-2072/-2916 -3260/-2385/-3153 
f -3258/-2376/-3144 -3280/-2068/-2912 -3281/-2070/-2914 -3259/-2381/-3149 
f -3257/-2375/-3143 -3279/-2066/-2910 -3280/-2068/-2912 -3258/-2376/-3144 
f -3256/-2370/-3139 -3278/-2062/-2906 -3277/-2063/-2907 -3255/-2369/-3138 
f -3255/-2369/-3138 -3277/-2063/-2907 -3279/-2066/-2910 -3257/-2375/-3143 
f -3252/-2316/-3089 -3274/-2061/-2905 -3271/-2094/-2935 -3293/-2436/-3199 
f -3269/-2427/-3190 -3291/-2090/-2931 -3276/-2060/-2904 -3254/-2315/-3088 
f -3275/-2279/-3054 -3253/-2402/-3167 -3278/-2058/-2906 -3256/-2278/-3139 
s 8192
f -3254/-2142/-2963 -3276/-2056/-2902 -3274/-2057/-2902 -3252/-2141/-2963 
s 134217728
f -3250/-2224/-2901 -3311/-2126/-2901 -3310/-2127/-2900 -3249/-2223/-2900 
f -3249/-2223/-2900 -3310/-2127/-2900 -3248/-2124/-2899 -3309/-2187/-2899 
f -3309/-2187/-2899 -3248/-2124/-2899 -3197/-2121/-2898 -3251/-2055/-2898 
s 2048
f -3246/-2054/-2897 -3321/-2167/-2985 -3242/-2164/-2982 -3241/-2053/-2896 
f -3244/-2170/-2990 -3237/-2052/-2895 -3238/-2051/-2894 
f -3245/-2169/-2989 -3242/-2164/-2982 -3320/-2191/-2992 
f -3245/-2169/-2989 -3244/-2170/-2990 -3238/-2051/-2894 -3235/-2050/-2893 
f -3245/-2169/-2989 -3235/-2050/-2893 -3241/-2053/-2896 -3242/-2164/-2982 
f -3336/-2049/-2892 -1487/-2048/-2892 -3237/-2052/-2895 -3244/-2170/-2990 
s 67108864
f -3235/-2047/-2891 -3238/-2046/-2891 -3236/-2045/-2891 -3240/-2044/-2891 
f -1487/-2048/-2890 -1747/-2043/-2890 -3239/-2042/-2889 -3237/-2052/-2889 
s 1073741824
f -3238/-2046/-2888 -3237/-2041/-2888 -3239/-2040/-2888 -3236/-2045/-2888 
f -3241/-2039/-2887 -3235/-2047/-2887 -3240/-2044/-2887 -3234/-2038/-2887 
s 1
f -3233/-2433/-3196 -3380/-2426/-3189 -3269/-2427/-3190 -3232/-2432/-3195 
f -3225/-2037/-2886 -3224/-2036/-2885 -3223/-2035/-2884 -3222/-2034/-2883 
f -3217/-2033/-2882 -3216/-2032/-2881 -3221/-2031/-2881 -3220/-2030/-2882 
f -3216/-2032/-2881 -3225/-2037/-2886 -3222/-2034/-2883 -3221/-2031/-2881 
f -3218/-2029/-2880 -3217/-2033/-2882 -3220/-2030/-2882 -3219/-2028/-2880 
f -3400/-2386/-3154 -3218/-2029/-2880 -3219/-2028/-2880 -3227/-2389/-3157 
f -3432/-2382/-3150 -3400/-2386/-3154 -3227/-2389/-3157 -3226/-2383/-3151 
f -3374/-2377/-3145 -3432/-2382/-3150 -3226/-2383/-3151 -3368/-2380/-3148 
s 1024
f -3404/-2027/-2879 -3215/-2026/-2878 -3213/-2025/-2878 -3225/-2024/-2879 
f -3380/-2023/-2877 -3233/-2022/-2876 -3212/-2021/-2876 -3224/-2020/-2877 
f -3214/-2019/-2875 -3231/-2018/-2874 -3222/-2017/-2874 -3223/-2016/-2875 
f -3231/-2018/-2874 -3229/-2015/-2873 -3221/-2014/-2873 -3222/-2017/-2874 
f -3229/-2015/-2873 -3230/-2013/-2872 -3220/-2012/-2872 -3221/-2014/-2873 
f -3230/-2013/-2872 -3228/-2011/-2871 -3219/-2010/-2871 -3220/-2012/-2872 
f -3228/-2011/-2871 -3227/-2009/-2870 -3219/-2010/-2871 
f -3400/-2008/-2869 -3375/-2007/-2868 -3218/-2006/-2868 
f -3375/-2007/-2868 -3429/-2005/-2867 -3217/-2004/-2867 -3218/-2006/-2868 
f -3429/-2005/-2867 -3379/-2003/-2866 -3216/-2002/-2866 -3217/-2004/-2867 
f -3379/-2003/-2866 -3404/-2027/-2879 -3225/-2024/-2879 -3216/-2002/-2866 
f -3215/-2026/-2878 -3380/-2023/-2877 -3224/-2020/-2877 -3213/-2025/-2878 
f -3233/-2022/-2876 -3214/-2019/-2875 -3223/-2016/-2875 -3212/-2021/-2876 
s 256
f -3207/-2151/-2969 -3210/-2152/-2970 -3208/-2159/-2977 -3209/-2160/-2978 
s off
f -3209/-2001/-2865 -3450/-2000/-2865 -3206/-1999/-2865 
f -3450/-2000/-2864 -3289/-1998/-2864 -3206/-1999/-2864 
f -3289/-1998/-2863 -3283/-1997/-2863 -3205/-1996/-2863 -3206/-1999/-2863 
f -3283/-1997/-2862 -3399/-1995/-2862 -3205/-1996/-2862 
f -3399/-1995/-2861 -3207/-1994/-2861 -3205/-1996/-2861 
f -3207/-2151/-2860 -3209/-2160/-2860 -3206/-1993/-2860 -3205/-1992/-2860 
s 1
f -3442/-2341/-3111 -3197/-2336/-3106 -3196/-1991/-2859 -3204/-1990/-2858 
s off
f -3344/-1989/-2857 -3342/-1988/-2857 -3202/-1987/-2857 -3203/-1986/-2857 
s 33554432
f -3342/-1988/-2856 -3200/-2208/-2855 -3199/-2252/-2855 -3202/-1987/-2856 
s off
f -3354/-1985/-2854 -3442/-1984/-2854 -3204/-1983/-2854 -3201/-1982/-2854 
s 33554432
f -3200/-2208/-2855 -3341/-2209/-2853 -3198/-2251/-2853 -3199/-2252/-2855 
f -3354/-1985/-2852 -3201/-1982/-2852 -3198/-2251/-2853 -3341/-2209/-2853 
s 1
f -3196/-1991/-2859 -3197/-2336/-3106 -3247/-1981/-2851 -3195/-1980/-2851 
f -3344/-1979/-2850 -3203/-1978/-2850 -3195/-1980/-2851 -3247/-1981/-2851 
s off
f -3204/-1977/-2849 -3196/-1976/-2849 -3193/-1975/-2849 -3194/-1974/-2849 
f -3196/-1976/-2848 -3195/-1973/-2848 -3192/-1972/-2848 -3193/-1975/-2848 
f -3195/-1973/-2847 -3203/-1971/-2847 -3191/-1970/-2847 -3192/-1972/-2847 
f -3203/-1971/-2846 -3202/-1969/-2846 -3190/-1968/-2846 -3191/-1970/-2846 
f -3202/-1969/-2845 -3199/-1967/-2845 -3190/-1968/-2845 
f -3198/-1966/-2844 -3201/-1965/-2844 -3189/-1964/-2844 
f -3201/-1965/-2843 -3204/-1977/-2843 -3194/-1974/-2843 -3189/-1964/-2843 
s 8388608
f -3185/-2310/-2842 -3436/-1963/-2842 -3183/-1962/-2841 -3411/-2309/-2841 
f -3186/-2297/-2840 -3465/-1961/-2840 -3436/-1963/-2842 -3185/-2310/-2842 
f -3411/-2309/-2841 -3183/-1962/-2841 -3182/-1960/-2839 -3188/-2250/-2839 
f -3465/-2241/-2840 -3186/-1959/-2840 -3467/-1958/-2838 -3187/-2240/-2838 
f -3180/-2218/-2837 -3468/-1957/-2837 -3184/-1956/-2836 -3412/-2217/-2836 
s 1
f -3188/-2250/-3041 -3180/-2218/-3020 -3343/-2318/-3091 
s off
f -3468/-2248/-2835 -3182/-2239/-2835 -3352/-2238/-2835 -3181/-2247/-2835 
s 8388608
f -3180/-2218/-2837 -3188/-2250/-2839 -3182/-1960/-2839 -3468/-1957/-2837 
s 33554432
f -3323/-2227/-3025 -3327/-2228/-3026 -3179/-2168/-2834 
f -3327/-2228/-3026 -1539/-1955/-2833 -1516/-1954/-2833 -3179/-2168/-2834 
s 8388608
f -3178/-1953/-2832 -3169/-1952/-2831 -3168/-1951/-2831 -3155/-1950/-2832 
s 67108864
f -3177/-1949/-2830 -3160/-1948/-2830 -3171/-1947/-2830 -3157/-1946/-2830 
s 2097152
f -3163/-1945/-2829 -3167/-1944/-2829 -3159/-1943/-2828 -3175/-1942/-2828 
s 4
f -3153/-1941/-2827 -3176/-1940/-2827 -3156/-1939/-2827 -3174/-1938/-2827 
s 8388608
f -3169/-1952/-2831 -3158/-1937/-2826 -3173/-1936/-2826 -3168/-1951/-2831 
s 2097152
f -3154/-1935/-2825 -3172/-1934/-2825 -3161/-1933/-2824 -3170/-1932/-2824 
f -3166/-1931/-2823 -3162/-1930/-2822 -3165/-1929/-2822 -3164/-1928/-2823 
f -3163/-1945/-2829 -3166/-1931/-2823 -3164/-1928/-2823 -3167/-1944/-2829 
f -3162/-1930/-2822 -3170/-1932/-2824 -3161/-1933/-2824 -3165/-1929/-2822 
s 4096
f -3160/-1927/-2821 -3175/-1942/-2821 -3159/-1943/-2821 -3171/-1926/-2821 
f -3158/-1937/-2820 -3177/-1949/-2820 -3157/-1946/-2820 -3173/-1936/-2820 
s 256
f -3155/-1950/-2819 -3174/-1938/-2819 -3156/-1939/-2819 -3178/-1953/-2819 
f -3154/-1935/-2818 -3176/-1925/-2818 -3153/-1924/-2818 -3172/-1934/-2818 
s 1
f -3028/-1923/-2817 -3092/-1922/-2816 -3150/-1921/-2815 -3104/-1920/-2814 
f -3064/-1919/-2813 -3028/-1923/-2817 -3104/-1920/-2814 -3129/-1918/-2812 
f -3062/-1917/-2811 -3124/-1916/-2810 -3092/-1922/-2816 -3028/-1923/-2817 
f -3140/-1915/-2809 -3062/-1917/-2811 -3028/-1923/-2817 -3064/-1919/-2813 
f -2840/-1914/-2808 -2839/-1913/-2807 -3064/-1919/-2813 -3129/-1918/-2812 
f -2839/-1913/-2807 -2838/-1912/-2806 -3140/-1915/-2809 -3064/-1919/-2813 
f -2814/-1911/-2805 -2813/-1910/-2804 -2827/-1909/-2804 -2826/-1908/-2805 
f -3093/-1907/-2803 -3026/-1906/-2802 -3090/-1905/-2801 -3147/-1904/-2800 
f -3124/-1903/-2810 -3062/-1902/-2811 -3026/-1906/-2802 -3093/-1907/-2803 
f -3026/-1906/-2802 -3063/-1901/-2799 -3123/-1900/-2798 -3090/-1905/-2801 
f -3062/-1899/-2811 -3140/-1898/-2809 -3063/-1901/-2799 -3026/-1906/-2802 
s 512
f -2820/-1897/-2797 -2819/-1896/-2797 -2821/-1895/-2797 -2828/-1894/-2797 
s 1
f -2975/-1893/-2796 -2973/-1892/-2795 -3104/-1920/-2814 -3150/-1921/-2815 
f -2973/-1892/-2795 -2974/-1891/-2794 -3129/-1918/-2812 -3104/-1920/-2814 
f -3146/-1890/-2793 -3083/-1889/-2792 -3061/-1888/-2791 
f -3083/-1889/-2792 -3120/-1887/-2790 -3061/-1888/-2791 
f -3025/-1886/-2789 -3082/-1885/-2788 -3141/-1884/-2787 -3089/-1883/-2786 
f -2919/-1882/-2785 -2918/-1881/-2784 -3025/-1886/-2789 -3089/-1883/-2786 
f -3061/-1888/-2791 -3120/-1887/-2790 -3082/-1885/-2788 -3025/-1886/-2789 
f -3025/-1886/-2789 -2918/-1881/-2784 -2920/-1880/-2783 -3061/-1888/-2791 
f -3024/-1879/-2782 -3096/-1878/-2781 -3149/-1877/-2780 -3101/-1876/-2779 
f -3060/-1875/-2778 -3024/-1879/-2782 -3101/-1876/-2779 -3128/-1874/-2777 
f -3128/-1874/-2777 -2836/-1873/-2776 -2835/-1872/-2775 -3060/-1875/-2778 
f -3094/-1871/-2774 -3023/-1870/-2773 -3108/-1869/-2772 -3152/-1868/-2771 
f -3125/-1867/-2770 -3059/-1866/-2769 -3023/-1870/-2773 -3094/-1871/-2774 
f -2963/-1865/-2768 -2937/-1864/-2767 -2936/-1863/-2766 -2958/-1862/-2765 
f -2958/-1862/-2765 -2936/-1863/-2766 -2935/-1861/-2764 -2964/-1860/-2763 
f -3022/-1859/-2762 -3095/-1858/-2761 -3148/-1857/-2760 -3088/-1856/-2759 
f -2940/-1855/-2758 -2952/-1854/-2757 -3022/-1859/-2762 -3088/-1856/-2759 
f -3059/-1853/-2769 -3125/-1852/-2770 -3095/-1858/-2761 -3022/-1859/-2762 
f -3022/-1859/-2762 -2952/-1854/-2757 -2953/-1851/-2756 -3059/-1853/-2769 
f -3021/-1850/-2755 -3098/-1849/-2754 -3149/-1877/-2780 -3100/-1848/-2753 
f -3057/-1847/-2752 -3021/-1850/-2755 -3100/-1848/-2753 -3127/-1846/-2751 
f -3054/-1845/-2750 -3126/-1844/-2749 -3098/-1849/-2754 -3021/-1850/-2755 
f -3138/-1843/-2748 -3054/-1845/-2750 -3021/-1850/-2755 -3057/-1847/-2752 
f -3110/-1842/-2747 -3020/-1841/-2746 -3099/-1840/-2745 -3151/-1839/-2744 
f -3130/-1838/-2743 -3056/-1837/-2742 -3020/-1841/-2746 -3110/-1842/-2747 
f -3020/-1841/-2746 -3057/-1847/-2752 -3127/-1846/-2751 -3099/-1840/-2745 
f -3056/-1837/-2742 -3138/-1843/-2748 -3057/-1847/-2752 -3020/-1841/-2746 
f -3019/-1836/-2741 -3109/-1835/-2740 -3143/-1834/-2739 -3087/-1833/-2738 
f -3055/-1832/-2737 -3019/-1836/-2741 -3087/-1833/-2738 -3122/-1831/-2736 
f -3056/-1837/-2742 -3130/-1838/-2743 -3109/-1835/-2740 -3019/-1836/-2741 
f -3138/-1843/-2748 -3056/-1837/-2742 -3019/-1836/-2741 -3055/-1832/-2737 
f -3097/-1830/-2735 -3018/-1829/-2734 -3086/-1828/-2733 -3142/-1827/-2732 
f -3126/-1844/-2749 -3054/-1845/-2750 -3018/-1829/-2734 -3097/-1830/-2735 
f -3018/-1829/-2734 -3055/-1832/-2737 -3122/-1831/-2736 -3086/-1828/-2733 
f -3054/-1845/-2750 -3138/-1843/-2748 -3055/-1832/-2737 -3018/-1829/-2734 
f -3017/-1826/-2731 -2975/-1893/-2796 -3150/-1921/-2815 -3111/-1825/-2730 
f -3053/-1824/-2729 -3017/-1826/-2731 -3111/-1825/-2730 -3131/-1823/-2728 
f -3017/-1826/-2731 -2951/-1822/-2727 -2939/-1821/-2726 -2975/-1893/-2796 
f -3053/-1824/-2729 -2950/-1820/-2725 -2951/-1822/-2727 -3017/-1826/-2731 
f -3108/-1869/-2772 -3016/-1819/-2724 -3112/-1818/-2723 -3152/-1868/-2771 
f -3108/-1869/-2772 -2955/-1817/-2722 -2949/-1816/-2721 -3016/-1819/-2724 
f -3016/-1819/-2724 -3053/-1824/-2729 -3131/-1823/-2728 -3112/-1818/-2723 
f -3016/-1819/-2724 -2949/-1816/-2721 -2950/-1820/-2725 -3053/-1824/-2729 
f -3015/-1815/-2720 -3105/-1814/-2719 -3151/-1839/-2744 -3099/-1840/-2745 
f -3051/-1813/-2718 -3015/-1815/-2720 -3099/-1840/-2745 -3127/-1846/-2751 
f -3105/-1814/-2719 -3015/-1815/-2720 -2948/-1812/-2717 -2947/-1811/-2716 
f -3015/-1815/-2720 -3051/-1813/-2718 -2946/-1810/-2715 -2948/-1812/-2717 
f -3096/-1878/-2781 -3014/-1809/-2714 -3100/-1848/-2753 -3149/-1877/-2780 
f -3014/-1809/-2714 -3096/-1878/-2781 -2956/-1808/-2713 -2945/-1807/-2712 
f -3014/-1809/-2714 -3051/-1813/-2718 -3127/-1846/-2751 -3100/-1848/-2753 
f -3051/-1813/-2718 -3014/-1809/-2714 -2945/-1807/-2712 -2946/-1810/-2715 
f -2824/-1806/-2711 -2816/-1805/-2711 -2815/-1804/-2710 -2825/-1803/-2710 
f -2823/-1802/-2709 -2817/-1801/-2709 -2816/-1805/-2711 -2824/-1806/-2711 
f -3012/-1800/-2708 -3101/-1876/-2779 -3149/-1877/-2780 -3098/-1849/-2754 
f -3049/-1799/-2707 -3012/-1800/-2708 -3098/-1849/-2754 -3126/-1844/-2749 
f -3050/-1798/-2706 -3128/-1874/-2777 -3101/-1876/-2779 -3012/-1800/-2708 
f -3137/-1797/-2705 -3050/-1798/-2706 -3012/-1800/-2708 -3049/-1799/-2707 
f -3071/-1796/-2704 -3011/-1795/-2703 -3097/-1830/-2735 -3142/-1827/-2732 
f -3115/-1794/-2702 -3048/-1793/-2701 -3011/-1795/-2703 -3071/-1796/-2704 
f -3011/-1795/-2703 -3049/-1799/-2707 -3126/-1844/-2749 -3097/-1830/-2735 
f -3048/-1793/-2701 -3137/-1797/-2705 -3049/-1799/-2707 -3011/-1795/-2703 
f -3145/-1792/-2700 -3081/-1791/-2699 -3079/-1790/-2698 
f -3081/-1791/-2699 -3119/-1789/-2697 -3079/-1790/-2698 
f -3080/-1788/-2696 -3144/-1787/-2695 -3079/-1790/-2698 
f -3119/-1789/-2697 -3080/-1788/-2696 -3079/-1790/-2698 
f -3010/-1786/-2694 -3070/-1785/-2693 -3143/-1834/-2739 -3109/-1835/-2740 
f -3047/-1784/-2692 -3010/-1786/-2694 -3109/-1835/-2740 -3130/-1838/-2743 
f -3070/-1785/-2693 -3010/-1786/-2694 -2944/-1783/-2691 -2943/-1782/-2690 
f -3010/-1786/-2694 -3047/-1784/-2692 -2942/-1781/-2689 -2944/-1783/-2691 
f -3105/-1814/-2719 -3009/-1780/-2688 -3110/-1842/-2747 -3151/-1839/-2744 
f -3009/-1780/-2688 -3105/-1814/-2719 -2947/-1811/-2716 -2941/-1779/-2687 
f -3009/-1780/-2688 -3047/-1784/-2692 -3130/-1838/-2743 -3110/-1842/-2747 
f -3047/-1784/-2692 -3009/-1780/-2688 -2941/-1779/-2687 -2942/-1781/-2689 
f -3008/-1778/-2686 -3069/-1777/-2685 -3148/-1857/-2760 -3095/-1858/-2761 
f -3045/-1776/-2684 -3008/-1778/-2686 -3095/-1858/-2761 -3125/-1852/-2770 
f -3042/-1775/-2683 -3114/-1774/-2682 -3069/-1777/-2685 -3008/-1778/-2686 
f -3136/-1773/-2681 -3042/-1775/-2683 -3008/-1778/-2686 -3045/-1776/-2684 
f -3112/-1818/-2723 -3007/-1772/-2680 -3094/-1871/-2774 -3152/-1868/-2771 
f -3131/-1823/-2728 -3044/-1771/-2679 -3007/-1772/-2680 -3112/-1818/-2723 
f -3007/-1772/-2680 -3045/-1770/-2684 -3125/-1867/-2770 -3094/-1871/-2774 
f -3044/-1771/-2679 -3136/-1769/-2681 -3045/-1770/-2684 -3007/-1772/-2680 
f -3006/-1768/-2678 -3111/-1825/-2730 -3150/-1921/-2815 -3092/-1922/-2816 
f -3043/-1767/-2677 -3006/-1768/-2678 -3092/-1922/-2816 -3124/-1916/-2810 
f -3044/-1771/-2679 -3131/-1823/-2728 -3111/-1825/-2730 -3006/-1768/-2678 
f -3136/-1769/-2681 -3044/-1771/-2679 -3006/-1768/-2678 -3043/-1767/-2677 
f -3068/-1766/-2676 -3005/-1765/-2675 -3093/-1907/-2803 -3147/-1904/-2800 
f -3114/-1774/-2682 -3042/-1775/-2683 -3005/-1765/-2675 -3068/-1766/-2676 
f -3005/-1765/-2675 -3043/-1764/-2677 -3124/-1903/-2810 -3093/-1907/-2803 
f -3042/-1775/-2683 -3136/-1773/-2681 -3043/-1763/-2677 -3005/-1765/-2675 
f -2890/-1762/-2674 -2870/-1761/-2673 -2869/-1760/-2672 -2886/-1759/-2671 
f -2886/-1759/-2671 -2869/-1760/-2672 -2868/-1758/-2670 -2892/-1757/-2669 
f -2872/-1756/-2668 -2867/-1755/-2667 -3004/-1754/-2666 -3067/-1753/-2665 
f -3004/-1754/-2666 -2867/-1755/-2667 -2879/-1752/-2664 -3139/-1751/-2663 
f -3085/-1750/-2662 -2881/-1749/-2661 -2871/-1748/-2660 
f -2889/-1747/-2659 -2841/-1746/-2658 -3040/-1745/-2657 
f -2866/-1744/-2656 -2865/-1743/-2655 -2884/-1742/-2654 -2887/-1741/-2653 
f -2865/-1743/-2655 -2864/-1740/-2652 -2891/-1739/-2651 -2884/-1742/-2654 
f -2877/-1738/-2650 -2860/-1737/-2649 -2847/-1736/-2648 
f -2863/-1735/-2647 -2874/-1734/-2646 -3121/-1733/-2645 -3003/-1732/-2644 
f -3078/-1731/-2643 -3002/-1730/-2642 -3106/-1729/-2641 -2877/-1738/-2650 
f -3118/-1728/-2640 -3038/-1727/-2639 -3002/-1730/-2642 -3078/-1731/-2643 
f -2986/-1726/-2638 -2900/-1725/-2637 -2899/-1724/-2636 -2977/-1723/-2635 
f -2977/-1723/-2635 -2899/-1724/-2636 -2898/-1722/-2634 -2987/-1721/-2633 
f -3001/-1720/-2632 -3077/-1719/-2631 -3146/-1890/-2793 -3061/-1888/-2791 
f -3061/-1888/-2791 -2920/-1718/-2783 -2911/-1717/-2630 -3001/-1720/-2632 
f -3038/-1727/-2639 -3118/-1728/-2640 -3077/-1719/-2631 -3001/-1720/-2632 
f -3001/-1720/-2632 -2911/-1717/-2630 -2912/-1716/-2629 -3038/-1727/-2639 
f -2877/-1738/-2650 -3003/-1732/-2644 -3000/-1715/-2628 -3078/-1731/-2643 
f -3037/-1714/-2627 -3000/-1715/-2628 -3003/-1732/-2644 -3121/-1733/-2645 
f -3034/-1713/-2626 -3118/-1728/-2640 -3078/-1731/-2643 -3000/-1715/-2628 
f -3133/-1712/-2625 -3034/-1713/-2626 -3000/-1715/-2628 -3037/-1714/-2627 
f -3076/-1711/-2624 -2999/-1710/-2623 -3046/-1709/-2622 -3084/-1708/-2621 
f -3117/-1707/-2620 -3036/-1706/-2619 -2999/-1710/-2623 -3076/-1711/-2624 
f -2999/-1710/-2623 -3037/-1714/-2627 -3121/-1733/-2645 -3046/-1709/-2622 
f -3036/-1706/-2619 -3133/-1712/-2625 -3037/-1714/-2627 -2999/-1710/-2623 
f -2998/-1705/-2618 -3075/-1704/-2617 -3141/-1703/-2787 -3082/-1702/-2788 
f -3035/-1701/-2616 -2998/-1705/-2618 -3082/-1702/-2788 -3120/-1887/-2790 
f -3036/-1706/-2619 -3117/-1707/-2620 -3075/-1704/-2617 -2998/-1705/-2618 
f -3133/-1712/-2625 -3036/-1706/-2619 -2998/-1705/-2618 -3035/-1701/-2616 
f -3077/-1719/-2631 -2997/-1700/-2615 -3083/-1889/-2792 -3146/-1890/-2793 
f -3118/-1728/-2640 -3034/-1713/-2626 -2997/-1700/-2615 -3077/-1719/-2631 
f -2997/-1700/-2615 -3035/-1701/-2616 -3120/-1887/-2790 -3083/-1889/-2792 
f -3034/-1713/-2626 -3133/-1712/-2625 -3035/-1701/-2616 -2997/-1700/-2615 
f -2996/-1699/-2614 -3066/-1698/-2613 -3067/-1753/-2665 -3004/-1754/-2666 
f -3033/-1697/-2612 -2996/-1699/-2614 -3004/-1754/-2666 -3139/-1751/-2663 
f -3030/-1696/-2611 -3113/-1695/-2610 -3066/-1698/-2613 -2996/-1699/-2614 
f -3132/-1694/-2609 -3030/-1696/-2611 -2996/-1699/-2614 -3033/-1697/-2612 
f -3074/-1693/-2608 -2995/-1692/-2607 -3058/-1691/-2606 -3085/-1750/-2662 
f -3116/-1690/-2605 -3032/-1689/-2604 -2995/-1692/-2607 -3074/-1693/-2608 
f -2995/-1692/-2607 -3033/-1688/-2612 -3139/-1687/-2663 -3058/-1691/-2606 
f -3032/-1689/-2604 -3132/-1686/-2609 -3033/-1688/-2612 -2995/-1692/-2607 
f -2994/-1685/-2603 -3073/-1684/-2602 -3144/-1683/-2695 -3080/-1682/-2696 
f -3031/-1681/-2601 -2994/-1685/-2603 -3080/-1682/-2696 -3119/-1680/-2697 
f -3032/-1689/-2604 -3116/-1690/-2605 -3073/-1684/-2602 -2994/-1685/-2603 
f -3132/-1686/-2609 -3032/-1689/-2604 -2994/-1685/-2603 -3031/-1681/-2601 
f -3065/-1679/-2600 -2993/-1678/-2599 -3081/-1677/-2699 -3145/-1676/-2700 
f -3113/-1695/-2610 -3030/-1696/-2611 -2993/-1678/-2599 -3065/-1679/-2600 
f -2993/-1678/-2599 -3031/-1675/-2601 -3119/-1674/-2697 -3081/-1677/-2699 
f -3030/-1696/-2611 -3132/-1694/-2609 -3031/-1675/-2601 -2993/-1678/-2599 
f -2992/-1673/-2598 -3074/-1693/-2608 -3085/-1750/-2662 -3107/-1672/-2597 
f -2917/-1671/-2596 -2910/-1670/-2595 -2992/-1673/-2598 -3107/-1672/-2597 
f -3029/-1669/-2594 -3116/-1690/-2605 -3074/-1693/-2608 -2992/-1673/-2598 
f -2910/-1670/-2595 -2909/-1668/-2593 -3029/-1669/-2594 -2992/-1673/-2598 
f -3073/-1684/-2602 -2991/-1667/-2592 -3079/-1666/-2698 -3144/-1683/-2695 
f -3116/-1690/-2605 -3029/-1669/-2594 -2991/-1667/-2592 -3073/-1684/-2602 
f -2893/-1665/-2591 -2894/-1664/-2590 -2966/-1663/-2589 -2968/-1662/-2588 
f -2894/-1664/-2590 -2895/-1661/-2587 -2970/-1660/-2586 -2966/-1663/-2589 
f -2826/-1908/-2805 -2825/-1803/-2710 -2815/-1804/-2710 -2814/-1911/-2805 
f -3090/-1905/-2801 -3071/-1796/-2704 -3142/-1827/-2732 -3147/-1904/-2800 
f -3123/-1900/-2798 -3115/-1794/-2702 -3071/-1796/-2704 -3090/-1905/-2801 
f -3079/-1790/-2698 -3089/-1883/-2786 -3141/-1884/-2787 -3145/-1792/-2700 
f -3079/-1790/-2698 -2907/-1659/-2585 -2919/-1882/-2785 -3089/-1883/-2786 
f -3070/-1785/-2693 -3088/-1856/-2759 -3148/-1857/-2760 -3143/-1834/-2739 
f -3088/-1856/-2759 -3070/-1785/-2693 -2943/-1782/-2690 -2940/-1855/-2758 
f -3069/-1777/-2685 -3087/-1833/-2738 -3143/-1834/-2739 -3148/-1857/-2760 
f -3114/-1774/-2682 -3122/-1831/-2736 -3087/-1833/-2738 -3069/-1777/-2685 
f -3086/-1828/-2733 -3068/-1766/-2676 -3147/-1904/-2800 -3142/-1827/-2732 
f -3122/-1831/-2736 -3114/-1774/-2682 -3068/-1766/-2676 -3086/-1828/-2733 
f -3084/-1708/-2621 -2876/-1658/-2584 -2872/-1756/-2668 -3067/-1753/-2665 
f -3066/-1698/-2613 -3076/-1711/-2624 -3084/-1708/-2621 -3067/-1753/-2665 
f -3113/-1695/-2610 -3117/-1707/-2620 -3076/-1711/-2624 -3066/-1698/-2613 
f -3075/-1704/-2617 -3065/-1679/-2600 -3145/-1676/-2700 -3141/-1703/-2787 
f -3117/-1707/-2620 -3113/-1695/-2610 -3065/-1679/-2600 -3075/-1704/-2617 
s 2147483648
f -3096/-1657/-2583 -3024/-1656/-2582 -2973/-1655/-2582 -2975/-1654/-2583 
f -3024/-1656/-2582 -3060/-1653/-2581 -2974/-1652/-2581 -2973/-1655/-2582 
s 1073741824
f -2938/-1651/-2580 -2921/-1650/-2580 -2962/-1649/-2579 -2984/-1648/-2579 
s 2147483648
f -2835/-1647/-2578 -2829/-1646/-2578 -2974/-1652/-2581 -3060/-1653/-2581 
s 524288
f -3052/-1645/-2577 -2915/-1644/-2576 -2916/-1643/-2576 -2871/-1642/-2577 
s 2147483648
f -3040/-1641/-2575 -3052/-1645/-2574 -2871/-1642/-2573 
s 1
f -3106/-1729/-2641 -2914/-1640/-2572 -2915/-1639/-2571 -3052/-1638/-2570 
f -3106/-1729/-2641 -3052/-1638/-2570 -2877/-1738/-2650 
f -3107/-1672/-2597 -3085/-1750/-2662 -2871/-1748/-2660 
f -2903/-1637/-2569 -2902/-1636/-2568 -2971/-1635/-2567 -2969/-1634/-2566 
s 16777216
f -2986/-1633/-2565 -2977/-1632/-2564 -2967/-1631/-2564 -2969/-1630/-2565 
f -2977/-1632/-2564 -2987/-1629/-2563 -2970/-1628/-2563 -2967/-1631/-2564 
f -2976/-1627/-2562 -2982/-1626/-2561 -2968/-1625/-2561 -2966/-1624/-2562 
f -2987/-1629/-2563 -2976/-1627/-2562 -2966/-1624/-2562 -2970/-1628/-2563 
f -2990/-1623/-2560 -2986/-1633/-2565 -2969/-1630/-2565 -2971/-1622/-2560 
s 1073741824
f -2980/-1621/-2559 -2984/-1648/-2579 -2962/-1649/-2579 -2959/-1620/-2559 
f -2989/-1619/-2558 -2980/-1621/-2559 -2959/-1620/-2559 -2965/-1618/-2558 
f -2985/-1617/-2557 -2981/-1616/-2556 -2960/-1615/-2556 -2963/-1614/-2557 
f -2981/-1616/-2556 -2989/-1619/-2558 -2965/-1618/-2558 -2960/-1615/-2556 
f -2983/-1613/-2555 -2978/-1612/-2555 -2957/-1611/-2555 -2961/-1610/-2555 
f -2978/-1612/-2555 -2988/-1609/-2555 -2964/-1608/-2555 -2957/-1611/-2555 
f -2979/-1607/-2554 -2985/-1617/-2557 -2963/-1614/-2557 -2958/-1606/-2554 
f -2988/-1609/-2555 -2979/-1607/-2554 -2958/-1606/-2554 -2964/-1608/-2555 
s 1
f -2955/-1817/-2722 -3108/-1869/-2772 -3023/-1870/-2773 -2954/-1605/-2553 
f -2954/-1605/-2553 -3023/-1870/-2773 -3059/-1866/-2769 -2953/-1604/-2756 
f -2922/-1603/-2552 -2961/-1602/-2551 -2957/-1601/-2550 -2934/-1600/-2549 
f -2934/-1600/-2549 -2957/-1601/-2550 -2964/-1599/-2763 -2935/-1598/-2764 
f -2933/-1597/-2548 -2959/-1596/-2547 -2962/-1595/-2546 -2921/-1594/-2545 
f -2932/-1593/-2544 -2965/-1592/-2543 -2959/-1596/-2547 -2933/-1597/-2548 
f -2937/-1864/-2767 -2963/-1865/-2768 -2960/-1591/-2542 -2931/-1590/-2541 
f -2931/-1590/-2541 -2960/-1591/-2542 -2965/-1592/-2543 -2932/-1593/-2544 
f -2981/-1589/-2540 -2985/-1588/-2539 -2929/-1587/-2538 -2930/-1586/-2537 
f -2989/-1585/-2536 -2981/-1589/-2540 -2930/-1586/-2537 -2928/-1584/-2535 
f -2984/-1583/-2534 -2980/-1582/-2533 -2927/-1581/-2532 -2938/-1580/-2531 
f -2980/-1582/-2533 -2989/-1585/-2536 -2928/-1584/-2535 -2927/-1581/-2532 
f -2978/-1579/-2530 -2983/-1578/-2529 -2925/-1577/-2528 -2926/-1576/-2527 
f -2988/-1575/-2526 -2978/-1579/-2530 -2926/-1576/-2527 -2924/-1574/-2525 
f -2985/-1588/-2539 -2979/-1573/-2524 -2923/-1572/-2523 -2929/-1587/-2538 
f -2979/-1573/-2524 -2988/-1575/-2526 -2924/-1574/-2525 -2923/-1572/-2523 
f -2983/-1578/-2529 -2961/-1602/-2551 -2922/-1603/-2552 -2925/-1577/-2528 
s 1073741824
f -3096/-1657/-2522 -2975/-1654/-2522 -2939/-1571/-2521 -2956/-1570/-2521 
s 1
f -2937/-1864/-2767 -2955/-1817/-2722 -2954/-1605/-2553 -2936/-1863/-2766 
f -2936/-1863/-2766 -2954/-1605/-2553 -2953/-1604/-2756 -2935/-1861/-2764 
f -2940/-1855/-2758 -2922/-1603/-2552 -2934/-1600/-2549 -2952/-1854/-2757 
f -2952/-1854/-2757 -2934/-1600/-2549 -2935/-1598/-2764 -2953/-1851/-2756 
f -2951/-1822/-2727 -2933/-1597/-2548 -2921/-1594/-2545 -2939/-1821/-2726 
f -2950/-1820/-2725 -2932/-1593/-2544 -2933/-1597/-2548 -2951/-1822/-2727 
f -2955/-1817/-2722 -2937/-1864/-2767 -2931/-1590/-2541 -2949/-1816/-2721 
f -2949/-1816/-2721 -2931/-1590/-2541 -2932/-1593/-2544 -2950/-1820/-2725 
f -2948/-1812/-2717 -2930/-1586/-2537 -2929/-1587/-2538 -2947/-1811/-2716 
f -2946/-1810/-2715 -2928/-1584/-2535 -2930/-1586/-2537 -2948/-1812/-2717 
f -2956/-1808/-2713 -2938/-1580/-2531 -2927/-1581/-2532 -2945/-1807/-2712 
f -2945/-1807/-2712 -2927/-1581/-2532 -2928/-1584/-2535 -2946/-1810/-2715 
f -2944/-1783/-2691 -2926/-1576/-2527 -2925/-1577/-2528 -2943/-1782/-2690 
f -2942/-1781/-2689 -2924/-1574/-2525 -2926/-1576/-2527 -2944/-1783/-2691 
f -2947/-1811/-2716 -2929/-1587/-2538 -2923/-1572/-2523 -2941/-1779/-2687 
f -2941/-1779/-2687 -2923/-1572/-2523 -2924/-1574/-2525 -2942/-1781/-2689 
f -2943/-1782/-2690 -2925/-1577/-2528 -2922/-1603/-2552 -2940/-1855/-2758 
s 1073741824
f -2938/-1651/-2580 -2956/-1570/-2521 -2939/-1571/-2521 -2921/-1650/-2580 
s 1
f -2968/-1569/-2588 -2982/-1568/-2520 -2904/-1567/-2519 -2905/-1566/-2518 
f -2904/-1567/-2519 -2982/-1568/-2520 -2906/-1565/-2517 
f -2914/-1640/-2572 -3106/-1729/-2641 -3002/-1730/-2642 -2913/-1564/-2516 
f -2913/-1564/-2516 -3002/-1730/-2642 -3038/-1727/-2639 -2912/-1716/-2629 
f -2982/-1563/-2520 -2976/-1562/-2515 -2897/-1561/-2514 -2906/-1560/-2517 
f -2897/-1561/-2514 -2976/-1562/-2515 -2987/-1721/-2633 -2898/-1722/-2634 
f -2969/-1634/-2566 -2967/-1559/-2513 -2896/-1558/-2512 -2903/-1637/-2569 
f -2967/-1559/-2513 -2970/-1660/-2586 -2895/-1661/-2587 -2896/-1558/-2512 
f -3079/-1666/-2698 -2991/-1667/-2592 -2908/-1557/-2511 -2907/-1556/-2585 
f -2991/-1667/-2592 -3029/-1669/-2594 -2909/-1668/-2593 -2908/-1557/-2511 
f -2893/-1555/-2591 -2968/-1569/-2588 -2905/-1566/-2518 
s 524288
f -2901/-1554/-2510 -2990/-1623/-2509 -2971/-1622/-2509 -2902/-1553/-2510 
s 1
f -2900/-1725/-2637 -2986/-1726/-2638 -2990/-1552/-2508 -2901/-1551/-2507 
f -3107/-1672/-2597 -2871/-1748/-2660 -2916/-1550/-2506 -2917/-1671/-2596 
f -2919/-1882/-2785 -2905/-1566/-2518 -2904/-1567/-2519 -2918/-1881/-2784 
f -2918/-1881/-2784 -2904/-1567/-2519 -2906/-1565/-2517 -2920/-1880/-2783 
f -2900/-1725/-2637 -2914/-1640/-2572 -2913/-1564/-2516 -2899/-1724/-2636 
f -2899/-1724/-2636 -2913/-1564/-2516 -2912/-1716/-2629 -2898/-1722/-2634 
f -2920/-1718/-2783 -2906/-1560/-2517 -2897/-1561/-2514 -2911/-1717/-2630 
f -2911/-1717/-2630 -2897/-1561/-2514 -2898/-1722/-2634 -2912/-1716/-2629 
f -2917/-1671/-2596 -2903/-1637/-2569 -2896/-1558/-2512 -2910/-1670/-2595 
f -2910/-1670/-2595 -2896/-1558/-2512 -2895/-1661/-2587 -2909/-1668/-2593 
f -2893/-1665/-2591 -2907/-1556/-2585 -2908/-1557/-2511 -2894/-1664/-2590 
f -2894/-1664/-2590 -2908/-1557/-2511 -2909/-1668/-2593 -2895/-1661/-2587 
f -2907/-1659/-2585 -2893/-1555/-2591 -2905/-1566/-2518 -2919/-1882/-2785 
s 524288
f -2915/-1644/-2576 -2901/-1554/-2510 -2902/-1553/-2510 -2916/-1643/-2576 
s 1
f -2914/-1640/-2572 -2900/-1725/-2637 -2901/-1551/-2507 -2915/-1639/-2571 
f -2903/-1637/-2569 -2917/-1671/-2596 -2916/-1550/-2506 -2902/-1636/-2568 
f -3103/-1549/-2505 -2890/-1762/-2674 -2886/-1759/-2671 -3041/-1548/-2504 
f -2892/-1757/-2669 -3135/-1547/-2503 -3041/-1548/-2504 -2886/-1759/-2671 
f -3027/-1546/-2502 -2883/-1545/-2501 -3135/-1544/-2503 -2892/-1543/-2669 
f -3102/-1542/-2500 -2889/-1747/-2659 -3040/-1745/-2657 -2885/-1541/-2499 
f -3072/-1540/-2498 -2887/-1741/-2653 -2884/-1742/-2654 -3039/-1539/-2497 
f -2891/-1739/-2651 -3134/-1538/-2496 -3039/-1539/-2497 -2884/-1742/-2654 
f -3013/-1537/-2495 -2882/-1536/-2494 -3134/-1538/-2496 -2891/-1739/-2651 
f -2888/-1535/-2493 -3091/-1534/-2492 -2883/-1545/-2501 -3027/-1546/-2502 
f -2890/-1762/-2674 -3103/-1549/-2505 -2972/-1533/-2491 -2861/-1532/-2490 
f -2889/-1747/-2659 -3102/-1542/-2500 -2882/-1536/-2494 -3013/-1537/-2495 
f -3091/-1534/-2492 -2888/-1535/-2493 -2887/-1741/-2653 -3072/-1540/-2498 
s 2147483648
f -2885/-1531/-2489 -3040/-1641/-2575 -2861/-1530/-2488 -2972/-1529/-2489 
s 1
f -2881/-1749/-2661 -3085/-1750/-2662 -3058/-1691/-2606 -2880/-1528/-2487 
f -2880/-1528/-2487 -3058/-1691/-2606 -3139/-1687/-2663 -2879/-1527/-2664 
f -2888/-1535/-2493 -3027/-1546/-2502 -2878/-1526/-2486 -2862/-1525/-2485 
f -2878/-1526/-2486 -3027/-1546/-2502 -2892/-1543/-2669 -2868/-1524/-2670 
f -2870/-1761/-2673 -2890/-1762/-2674 -2861/-1532/-2490 
f -3084/-1708/-2621 -3046/-1709/-2622 -2875/-1523/-2484 -2876/-1658/-2584 
f -3046/-1709/-2622 -3121/-1733/-2645 -2874/-1734/-2646 -2875/-1523/-2484 
f -2889/-1747/-2659 -2845/-1522/-2483 -2846/-1521/-2482 
f -3013/-1537/-2495 -2891/-1739/-2651 -2864/-1740/-2652 -2873/-1520/-2481 
f -2887/-1741/-2653 -2888/-1535/-2493 -2862/-1525/-2485 -2866/-1744/-2656 
f -2859/-1519/-2480 -2858/-1518/-2480 -2857/-1517/-2479 -2848/-1516/-2479 
f -2856/-1515/-2478 -2849/-1514/-2478 -2848/-1516/-2479 -2857/-1517/-2479 
f -2881/-1749/-2661 -2870/-1761/-2673 -2861/-1532/-2490 -2871/-1748/-2660 
f -2850/-1513/-2477 -2855/-1512/-2477 -2854/-1511/-2476 -2851/-1510/-2475 
f -2841/-1746/-2658 -2889/-1747/-2659 -2846/-1521/-2482 
f -2855/-1512/-2477 -2850/-1513/-2477 -2849/-1514/-2478 -2856/-1515/-2478 
s 2147483648
f -3040/-1641/-2575 -2871/-1642/-2573 -2861/-1530/-2488 
s 1
f -2847/-1736/-2648 -2863/-1735/-2647 -3003/-1732/-2644 -2877/-1738/-2650 
f -2889/-1747/-2659 -3013/-1537/-2495 -2873/-1520/-2481 -2845/-1522/-2483 
f -2852/-1509/-2474 -2854/-1511/-2476 -2853/-1508/-2473 -2843/-1507/-2472 
s 8192
f -2869/-1506/-2471 -2870/-1505/-2470 -2859/-1519/-2471 
s 65536
f -2870/-1504/-2469 -2881/-1503/-2469 -2858/-1518/-2469 -2859/-1519/-2469 
s 8192
f -2881/-1502/-2468 -2880/-1501/-2467 -2858/-1518/-2467 
f -2880/-1501/-2467 -2879/-1500/-2466 -2857/-1517/-2466 -2858/-1518/-2467 
f -2879/-1500/-2466 -2867/-1499/-2465 -2856/-1515/-2464 -2857/-1517/-2466 
f -2867/-1499/-2465 -2872/-1498/-2463 -2856/-1515/-2464 
f -2872/-1498/-2463 -2876/-1497/-2462 -2855/-1512/-2461 -2856/-1515/-2464 
f -2876/-1497/-2462 -2875/-1496/-2460 -2855/-1512/-2461 
f -2875/-1496/-2460 -2874/-1495/-2459 -2854/-1511/-2458 -2855/-1512/-2461 
f -2874/-1495/-2459 -2863/-1494/-2457 -2854/-1511/-2458 
f -2863/-1494/-2457 -2847/-1493/-2456 -2844/-1492/-2456 -2854/-1511/-2458 
s 16777216
f -2860/-1491/-2455 -2846/-1490/-2455 -2843/-1507/-2455 -2853/-1508/-2455 
s 8192
f -2845/-1489/-2454 -2873/-1488/-2453 -2851/-1510/-2452 -2852/-1509/-2454 
f -2873/-1488/-2453 -2864/-1487/-2451 -2851/-1510/-2452 
f -2864/-1487/-2451 -2865/-1486/-2450 -2850/-1513/-2449 -2851/-1510/-2452 
f -2865/-1486/-2450 -2866/-1485/-2448 -2850/-1513/-2449 
f -2866/-1485/-2448 -2862/-1484/-2447 -2849/-1514/-2446 -2850/-1513/-2449 
f -2862/-1484/-2447 -2878/-1483/-2445 -2849/-1514/-2446 
f -2878/-1483/-2445 -2868/-1482/-2444 -2848/-1516/-2444 -2849/-1514/-2446 
f -2868/-1482/-2444 -2869/-1506/-2471 -2859/-1519/-2471 -2848/-1516/-2444 
s 4
f -2847/-1481/-2443 -2860/-1480/-2443 -2853/-1508/-2443 -2844/-1492/-2443 
f -2846/-1479/-2442 -2845/-1478/-2442 -2852/-1509/-2442 -2843/-1507/-2442 
s 1
f -2860/-1737/-2649 -2877/-1738/-2650 -2842/-1477/-2441 
f -2842/-1477/-2441 -2877/-1738/-2650 -3052/-1638/-2570 
f -2842/-1477/-2441 -2841/-1746/-2658 -2846/-1521/-2482 -2860/-1737/-2649 
f -2841/-1746/-2658 -2842/-1477/-2441 -3052/-1638/-2570 -3040/-1745/-2657 
f -2828/-1894/-2440 -2827/-1909/-2804 -2813/-1910/-2804 -2820/-1897/-2440 
f -3123/-1900/-2798 -3063/-1901/-2799 -2837/-1476/-2439 -2830/-1475/-2438 
f -3063/-1901/-2799 -3140/-1898/-2809 -2838/-1474/-2806 -2837/-1476/-2439 
f -3129/-1918/-2812 -2974/-1891/-2794 -2829/-1473/-2437 -2840/-1914/-2808 
s 512
f -2817/-1801/-2436 -2823/-1802/-2436 -2822/-1472/-2436 -2818/-1471/-2436 
s 1
f -3048/-1793/-2701 -3115/-1794/-2702 -2833/-1470/-2435 -2834/-1469/-2434 
f -2832/-1468/-2433 -3137/-1797/-2705 -3048/-1793/-2701 -2834/-1469/-2434 
f -2836/-1873/-2776 -3128/-1874/-2777 -3050/-1798/-2706 -2831/-1467/-2432 
f -2831/-1467/-2432 -3050/-1798/-2706 -3137/-1797/-2705 -2832/-1468/-2433 
f -3115/-1794/-2702 -3123/-1900/-2798 -2830/-1475/-2438 -2833/-1470/-2435 
s 2147483648
f -2822/-1472/-2431 -2821/-1466/-2431 -2819/-1465/-2431 -2818/-1471/-2431 
s off
f -3103/-1464/-2430 -3041/-1463/-2430 -2828/-1462/-2430 
f -3041/-1463/-2429 -3135/-1461/-2429 -2827/-1460/-2429 -2828/-1462/-2429 
f -3135/-1461/-2428 -2883/-1459/-2428 -2826/-1458/-2428 -2827/-1460/-2428 
f -2883/-1459/-2427 -3091/-1457/-2427 -2826/-1458/-2427 
f -3091/-1457/-2426 -3072/-1456/-2426 -2825/-1455/-2426 -2826/-1458/-2426 
f -3072/-1456/-2425 -3039/-1454/-2425 -2825/-1455/-2425 
f -3039/-1454/-2424 -3134/-1453/-2424 -2824/-1452/-2424 -2825/-1455/-2424 
f -3134/-1453/-2423 -2882/-1451/-2423 -2824/-1452/-2423 
f -2882/-1451/-2422 -3102/-1450/-2422 -2823/-1449/-2422 -2824/-1452/-2422 
f -3102/-1450/-2421 -2885/-1448/-2421 -2822/-1447/-2421 -2823/-1449/-2421 
f -2885/-1448/-2420 -2972/-1446/-2420 -2821/-1445/-2420 -2822/-1447/-2420 
f -2972/-1444/-2419 -3103/-1464/-2419 -2828/-1462/-2419 -2821/-1443/-2419 
f -2839/-1442/-2418 -2840/-1441/-2418 -2820/-1440/-2418 
f -2840/-1441/-2417 -2829/-1439/-2417 -2819/-1438/-2417 -2820/-1440/-2417 
f -2829/-1439/-2416 -2835/-1437/-2416 -2818/-1436/-2416 -2819/-1438/-2416 
f -2835/-1437/-2415 -2836/-1435/-2415 -2817/-1434/-2415 -2818/-1436/-2415 
f -2836/-1435/-2414 -2831/-1433/-2414 -2816/-1432/-2414 -2817/-1434/-2414 
f -2831/-1433/-2413 -2832/-1431/-2413 -2816/-1432/-2413 
f -2832/-1431/-2412 -2834/-1430/-2412 -2815/-1429/-2412 -2816/-1432/-2412 
f -2834/-1428/-2411 -2833/-1427/-2411 -2815/-1426/-2411 
f -2833/-1427/-2410 -2830/-1425/-2410 -2814/-1424/-2410 -2815/-1426/-2410 
f -2830/-1425/-2409 -2837/-1423/-2409 -2814/-1424/-2409 
f -2837/-1423/-2408 -2838/-1422/-2408 -2813/-1421/-2408 -2814/-1424/-2408 
f -2838/-1422/-2407 -2839/-1442/-2407 -2820/-1440/-2407 -2813/-1421/-2407 
s 1
f -2801/-1420/-2406 -2810/-1419/-2405 -2788/-1418/-2404 -2787/-1417/-2403 
f -2811/-1416/-2402 -2812/-1415/-2401 -1092/-1414/-2400 -1091/-1413/-2399 
f -2784/-1412/-2398 -2807/-1411/-2397 -2801/-1420/-2406 -2787/-1417/-2403 
f -1086/-1410/-2396 -2808/-1409/-2395 -2811/-1416/-2402 -1091/-1413/-2399 
f -1082/-1408/-2394 -1081/-1407/-2393 -2780/-1406/-2392 -2702/-1405/-2391 
f -2769/-1404/-2390 -2766/-1403/-2389 -2761/-1402/-2388 -2776/-1401/-2387 
f -2770/-1400/-2386 -2767/-1399/-2385 -1076/-1398/-2384 -1075/-1397/-2384 
f -2768/-1396/-2383 -1069/-1395/-2382 -1072/-1394/-2382 -2778/-1393/-2383 
f -2795/-1392/-2381 -2803/-1391/-2380 -2804/-1390/-2379 -2796/-1389/-2378 
f -2802/-1388/-2377 -2794/-1387/-2376 -2785/-1386/-2375 -2793/-1385/-2374 
f -2704/-1384/-2373 -2800/-1383/-2372 -2803/-1391/-2380 -2795/-1382/-2381 
f -2703/-1381/-2371 -2799/-1380/-2370 -2793/-1385/-2374 -2785/-1386/-2375 
f -2772/-1379/-2369 -2765/-1378/-2368 -2792/-1377/-2367 -2774/-1376/-2367 
f -2773/-1375/-2366 -2771/-1374/-2365 -2764/-1373/-2365 -2791/-1372/-2364 
f -2803/-1391/-2380 -2787/-1417/-2403 -2788/-1418/-2404 -2804/-1390/-2379 
f -2794/-1387/-2376 -2810/-1419/-2405 -2801/-1420/-2406 -2785/-1386/-2375 
f -2800/-1383/-2372 -2784/-1412/-2398 -2787/-1417/-2403 -2803/-1391/-2380 
f -2799/-1380/-2370 -2783/-1371/-2363 -2809/-1370/-2362 -2793/-1385/-2374 
f -2776/-1401/-2387 -2761/-1402/-2388 -2765/-1378/-2368 -2772/-1379/-2369 
f -2771/-1374/-2365 -2775/-1369/-2361 -2760/-1368/-2360 -2764/-1373/-2365 
f -2811/-1416/-2402 -2795/-1392/-2381 -2796/-1389/-2378 -2812/-1415/-2401 
f -2793/-1385/-2374 -2809/-1370/-2362 -2786/-1367/-2359 -2802/-1388/-2377 
f -2808/-1409/-2395 -2704/-1366/-2373 -2795/-1392/-2381 -2811/-1416/-2402 
f -2807/-1411/-2397 -2703/-1381/-2371 -2785/-1386/-2375 -2801/-1420/-2406 
f -2774/-1376/-2367 -2792/-1377/-2367 -2767/-1399/-2385 -2770/-1400/-2386 
f -2769/-1404/-2390 -2773/-1375/-2366 -2791/-1372/-2364 -2766/-1403/-2389 
f -2786/-1367/-2359 -2809/-1370/-2362 -2715/-1365/-2358 -2779/-1364/-2357 
f -2702/-1405/-2391 -2780/-1406/-2392 -2809/-1370/-2362 -2783/-1371/-2363 
f -2775/-1369/-2361 -2768/-1396/-2383 -2778/-1393/-2383 -2760/-1368/-2360 
f -2769/-1404/-2390 -2776/-1401/-2387 -2806/-1363/-2387 -2781/-1362/-2356 
f -2782/-1361/-2355 -2770/-1400/-2386 -1075/-1397/-2384 -1039/-1360/-2384 
f -2790/-1359/-2354 -2772/-1379/-2369 -2774/-1376/-2367 -2798/-1358/-2367 
f -2771/-1374/-2365 -2773/-1375/-2366 -2797/-1357/-2353 -2789/-1356/-2365 
f -2806/-1363/-2387 -2776/-1401/-2387 -2772/-1379/-2369 -2790/-1359/-2354 
f -2775/-1369/-2361 -2771/-1374/-2365 -2789/-1356/-2365 -2805/-1355/-2352 
f -2798/-1358/-2367 -2774/-1376/-2367 -2770/-1400/-2386 -2782/-1361/-2355 
f -2773/-1375/-2366 -2769/-1404/-2390 -2781/-1362/-2356 -2797/-1357/-2353 
f -2768/-1396/-2383 -2775/-1369/-2361 -2805/-1355/-2352 -2777/-1354/-2351 
s 8
f -2766/-1353/-2350 -2709/-1352/-2350 -2706/-1351/-2349 -2761/-1350/-2349 
f -2767/-1349/-2348 -2710/-1348/-2348 -1029/-1347/-2347 -1076/-1346/-2347 
f -2778/-1345/-2346 -2759/-1344/-2346 -2705/-1343/-2345 -2760/-1342/-2345 
f -2763/-1341/-2344 -2792/-1340/-2344 -2765/-1339/-2343 -2708/-1338/-2343 
f -2762/-1337/-2342 -2791/-1336/-2342 -2764/-1335/-2341 -2707/-1334/-2341 
f -2710/-1348/-2348 -2767/-1349/-2348 -2792/-1333/-2344 -2763/-1332/-2344 
f -2709/-1352/-2350 -2766/-1353/-2350 -2791/-1336/-2342 -2762/-1337/-2342 
f -2708/-1338/-2343 -2765/-1339/-2343 -2761/-1350/-2349 -2706/-1351/-2349 
f -2707/-1334/-2341 -2764/-1335/-2341 -2760/-1331/-2345 -2705/-1343/-2345 
f -1072/-1330/-2340 -1021/-1329/-2340 -2759/-1344/-2346 -2778/-1345/-2346 
s 1
f -2753/-1328/-2339 -2756/-1327/-2338 -2750/-1326/-2337 -2740/-1325/-2336 
f -1014/-1324/-2335 -2758/-1323/-2334 -2757/-1322/-2333 -1015/-1321/-2332 
f -1010/-1320/-2331 -2737/-1319/-2330 -2741/-1318/-2329 -1011/-1317/-2328 
f -2720/-1316/-2327 -2725/-1315/-2326 -2728/-1314/-2325 -2735/-1313/-2324 
f -1002/-1312/-2323 -2726/-1311/-2322 -2729/-1310/-2321 -1003/-1309/-2320 
f -998/-1308/-2319 -997/-1307/-2318 -2727/-1306/-2317 -2719/-1305/-2316 
f -2753/-1328/-2339 -2752/-1304/-2315 -2722/-1303/-2314 -2747/-1302/-2313 
f -2721/-1301/-2312 -2756/-1327/-2338 -2751/-1300/-2311 -2746/-1299/-2310 
f -2745/-1298/-2309 -2724/-1297/-2308 -2731/-1296/-2307 -2733/-1295/-2306 
f -2723/-1294/-2305 -2730/-1293/-2304 -2732/-1292/-2303 -2744/-1291/-2302 
f -2752/-1304/-2315 -2753/-1328/-2339 -2740/-1325/-2336 
f -2721/-1301/-2312 -2750/-1326/-2337 -2756/-1327/-2338 
f -2724/-1297/-2308 -2720/-1316/-2327 -2735/-1313/-2324 -2731/-1296/-2307 
f -2719/-1305/-2316 -2734/-1290/-2301 -2730/-1293/-2304 -2723/-1294/-2305 
f -2747/-1289/-2313 -2722/-1288/-2314 -2757/-1322/-2333 -2758/-1323/-2334 
f -2746/-1299/-2310 -2751/-1300/-2311 -2741/-1318/-2329 -2737/-1319/-2330 
f -2726/-1311/-2322 -2745/-1287/-2309 -2733/-1286/-2306 -2729/-1310/-2321 
f -2744/-1291/-2302 -2732/-1292/-2303 -2728/-1314/-2325 -2725/-1315/-2326 
f -2734/-1290/-2301 -2719/-1305/-2316 -2727/-1306/-2317 
f -2755/-1285/-2300 -2735/-1313/-2324 -2728/-1314/-2325 -2738/-1284/-2299 
f -1003/-1309/-2320 -2729/-1310/-2321 -2739/-1283/-2298 -978/-1282/-2297 
f -2733/-1295/-2306 -2731/-1296/-2307 -2743/-1281/-2296 -2749/-1280/-2295 
f -2748/-1279/-2294 -2732/-1292/-2303 -2730/-1293/-2304 -2742/-1278/-2293 
f -2731/-1296/-2307 -2735/-1313/-2324 -2755/-1285/-2300 -2743/-1281/-2296 
f -2742/-1278/-2293 -2730/-1293/-2304 -2734/-1290/-2301 -2754/-1277/-2292 
f -2729/-1310/-2321 -2733/-1286/-2306 -2749/-1276/-2295 -2739/-1283/-2298 
f -2738/-1284/-2299 -2728/-1314/-2325 -2732/-1292/-2303 -2748/-1279/-2294 
f -2754/-1277/-2292 -2734/-1290/-2301 -2727/-1306/-2317 -2736/-1275/-2291 
f -2740/-1325/-2336 -2750/-1326/-2337 -2725/-1315/-2326 -2720/-1316/-2327 
f -1015/-1321/-2332 -2757/-1322/-2333 -2726/-1311/-2322 -1002/-1312/-2323 
f -2724/-1297/-2308 -2745/-1298/-2309 -2722/-1303/-2314 -2752/-1304/-2315 
f -2723/-1294/-2305 -2744/-1291/-2302 -2721/-1301/-2312 -2746/-1299/-2310 
f -2745/-1287/-2309 -2726/-1311/-2322 -2757/-1322/-2333 -2722/-1288/-2314 
f -2744/-1291/-2302 -2725/-1315/-2326 -2750/-1326/-2337 -2721/-1301/-2312 
f -2720/-1316/-2327 -2724/-1297/-2308 -2752/-1304/-2315 -2740/-1325/-2336 
f -2719/-1305/-2316 -2723/-1294/-2305 -2746/-1299/-2310 -2737/-1319/-2330 
f -2737/-1319/-2330 -1010/-1320/-2331 -998/-1308/-2319 -2719/-1305/-2316 
s 2
f -2727/-1274/-2290 -997/-1273/-2290 -1069/-1395/-2290 -2768/-1396/-2290 
f -2755/-1272/-2289 -2738/-1271/-2288 -2781/-1270/-2288 -2806/-1269/-2289 
f -978/-1268/-2287 -2739/-1267/-2286 -2782/-1266/-2286 -1039/-1265/-2287 
f -2749/-1264/-2285 -2743/-1263/-2284 -2790/-1262/-2284 -2798/-1261/-2285 
f -2748/-1260/-2283 -2742/-1259/-2282 -2789/-1258/-2282 -2797/-1257/-2283 
f -2743/-1263/-2284 -2755/-1272/-2289 -2806/-1269/-2289 -2790/-1262/-2284 
f -2742/-1259/-2282 -2754/-1256/-2281 -2805/-1255/-2281 -2789/-1258/-2282 
f -2739/-1267/-2286 -2749/-1264/-2285 -2798/-1261/-2285 -2782/-1266/-2286 
f -2738/-1271/-2288 -2748/-1260/-2283 -2797/-1257/-2283 -2781/-1270/-2288 
f -2754/-1256/-2281 -2736/-1254/-2280 -2777/-1253/-2280 -2805/-1255/-2281 
s 4
f -2736/-1254/-2279 -2727/-1252/-2279 -2768/-1251/-2279 -2777/-1253/-2279 
s 2147483648
f -2713/-1250/-2278 -2711/-1249/-2277 -2716/-1248/-2277 -971/-1247/-2276 
s 1
f -2780/-1406/-2392 -2718/-1246/-2275 -2715/-1365/-2358 -2809/-1370/-2362 
s 8
f -2779/-1245/-2274 -2715/-1244/-2274 -2714/-1243/-2274 -2717/-1242/-2274 
s 2048
f -2718/-1241/-2273 -963/-1240/-2272 -962/-1239/-2272 -2712/-1238/-2273 
s 131072
f -2715/-1237/-2271 -2718/-1236/-2271 -2712/-1238/-2271 -2714/-1243/-2271 
s 128
f -2713/-1250/-2270 -2717/-1242/-2270 -2714/-1243/-2270 -2711/-1249/-2270 
s 8388608
f -2716/-1248/-2269 -2712/-1238/-2269 -962/-1239/-2268 -971/-1247/-2268 
s 1073741824
f -2712/-1238/-2267 -2716/-1248/-2267 -2711/-1249/-2267 -2714/-1243/-2267 
s 1
f -2784/-1412/-2398 -2706/-1351/-2266 -2709/-1352/-2265 -2807/-1411/-2397 
f -1086/-1410/-2396 -1029/-1347/-2264 -2710/-1348/-2263 -2808/-1409/-2395 
f -2702/-1405/-2391 -2759/-1344/-2262 -1021/-1329/-2261 -1082/-1408/-2394 
f -2704/-1384/-2373 -2763/-1341/-2260 -2708/-1338/-2259 -2800/-1383/-2372 
f -2703/-1381/-2371 -2762/-1337/-2258 -2707/-1334/-2257 -2799/-1380/-2370 
f -2800/-1383/-2372 -2708/-1338/-2259 -2706/-1351/-2266 -2784/-1412/-2398 
f -2799/-1380/-2370 -2707/-1334/-2257 -2705/-1343/-2256 -2783/-1371/-2363 
f -2808/-1409/-2395 -2710/-1348/-2263 -2763/-1332/-2260 -2704/-1366/-2373 
f -2807/-1411/-2397 -2709/-1352/-2265 -2762/-1337/-2258 -2703/-1381/-2371 
f -2783/-1371/-2363 -2705/-1343/-2256 -2759/-1344/-2262 -2702/-1405/-2391 
s 4
f -2700/-1235/-2255 -2696/-1234/-2254 -2694/-1233/-2253 -2701/-1232/-2252 
s 32768
f -2693/-1231/-2251 -2692/-1230/-2250 -2699/-1229/-2250 -2700/-1235/-2251 
f -2691/-1228/-2249 -2690/-1227/-2248 -2697/-1226/-2248 -2698/-1225/-2249 
f -2689/-1224/-2247 -2688/-1223/-2246 -2695/-1222/-2246 -2696/-1234/-2247 
f -2687/-1221/-2245 -2686/-1220/-2244 -2701/-1232/-2244 -2694/-1233/-2245 
f -2692/-1219/-2250 -2691/-1218/-2249 -2698/-1225/-2249 -2699/-1229/-2250 
f -2700/-1235/-2251 -2701/-1232/-2244 -2686/-1217/-2244 -2693/-1216/-2251 
f -2690/-1215/-2248 -2689/-1214/-2247 -2696/-1234/-2247 -2697/-1226/-2248 
f -2688/-1213/-2246 -2687/-1212/-2245 -2694/-1233/-2245 -2695/-1222/-2246 
s 8
f -2685/-1211/-2243 -2684/-1210/-2242 -2683/-1209/-2242 -2682/-1208/-2243 
f -2684/-1210/-2242 -2681/-1207/-2241 -2680/-1206/-2241 -2683/-1209/-2242 
f -2681/-1207/-2241 -2679/-1205/-2240 -2678/-1204/-2240 -2680/-1206/-2241 
f -2679/-1203/-2240 -2677/-1202/-2239 -2676/-1201/-2239 -2678/-1200/-2240 
f -2677/-1202/-2239 -2675/-1199/-2238 -2674/-1198/-2238 -2676/-1201/-2239 
f -2675/-1199/-2238 -2673/-1197/-2237 -2672/-1196/-2237 -2674/-1198/-2238 
f -2673/-1197/-2237 -2671/-1195/-2236 -2670/-1194/-2236 -2672/-1196/-2237 
f -2671/-1195/-2236 -2669/-1193/-2235 -2668/-1192/-2235 -2670/-1194/-2236 
f -2669/-1193/-2235 -2667/-1191/-2234 -2666/-1190/-2234 -2668/-1192/-2235 
f -2667/-1191/-2234 -2685/-1211/-2243 -2682/-1208/-2243 -2666/-1190/-2234 
s 2
f -2664/-1189/-2233 -2662/-1188/-2232 -2656/-1187/-2231 -2665/-1186/-2230 
s off
f -2682/-1208/-2229 -2683/-1209/-2229 -2655/-1185/-2229 -2654/-1184/-2229 
f -2683/-1209/-2228 -2680/-1206/-2228 -2653/-1183/-2228 -2655/-1185/-2228 
f -2680/-1206/-2227 -2678/-1204/-2227 -2652/-1182/-2227 -2653/-1183/-2227 
f -2678/-1200/-2226 -2676/-1201/-2226 -2651/-1181/-2226 -2652/-1180/-2226 
f -2676/-1201/-2225 -2674/-1198/-2225 -2650/-1179/-2225 -2651/-1181/-2225 
f -2674/-1198/-2224 -2672/-1196/-2224 -2649/-1178/-2224 -2650/-1179/-2224 
f -2672/-1196/-2223 -2670/-1194/-2223 -2648/-1177/-2223 -2649/-1178/-2223 
f -2670/-1194/-2222 -2668/-1192/-2222 -2647/-1176/-2222 -2648/-1177/-2222 
f -2668/-1192/-2221 -2666/-1190/-2221 -2646/-1175/-2221 -2647/-1176/-2221 
f -2666/-1190/-2220 -2682/-1208/-2220 -2654/-1184/-2220 -2646/-1175/-2220 
s 4
f -2654/-1184/-2219 -2655/-1185/-2218 -2664/-1174/-2218 -2665/-1173/-2219 
f -2655/-1185/-2218 -2653/-1183/-2217 -2663/-1172/-2217 -2664/-1174/-2218 
f -2653/-1183/-2217 -2652/-1182/-2216 -2662/-1171/-2216 -2663/-1172/-2217 
f -2652/-1180/-2216 -2651/-1181/-2215 -2661/-1170/-2215 -2662/-1169/-2216 
f -2651/-1181/-2215 -2650/-1179/-2214 -2660/-1168/-2214 -2661/-1170/-2215 
f -2650/-1179/-2214 -2649/-1178/-2213 -2659/-1167/-2213 -2660/-1168/-2214 
f -2649/-1178/-2213 -2648/-1177/-2212 -2658/-1166/-2212 -2659/-1167/-2213 
f -2648/-1177/-2212 -2647/-1176/-2211 -2657/-1165/-2211 -2658/-1166/-2212 
f -2647/-1176/-2211 -2646/-1175/-2210 -2656/-1164/-2210 -2657/-1165/-2211 
f -2646/-1175/-2210 -2654/-1184/-2219 -2665/-1173/-2219 -2656/-1164/-2210 
s 2
f -2644/-1163/-2209 -2642/-1162/-2209 -2632/-1161/-2209 -2645/-1160/-2209 
s off
f -2631/-1159/-2208 -2630/-1158/-2208 -2629/-1157/-2208 -2628/-1156/-2208 
f -2630/-1158/-2207 -2627/-1155/-2207 -2626/-1154/-2207 -2629/-1157/-2207 
f -2627/-1155/-2206 -2625/-1153/-2206 -2624/-1152/-2206 -2626/-1154/-2206 
f -2625/-1153/-2205 -2623/-1151/-2205 -2622/-1150/-2205 -2624/-1152/-2205 
f -2623/-1151/-2204 -2621/-1149/-2204 -2620/-1148/-2204 -2622/-1150/-2204 
f -2621/-1149/-2203 -2619/-1147/-2203 -2618/-1146/-2203 -2620/-1148/-2203 
f -2619/-1147/-2202 -2617/-1145/-2202 -2616/-1144/-2202 -2618/-1146/-2202 
f -2617/-1143/-2201 -2615/-1142/-2201 -2614/-1141/-2201 -2616/-1140/-2201 
f -2615/-1142/-2200 -2613/-1139/-2200 -2612/-1138/-2200 -2614/-1141/-2200 
f -2613/-1139/-2199 -2611/-1137/-2199 -2610/-1136/-2199 -2612/-1138/-2199 
f -2611/-1137/-2198 -2609/-1135/-2198 -2608/-1134/-2198 -2610/-1136/-2198 
f -2609/-1135/-2197 -2607/-1133/-2197 -2606/-1132/-2197 -2608/-1134/-2197 
f -2607/-1133/-2196 -2605/-1131/-2196 -2604/-1130/-2196 -2606/-1132/-2196 
f -2605/-1131/-2195 -2631/-1159/-2195 -2628/-1156/-2195 -2604/-1130/-2195 
s 4
f -2628/-1129/-2194 -2629/-1128/-2193 -2632/-1127/-2193 -2633/-1126/-2194 
f -2629/-1128/-2193 -2626/-1125/-2192 -2645/-1124/-2192 -2632/-1127/-2193 
f -2626/-1125/-2192 -2624/-1123/-2191 -2644/-1122/-2191 -2645/-1124/-2192 
f -2624/-1123/-2191 -2622/-1121/-2190 -2643/-1120/-2190 -2644/-1122/-2191 
f -2622/-1121/-2190 -2620/-1119/-2189 -2642/-1118/-2189 -2643/-1120/-2190 
f -2620/-1119/-2189 -2618/-1117/-2188 -2641/-1116/-2188 -2642/-1118/-2189 
f -2618/-1117/-2188 -2616/-1115/-2187 -2640/-1114/-2187 -2641/-1116/-2188 
f -2616/-1113/-2187 -2614/-1112/-2186 -2639/-1111/-2186 -2640/-1110/-2187 
f -2614/-1112/-2186 -2612/-1109/-2185 -2638/-1108/-2185 -2639/-1111/-2186 
f -2612/-1109/-2185 -2610/-1107/-2184 -2637/-1106/-2184 -2638/-1108/-2185 
f -2610/-1107/-2184 -2608/-1105/-2183 -2636/-1104/-2183 -2637/-1106/-2184 
f -2608/-1105/-2183 -2606/-1103/-2182 -2635/-1102/-2182 -2636/-1104/-2183 
f -2606/-1103/-2182 -2604/-1101/-2181 -2634/-1100/-2181 -2635/-1102/-2182 
f -2604/-1101/-2181 -2628/-1129/-2194 -2633/-1126/-2194 -2634/-1100/-2181 
s 8
f -2630/-1158/-2180 -2631/-1159/-2179 -2603/-1099/-2179 -2602/-1098/-2180 
f -2631/-1159/-2179 -2605/-1131/-2178 -2601/-1097/-2178 -2603/-1099/-2179 
f -2605/-1131/-2178 -2607/-1133/-2177 -2600/-1096/-2177 -2601/-1097/-2178 
f -2607/-1133/-2177 -2609/-1135/-2176 -2599/-1095/-2176 -2600/-1096/-2177 
f -2609/-1135/-2176 -2611/-1137/-2175 -2598/-1094/-2175 -2599/-1095/-2176 
f -2611/-1137/-2175 -2613/-1139/-2174 -2597/-1093/-2174 -2598/-1094/-2175 
f -2613/-1139/-2174 -2615/-1142/-2173 -2596/-1092/-2173 -2597/-1093/-2174 
f -2615/-1142/-2173 -2617/-1143/-2172 -2595/-1091/-2172 -2596/-1092/-2173 
f -2617/-1145/-2172 -2619/-1147/-2171 -2594/-1090/-2171 -2595/-1089/-2172 
f -2619/-1147/-2171 -2621/-1149/-2170 -2593/-1088/-2170 -2594/-1090/-2171 
f -2621/-1149/-2170 -2623/-1151/-2169 -2592/-1087/-2169 -2593/-1088/-2170 
f -2623/-1151/-2169 -2625/-1153/-2168 -2591/-1086/-2168 -2592/-1087/-2169 
f -2625/-1153/-2168 -2627/-1155/-2167 -2590/-1085/-2167 -2591/-1086/-2168 
f -2627/-1155/-2167 -2630/-1158/-2180 -2602/-1098/-2180 -2590/-1085/-2167 
s off
f -2587/-1084/-2166 -2586/-1083/-2166 -2589/-1082/-2166 -2588/-1081/-2166 
f -2584/-1080/-2165 -2583/-1079/-2165 -2582/-1078/-2165 -2585/-1077/-2165 
f -2579/-1076/-2164 -2578/-1075/-2164 -2581/-1074/-2164 -2580/-1073/-2164 
f -2581/-1074/-2163 -2575/-1072/-2163 -2577/-1071/-2163 -2576/-1070/-2163 
f -2572/-1069/-2162 -2578/-1075/-2162 -2574/-1068/-2162 -2573/-1067/-2162 
f -2571/-1066/-2161 -2579/-1076/-2161 -2570/-1065/-2161 
f -2580/-1073/-2161 -2569/-1064/-2161 -2568/-1063/-2161 
f -2567/-1062/-2160 -2566/-1061/-2160 -2565/-1060/-2160 
f -2568/-1063/-2159 -2569/-1064/-2159 -2564/-1059/-2159 -2563/-1058/-2159 
f -2569/-1064/-2158 -2580/-1073/-2158 -2581/-1074/-2158 -2576/-1070/-2158 
f -2578/-1075/-2157 -2579/-1076/-2157 -2571/-1066/-2157 -2574/-1068/-2157 
f -2560/-1057/-2156 -2559/-1056/-2156 -2562/-1055/-2156 -2561/-1054/-2156 
f -2557/-1053/-2155 -2556/-1052/-2155 -2555/-1051/-2155 -2558/-1050/-2155 
f -2561/-1054/-2154 -2562/-1055/-2154 -2554/-1049/-2154 -2553/-1048/-2154 
f -2561/-1054/-2153 -2552/-1047/-2153 -2560/-1057/-2153 
f -2559/-1056/-2154 -2551/-1046/-2154 -2562/-1055/-2154 
f -2554/-1049/-2152 -2550/-1045/-2152 -2557/-1053/-2152 
f -2549/-1044/-2152 -2553/-1048/-2152 -2558/-1050/-2152 
f -2557/-1053/-2151 -2550/-1045/-2151 -2548/-1043/-2151 -2556/-1052/-2151 
f -2547/-1042/-2150 -2555/-1051/-2150 -2546/-1041/-2150 
f -2549/-1044/-2154 -2561/-1054/-2154 -2553/-1048/-2154 
f -2562/-1055/-2154 -2550/-1045/-2154 -2554/-1049/-2154 
f -2545/-1040/-2149 -2544/-1039/-2149 -2589/-1082/-2149 -2586/-1083/-2149 
f -2557/-1038/-2148 -2558/-1037/-2148 -2568/-1063/-2148 -2570/-1065/-2148 
f -2543/-1036/-2147 -2542/-1035/-2147 -2585/-1077/-2147 -2582/-1078/-2147 
f -2553/-1034/-2146 -2554/-1033/-2146 -2579/-1076/-2146 -2580/-1073/-2146 
f -2577/-1032/-2145 -2541/-1031/-2145 -2561/-1030/-2145 -2576/-1029/-2145 
f -2575/-1072/-2144 -2540/-1028/-2144 -2541/-1027/-2144 -2577/-1071/-2144 
f -2573/-1026/-2143 -2574/-1025/-2143 -2562/-1024/-2143 -2539/-1023/-2143 
f -2573/-1067/-2142 -2539/-1022/-2142 -2538/-1021/-2142 -2572/-1069/-2142 
f -2554/-1020/-2141 -2557/-1019/-2141 -2570/-1018/-2141 -2579/-1017/-2141 
f -2558/-1016/-2140 -2553/-1015/-2140 -2580/-1014/-2140 -2568/-1013/-2140 
f -2567/-1012/-2139 -2548/-1011/-2139 -2550/-1010/-2139 -2571/-1009/-2139 
f -2537/-1008/-2138 -2548/-1007/-2138 -2567/-1062/-2138 -2565/-1060/-2138 
f -2547/-1006/-2138 -2546/-1005/-2138 -2536/-1004/-2138 -2564/-1059/-2138 
f -2533/-1003/-2137 -2532/-1002/-2137 -2535/-1001/-2137 -2534/-1000/-2137 
f -2529/-999/-2136 -2528/-998/-2136 -2531/-997/-2136 -2530/-996/-2136 
f -2569/-1064/-2135 -2576/-1070/-2135 -2534/-995/-2135 -2535/-994/-2135 
f -2576/-1070/-2134 -2561/-993/-2134 -2533/-992/-2134 -2534/-995/-2134 
f -2561/-1054/-2133 -2549/-1044/-2133 -2532/-991/-2133 -2533/-990/-2133 
f -2549/-989/-2132 -2569/-988/-2132 -2535/-1001/-2132 -2532/-1002/-2132 
f -2574/-1068/-2131 -2571/-1066/-2131 -2530/-987/-2131 -2531/-986/-2131 
f -2571/-1009/-2130 -2550/-1010/-2130 -2529/-999/-2130 -2530/-996/-2130 
f -2550/-1045/-2129 -2562/-1055/-2129 -2528/-985/-2129 -2529/-984/-2129 
f -2562/-983/-2128 -2574/-1068/-2128 -2531/-986/-2128 -2528/-982/-2128 
f -2575/-981/-2127 -2581/-980/-2127 -2588/-979/-2127 -2589/-978/-2127 
f -2581/-977/-2126 -2578/-976/-2126 -2587/-1084/-2126 -2588/-1081/-2126 
f -2578/-976/-2125 -2572/-975/-2125 -2586/-974/-2125 -2587/-1084/-2125 
f -2572/-975/-2124 -2538/-973/-2124 -2545/-972/-2124 -2586/-974/-2124 
f -2559/-971/-2123 -2560/-970/-2123 -2544/-1039/-2123 -2545/-1040/-2123 
f -2560/-970/-2122 -2540/-969/-2122 -2589/-978/-2122 -2544/-1039/-2122 
f -2570/-1065/-2121 -2568/-1063/-2121 -2563/-1058/-2121 -2566/-1061/-2121 
f -2567/-1062/-2120 -2571/-1066/-2120 -2570/-1065/-2120 -2566/-1061/-2120 
f -2564/-1059/-2160 -2536/-1004/-2160 -2563/-1058/-2160 
f -2542/-1035/-2119 -2543/-968/-2119 -2526/-967/-2119 -2527/-966/-2119 
f -2548/-1043/-2118 -2537/-965/-2118 -2556/-1052/-2118 
f -2547/-1042/-2117 -2549/-1044/-2117 -2558/-1050/-2117 -2555/-1051/-2117 
f -2569/-988/-2116 -2549/-989/-2116 -2547/-964/-2116 -2564/-963/-2116 
f -2565/-962/-2115 -2566/-961/-2115 -2584/-960/-2115 -2585/-1077/-2115 
f -2566/-959/-2114 -2563/-958/-2114 -2583/-1079/-2114 -2584/-1080/-2114 
f -2563/-957/-2113 -2536/-956/-2113 -2582/-1078/-2113 -2583/-955/-2113 
f -2536/-956/-3030 -2546/-954/-3030 -2543/-1036/-3030 -2582/-1078/-3030 
f -2546/-954/-2112 -2555/-953/-2112 -2526/-952/-2112 -2543/-1036/-2112 
f -2555/-951/-2111 -2556/-950/-2111 -2527/-966/-2111 -2526/-967/-2111 
f -2527/-966/-2110 -2556/-949/-2110 -2537/-948/-2110 -2542/-1035/-2110 
f -2537/-948/-2109 -2565/-962/-2109 -2585/-1077/-2109 -2542/-1035/-2109 
s 2
f -2525/-947/-2108 -2524/-946/-2108 -2523/-945/-2108 -2522/-944/-2108 
s 4
f -2521/-943/-2107 -2520/-942/-2107 -2519/-941/-2107 -2518/-940/-2107 
s 8
f -2525/-939/-2106 -2522/-938/-2106 -2520/-937/-2106 -2521/-936/-2106 
s 16
f -2522/-944/-2105 -2523/-945/-2105 -2519/-941/-2105 -2520/-942/-2105 
s 32
f -2523/-945/-2104 -2524/-946/-2104 -2518/-940/-2104 -2519/-941/-2104 
s 64
f -2524/-946/-2103 -2525/-947/-2103 -2521/-943/-2103 -2518/-940/-2103 
s 1
f -2515/-935/-2102 -2514/-934/-2102 -2517/-933/-2102 -2516/-932/-2102 
s 4
f -2512/-931/-2101 -2515/-930/-2101 -2516/-929/-2101 -2513/-928/-2101 
s 2
f -2510/-927/-2100 -2512/-931/-2100 -2513/-928/-2100 -2511/-926/-2100 
s 4
f -2508/-925/-2099 -2510/-927/-2099 -2511/-926/-2099 -2509/-924/-2099 
s 2
f -2506/-923/-2098 -2508/-925/-2098 -2509/-924/-2098 -2507/-922/-2098 
s 16
f -2517/-921/-2097 -2511/-920/-2097 -2513/-919/-2096 -2516/-918/-2096 
f -2510/-917/-2095 -2508/-916/-2094 -2506/-915/-2094 -2514/-914/-2095 
s 1
f -2503/-935/-2093 -2502/-932/-2093 -2505/-933/-2093 -2504/-934/-2093 
s 4
f -2501/-931/-2092 -2500/-928/-2092 -2502/-929/-2092 -2503/-930/-2092 
s 2
f -2499/-927/-2091 -2498/-926/-2091 -2500/-928/-2091 -2501/-931/-2091 
s 4
f -2497/-925/-2090 -2496/-924/-2090 -2498/-926/-2090 -2499/-927/-2090 
s 2
f -2495/-923/-2089 -2494/-922/-2089 -2496/-924/-2089 -2497/-925/-2089 
s 16
f -2498/-920/-2088 -2496/-913/-2087 -2494/-912/-2087 -2505/-921/-2088 
f -2504/-914/-2086 -2499/-917/-2086 -2501/-911/-2085 -2503/-910/-2085 
s off
f -2562/-1024/-2084 -2551/-909/-2084 -2539/-1023/-2084 
f -2551/-908/-2083 -2559/-907/-2083 -2538/-1021/-2083 -2539/-1022/-2083 
f -2541/-1031/-2082 -2552/-906/-2082 -2561/-1030/-2082 
f -2560/-905/-2081 -2552/-904/-2081 -2541/-1027/-2081 -2540/-1028/-2081 
s 1
f -2491/-903/-2080 -2490/-902/-2080 -2493/-901/-2080 -2492/-900/-2080 
s 4
f -2488/-899/-2079 -2491/-903/-2079 -2492/-900/-2079 -2489/-898/-2079 
s 2
f -2486/-897/-2078 -2488/-899/-2078 -2489/-898/-2078 -2487/-896/-2078 
s 4
f -2484/-895/-2077 -2486/-897/-2077 -2487/-896/-2077 -2485/-894/-2077 
s 16
f -2487/-893/-3030 -2489/-892/-3030 -2493/-901/-3030 -2485/-891/-3030 
f -2490/-902/-2076 -2491/-903/-2076 -2488/-890/-2076 -2486/-889/-2076 
s 8
f -2483/-888/-2075 -2482/-887/-2074 -2481/-886/-2074 -2480/-885/-2075 
f -2482/-887/-2074 -2479/-884/-2073 -2478/-883/-2073 -2481/-886/-2074 
f -2479/-884/-2073 -2477/-882/-2072 -2476/-881/-2072 -2478/-883/-2073 
f -2477/-882/-2072 -2475/-880/-2071 -2474/-879/-2071 -2476/-881/-2072 
f -2475/-880/-2071 -2473/-878/-2070 -2472/-877/-2070 -2474/-879/-2071 
f -2473/-878/-2070 -2471/-876/-2069 -2470/-875/-2069 -2472/-877/-2070 
f -2471/-876/-2069 -2469/-874/-2068 -2468/-873/-2068 -2470/-875/-2069 
f -2469/-874/-2068 -2467/-872/-2067 -2466/-871/-2067 -2468/-873/-2068 
f -2467/-870/-2067 -2465/-869/-2066 -2464/-868/-2066 -2466/-867/-2067 
f -2465/-869/-2066 -2463/-866/-2065 -2462/-865/-2065 -2464/-868/-2066 
f -2463/-866/-2065 -2461/-864/-2064 -2460/-863/-2064 -2462/-865/-2065 
f -2461/-864/-2064 -2483/-888/-2075 -2480/-885/-2075 -2460/-863/-2064 
s 1
f -2458/-862/-2063 -2456/-861/-2062 -2448/-860/-2061 -2459/-859/-2061 
s 2
f -2480/-858/-2060 -2481/-857/-2059 -2458/-862/-2059 -2459/-859/-2060 
f -2481/-857/-2059 -2478/-856/-2058 -2457/-855/-2058 -2458/-862/-2059 
f -2478/-856/-2058 -2476/-854/-2057 -2456/-861/-2057 -2457/-855/-2058 
f -2476/-854/-2057 -2474/-853/-2056 -2455/-852/-2056 -2456/-861/-2057 
f -2474/-853/-2056 -2472/-851/-2055 -2454/-850/-2055 -2455/-852/-2056 
f -2472/-851/-2055 -2470/-849/-2054 -2453/-848/-2054 -2454/-850/-2055 
f -2470/-849/-2054 -2468/-847/-2053 -2452/-846/-2053 -2453/-848/-2054 
f -2468/-847/-2053 -2466/-845/-2052 -2451/-844/-2052 -2452/-846/-2053 
f -2466/-845/-2052 -2464/-843/-2051 -2450/-842/-2051 -2451/-844/-2052 
f -2464/-843/-2051 -2462/-841/-2050 -2449/-840/-2050 -2450/-842/-2051 
f -2462/-841/-2050 -2460/-839/-2049 -2448/-860/-2049 -2449/-840/-2050 
f -2460/-839/-2049 -2480/-858/-2060 -2459/-859/-2060 -2448/-860/-2049 
s 1
f -2445/-838/-2967 -2444/-837/-2967 -2447/-836/-2967 -2446/-835/-2967 
s 4
f -2442/-834/-2048 -2445/-838/-2048 -2446/-835/-2048 -2443/-833/-2048 
s 2
f -2440/-832/-2124 -2442/-834/-2124 -2443/-833/-2124 -2441/-831/-2124 
s 4
f -2438/-830/-2047 -2440/-832/-2047 -2441/-831/-2047 -2439/-829/-2047 
s 2
f -2436/-828/-2555 -2438/-830/-2555 -2439/-829/-2555 -2437/-827/-2555 
s 16
f -2437/-826/-2209 -2443/-825/-2209 -2446/-835/-2209 -2447/-836/-2209 
f -2442/-824/-2046 -2440/-823/-2046 -2438/-822/-2046 -2436/-821/-2046 
s 1
f -2433/-838/-2967 -2432/-837/-2967 -2435/-836/-2967 -2434/-835/-2967 
s 4
f -2430/-834/-2045 -2433/-838/-2045 -2434/-835/-2045 -2431/-833/-2045 
s 2
f -2428/-832/-2124 -2430/-834/-2124 -2431/-833/-2124 -2429/-831/-2124 
s 4
f -2426/-830/-2047 -2428/-832/-2047 -2429/-831/-2047 -2427/-829/-2047 
s 2
f -2424/-828/-2555 -2426/-830/-2555 -2427/-829/-2555 -2425/-827/-2555 
s 16
f -2425/-826/-2209 -2431/-825/-2209 -2434/-835/-2209 -2435/-836/-2209 
f -2430/-824/-2046 -2428/-823/-2046 -2426/-822/-2046 -2424/-821/-2046 
s 1
f -2421/-838/-2967 -2420/-837/-2967 -2423/-836/-2967 -2422/-835/-2967 
s 4
f -2418/-834/-2048 -2421/-838/-2048 -2422/-835/-2048 -2419/-833/-2048 
s 2
f -2416/-832/-2124 -2418/-834/-2124 -2419/-833/-2124 -2417/-831/-2124 
s 4
f -2414/-830/-2047 -2416/-832/-2047 -2417/-831/-2047 -2415/-829/-2047 
s 2
f -2412/-828/-2555 -2414/-830/-2555 -2415/-829/-2555 -2413/-827/-2555 
s 16
f -2413/-826/-2209 -2419/-825/-2209 -2422/-835/-2209 -2423/-836/-2209 
f -2418/-824/-2044 -2416/-823/-2043 -2414/-822/-2043 -2412/-821/-2044 
s 1
f -2409/-838/-2967 -2408/-837/-2967 -2411/-836/-2967 -2410/-835/-2967 
s 4
f -2406/-834/-2048 -2409/-838/-2048 -2410/-835/-2048 -2407/-833/-2048 
s 2
f -2404/-832/-2124 -2406/-834/-2124 -2407/-833/-2124 -2405/-831/-2124 
s 4
f -2402/-830/-2047 -2404/-832/-2047 -2405/-831/-2047 -2403/-829/-2047 
s 2
f -2400/-828/-2555 -2402/-830/-2555 -2403/-829/-2555 -2401/-827/-2555 
s 16
f -2401/-826/-2209 -2407/-825/-2209 -2410/-835/-2209 -2411/-836/-2209 
f -2406/-824/-2046 -2404/-823/-2046 -2402/-822/-2046 -2400/-821/-2046 
s 1
f -2397/-838/-2967 -2396/-837/-2967 -2399/-836/-2967 -2398/-835/-2967 
s 4
f -2394/-834/-2048 -2397/-838/-2048 -2398/-835/-2048 -2395/-833/-2048 
s 2
f -2392/-832/-2124 -2394/-834/-2124 -2395/-833/-2124 -2393/-831/-2124 
s 4
f -2390/-830/-2047 -2392/-832/-2047 -2393/-831/-2047 -2391/-829/-2047 
s 2
f -2388/-828/-2555 -2390/-830/-2555 -2391/-829/-2555 -2389/-827/-2555 
s 16
f -2389/-826/-2209 -2395/-825/-2209 -2398/-835/-2209 -2399/-836/-2209 
f -2394/-824/-2046 -2392/-823/-2046 -2390/-822/-2046 -2388/-821/-2046 
s 1
f -2385/-838/-2967 -2384/-837/-2967 -2387/-836/-2967 -2386/-835/-2967 
s 4
f -2382/-834/-2048 -2385/-838/-2048 -2386/-835/-2048 -2383/-833/-2048 
s 2
f -2380/-832/-2124 -2382/-834/-2124 -2383/-833/-2124 -2381/-831/-2124 
s 4
f -2378/-830/-2047 -2380/-832/-2047 -2381/-831/-2047 -2379/-829/-2047 
s 2
f -2376/-828/-2555 -2378/-830/-2555 -2379/-829/-2555 -2377/-827/-2555 
s 16
f -2377/-826/-2209 -2383/-825/-2209 -2386/-835/-2209 -2387/-836/-2209 
f -2382/-824/-2046 -2380/-823/-2046 -2378/-822/-2046 -2376/-821/-2046 
s 8
f -2375/-820/-2042 -2374/-819/-2042 -2373/-818/-2041 -2372/-817/-2041 
f -2372/-817/-2041 -2373/-818/-2041 -2371/-816/-2040 -2370/-815/-2040 
f -2370/-815/-2040 -2371/-816/-2040 -2369/-814/-2039 -2368/-813/-2039 
f -2368/-812/-2039 -2369/-811/-2039 -2367/-810/-2038 -2366/-809/-2038 
f -2366/-809/-2038 -2367/-810/-2038 -2365/-808/-2037 -2364/-807/-2037 
f -2364/-807/-2037 -2365/-808/-2037 -2363/-806/-2036 -2362/-805/-2036 
f -2362/-805/-2036 -2363/-806/-2036 -2361/-804/-2035 -2360/-803/-2035 
f -2360/-803/-2035 -2361/-804/-2035 -2359/-802/-2034 -2358/-801/-2034 
f -2358/-801/-2034 -2359/-802/-2034 -2357/-800/-2033 -2356/-799/-2033 
f -2356/-799/-2033 -2357/-800/-2033 -2355/-798/-2032 -2354/-797/-2032 
f -2354/-797/-2032 -2355/-798/-2032 -2353/-796/-2031 -2352/-795/-2031 
f -2352/-795/-2031 -2353/-796/-2031 -2374/-819/-2042 -2375/-820/-2042 
s 2
f -2350/-794/-2030 -2349/-793/-2029 -2348/-792/-2028 -2351/-791/-2027 
s 4
f -2374/-819/-2026 -2347/-790/-2026 -2346/-789/-2025 -2373/-818/-2025 
f -2373/-818/-2025 -2346/-789/-2025 -2345/-788/-2024 -2371/-816/-2024 
f -2371/-816/-2024 -2345/-788/-2024 -2344/-787/-2023 -2369/-814/-2023 
f -2369/-811/-2023 -2344/-786/-2023 -2343/-785/-2022 -2367/-810/-2022 
f -2367/-810/-2022 -2343/-785/-2022 -2342/-784/-2021 -2365/-808/-2021 
f -2365/-808/-2021 -2342/-784/-2021 -2341/-783/-2020 -2363/-806/-2020 
f -2363/-806/-2020 -2341/-783/-2020 -2340/-782/-2019 -2361/-804/-2019 
f -2361/-804/-2019 -2340/-782/-2019 -2339/-781/-2018 -2359/-802/-2018 
f -2359/-802/-2018 -2339/-781/-2018 -2338/-780/-2017 -2357/-800/-2017 
f -2357/-800/-2017 -2338/-780/-2017 -2337/-779/-2016 -2355/-798/-2016 
f -2355/-798/-2016 -2337/-779/-2016 -2336/-778/-2015 -2353/-796/-2015 
f -2353/-796/-2015 -2336/-778/-2015 -2347/-790/-2026 -2374/-819/-2026 
s 2
f -2332/-777/-2014 -2335/-776/-2014 -2334/-775/-2013 -2333/-774/-2013 
f -2330/-773/-2012 -2331/-772/-2012 -2335/-776/-2014 -2332/-777/-2014 
f -2328/-771/-2011 -2329/-770/-2011 -2331/-772/-2012 -2330/-773/-2012 
f -2326/-769/-2010 -2327/-768/-2010 -2329/-767/-2011 -2328/-766/-2011 
f -2324/-765/-2009 -2325/-764/-2009 -2327/-768/-2010 -2326/-769/-2010 
f -2322/-763/-2008 -2323/-762/-2008 -2325/-764/-2009 -2324/-765/-2009 
f -2320/-761/-2007 -2321/-760/-2007 -2323/-762/-2008 -2322/-763/-2008 
f -2318/-759/-2006 -2319/-758/-2006 -2321/-760/-2007 -2320/-761/-2007 
f -2316/-757/-2005 -2317/-756/-2005 -2319/-758/-2006 -2318/-759/-2006 
f -2314/-755/-2004 -2315/-754/-2004 -2317/-756/-2005 -2316/-757/-2005 
f -2312/-753/-2003 -2313/-752/-2003 -2315/-754/-2004 -2314/-755/-2004 
f -2333/-774/-2013 -2334/-775/-2013 -2313/-752/-2003 -2312/-753/-2003 
s off
f -2311/-751/-2002 -2310/-750/-2002 -2309/-749/-2002 -2308/-748/-2002 
f -2308/-748/-2001 -2309/-749/-2001 -2307/-747/-2001 -2306/-746/-2001 
f -2306/-746/-2000 -2307/-747/-2000 -2305/-745/-2000 -2304/-744/-2000 
f -2304/-744/-1999 -2305/-745/-1999 -2303/-743/-1999 -2302/-742/-1999 
f -2302/-741/-1998 -2303/-740/-1998 -2301/-739/-1998 -2300/-738/-1998 
f -2300/-738/-1997 -2301/-739/-1997 -2299/-737/-1997 -2298/-736/-1997 
f -2298/-736/-1996 -2299/-737/-1996 -2297/-735/-1996 -2296/-734/-1996 
f -2296/-734/-1995 -2297/-735/-1995 -2295/-733/-1995 -2294/-732/-1995 
f -2294/-732/-1994 -2295/-733/-1994 -2293/-731/-1994 -2292/-730/-1994 
f -2292/-730/-1999 -2293/-731/-1999 -2291/-729/-1999 -2290/-728/-1999 
f -2290/-728/-1993 -2291/-729/-1993 -2289/-727/-1993 -2288/-726/-1993 
f -2288/-726/-1992 -2289/-727/-1992 -2310/-750/-1992 -2311/-751/-1992 
s 1
f -2310/-725/-1991 -2351/-724/-1991 -2348/-723/-1990 -2309/-722/-1990 
f -2309/-721/-1990 -2348/-720/-1990 -2287/-719/-1989 -2307/-718/-1989 
f -2307/-718/-1989 -2287/-719/-1989 -2349/-717/-1988 -2305/-716/-1988 
f -2305/-716/-1988 -2349/-717/-1988 -2286/-715/-1987 -2303/-714/-1987 
f -2303/-714/-1987 -2286/-715/-1987 -2285/-713/-1986 -2301/-712/-1986 
f -2301/-712/-1986 -2285/-713/-1986 -2284/-711/-1985 -2299/-710/-1985 
f -2299/-710/-1985 -2284/-711/-1985 -2283/-709/-1984 -2297/-708/-1984 
f -2297/-708/-1984 -2283/-709/-1984 -2282/-707/-1983 -2295/-706/-1983 
f -2295/-706/-1983 -2282/-707/-1983 -2281/-705/-1982 -2293/-704/-1982 
f -2293/-704/-1982 -2281/-705/-1982 -2280/-703/-1981 -2291/-702/-1981 
f -2291/-702/-1981 -2280/-703/-1981 -2350/-701/-1980 -2289/-700/-1980 
f -2289/-700/-1980 -2350/-701/-1980 -2351/-724/-1991 -2310/-725/-1991 
s 8
f -2308/-748/-1979 -2279/-699/-1979 -2278/-698/-1978 -2311/-751/-1978 
f -2347/-790/-1977 -2277/-697/-1977 -2276/-696/-1976 -2346/-789/-1976 
f -2306/-746/-1975 -2275/-695/-1975 -2279/-699/-1979 -2308/-748/-1979 
f -2346/-789/-1976 -2276/-696/-1976 -2274/-694/-1975 -2345/-788/-1975 
f -2304/-744/-1974 -2273/-693/-1974 -2275/-695/-1975 -2306/-746/-1975 
f -2345/-788/-1975 -2274/-694/-1975 -2272/-692/-2011 -2344/-787/-2011 
f -2302/-742/-1973 -2271/-691/-1973 -2273/-693/-1974 -2304/-744/-1974 
f -2344/-786/-2011 -2272/-690/-2011 -2270/-689/-1972 -2343/-785/-1972 
f -2300/-738/-1971 -2269/-688/-1971 -2271/-687/-1973 -2302/-741/-1973 
f -2343/-785/-1972 -2270/-689/-1972 -2268/-686/-1970 -2342/-784/-1970 
f -2298/-736/-1969 -2267/-685/-1969 -2269/-688/-1971 -2300/-738/-1971 
f -2342/-784/-1970 -2268/-686/-1970 -2266/-684/-1968 -2341/-783/-1968 
f -2296/-734/-1967 -2265/-683/-1967 -2267/-685/-1969 -2298/-736/-1969 
f -2341/-783/-1968 -2266/-684/-1968 -2264/-682/-1966 -2340/-782/-1966 
f -2294/-732/-1965 -2263/-681/-1965 -2265/-683/-1967 -2296/-734/-1967 
f -2340/-782/-1966 -2264/-682/-1966 -2262/-680/-1964 -2339/-781/-1964 
f -2292/-730/-1963 -2261/-679/-1963 -2263/-681/-1965 -2294/-732/-1965 
f -2339/-781/-1964 -2262/-680/-1964 -2260/-678/-1962 -2338/-780/-1962 
f -2290/-728/-1961 -2259/-677/-1961 -2261/-679/-1963 -2292/-730/-1963 
f -2338/-780/-1962 -2260/-678/-1962 -2258/-676/-1960 -2337/-779/-1960 
f -2288/-726/-1959 -2257/-675/-1959 -2259/-677/-1961 -2290/-728/-1961 
f -2337/-779/-1960 -2258/-676/-1960 -2256/-674/-1958 -2336/-778/-1958 
f -2311/-751/-1978 -2278/-698/-1978 -2257/-675/-1959 -2288/-726/-1959 
f -2336/-778/-1958 -2256/-674/-1958 -2277/-697/-1977 -2347/-790/-1977 
s 1
f -2279/-699/-1957 -2332/-777/-1957 -2333/-774/-1956 -2278/-698/-1956 
f -2278/-698/-1956 -2333/-774/-1956 -2312/-753/-1955 -2257/-675/-1955 
f -2257/-675/-1955 -2312/-753/-1955 -2314/-755/-1954 -2259/-677/-1954 
f -2259/-677/-1954 -2314/-755/-1954 -2316/-757/-1953 -2261/-679/-1953 
f -2261/-679/-1953 -2316/-757/-1953 -2318/-759/-1952 -2263/-681/-1952 
f -2263/-681/-1952 -2318/-759/-1952 -2320/-761/-1951 -2265/-683/-1951 
f -2265/-683/-1951 -2320/-761/-1951 -2322/-763/-1950 -2267/-685/-1950 
f -2267/-685/-1950 -2322/-763/-1950 -2324/-765/-1949 -2269/-688/-1949 
f -2269/-688/-1949 -2324/-765/-1949 -2326/-769/-1948 -2271/-687/-1948 
f -2271/-687/-1948 -2326/-769/-1948 -2328/-766/-1947 -2273/-673/-1947 
f -2273/-693/-1947 -2328/-771/-1947 -2330/-773/-1946 -2275/-695/-1946 
f -2275/-695/-1946 -2330/-773/-1946 -2332/-777/-1957 -2279/-699/-1957 
f -2277/-697/-1945 -2334/-775/-1945 -2335/-776/-1944 -2276/-696/-1944 
f -2276/-696/-1944 -2335/-776/-1944 -2331/-772/-1943 -2274/-694/-1943 
f -2274/-694/-1943 -2331/-772/-1943 -2329/-770/-1942 -2272/-692/-1942 
f -2272/-690/-1942 -2329/-767/-1942 -2327/-768/-1941 -2270/-689/-1941 
f -2270/-689/-1941 -2327/-768/-1941 -2325/-764/-1940 -2268/-686/-1940 
f -2268/-686/-1940 -2325/-764/-1940 -2323/-762/-1939 -2266/-684/-1939 
f -2266/-684/-1939 -2323/-762/-1939 -2321/-760/-1938 -2264/-682/-1938 
f -2264/-682/-1938 -2321/-760/-1938 -2319/-758/-1937 -2262/-680/-1937 
f -2262/-680/-1937 -2319/-758/-1937 -2317/-756/-1936 -2260/-678/-1936 
f -2260/-678/-1936 -2317/-756/-1936 -2315/-754/-1935 -2258/-676/-1935 
f -2258/-676/-1935 -2315/-754/-1935 -2313/-752/-1934 -2256/-674/-1934 
f -2256/-674/-1934 -2313/-752/-1934 -2334/-775/-1945 -2277/-697/-1945 
f -2252/-672/-1933 -2255/-671/-1932 -2254/-670/-1932 -2253/-669/-1933 
s 4
f -2250/-668/-1931 -2251/-667/-1931 -2255/-671/-1931 -2252/-672/-1931 
s 2
f -2248/-666/-1930 -2249/-665/-1930 -2251/-667/-1930 -2250/-668/-1930 
s 4
f -2246/-664/-1929 -2247/-663/-1929 -2249/-665/-1929 -2248/-666/-1929 
s 16
f -2244/-662/-1928 -2245/-661/-1928 -2247/-663/-1928 -2246/-664/-1928 
s 8
f -2240/-660/-1927 -2243/-659/-1927 -2242/-658/-1926 -2241/-657/-1926 
f -2238/-656/-1925 -2239/-655/-1925 -2243/-659/-1927 -2240/-660/-1927 
f -2236/-654/-1924 -2237/-653/-1924 -2239/-655/-1925 -2238/-656/-1925 
f -2234/-652/-1923 -2235/-651/-1923 -2237/-653/-1924 -2236/-654/-1924 
s 512
f -2249/-650/-1922 -2247/-649/-1921 -2233/-648/-1921 -2255/-647/-1922 
f -2252/-646/-2030 -2232/-645/-1920 -2248/-644/-2030 -2250/-643/-2030 
s 1
f -2252/-672/-1933 -2253/-669/-1933 -2232/-642/-1919 
f -2254/-670/-1932 -2255/-671/-1932 -2233/-641/-1918 
s 8
f -2231/-640/-1917 -2230/-639/-1917 -2229/-638/-1917 
f -2245/-661/-1916 -2228/-637/-1916 -2227/-636/-1916 
f -2244/-662/-1917 -2230/-639/-1917 -2228/-637/-1916 -2245/-661/-1916 
f -2229/-638/-1917 -2230/-639/-1917 -2244/-662/-1917 
f -2227/-636/-1916 -2228/-637/-1916 -2224/-635/-1916 
s off
f -2254/-670/-1915 -2235/-634/-1915 -2234/-633/-1915 -2253/-669/-1915 
f -2253/-632/-1914 -2234/-631/-1914 -2236/-630/-1914 -2221/-629/-1914 
f -2221/-629/-1913 -2236/-630/-1913 -2238/-628/-1913 -2226/-627/-1913 
f -2226/-627/-1912 -2238/-628/-1912 -2240/-626/-1912 -2231/-625/-1912 
f -2231/-625/-1911 -2240/-626/-1911 -2241/-624/-1911 -2230/-623/-1911 
f -2230/-639/-1910 -2241/-622/-1910 -2242/-621/-1910 -2228/-637/-1910 
f -2228/-620/-1909 -2242/-619/-1909 -2243/-618/-1909 -2224/-617/-1909 
f -2224/-617/-1908 -2243/-618/-1908 -2239/-616/-1908 -2223/-615/-1908 
f -2223/-615/-1907 -2239/-616/-1907 -2237/-614/-1907 -2219/-613/-1907 
f -2219/-613/-1906 -2237/-614/-1906 -2235/-612/-1906 -2254/-611/-1906 
s 2
f -2350/-794/-2030 -2280/-610/-1907 -2281/-609/-1905 
f -2281/-609/-1905 -2282/-608/-1908 -2283/-607/-1904 -2350/-794/-2030 
f -2283/-607/-1904 -2284/-606/-1903 -2285/-605/-1902 
f -2285/-605/-1902 -2286/-604/-1901 -2349/-793/-2029 -2283/-607/-1904 
f -2350/-794/-2030 -2283/-607/-1904 -2349/-793/-2029 
f -2349/-793/-2029 -2287/-603/-1994 -2348/-792/-2028 
s 512
f -2227/-602/-1921 -2222/-601/-1921 -2218/-600/-1921 -2233/-648/-1921 
f -2245/-599/-1921 -2227/-602/-1921 -2233/-648/-1921 -2247/-649/-1921 
f -2255/-647/-1922 -2251/-598/-1900 -2249/-650/-1922 
f -2220/-597/-1899 -2225/-596/-1899 -2229/-595/-1898 -2232/-645/-1920 
f -2232/-645/-1920 -2229/-595/-1898 -2244/-594/-1897 -2246/-593/-1896 
f -2232/-645/-1920 -2246/-593/-1896 -2248/-644/-2030 
s 2
f -2214/-592/-2555 -2217/-591/-2555 -2216/-590/-2555 -2215/-589/-2555 
s 4
f -2210/-588/-2967 -2213/-587/-2967 -2212/-586/-2967 -2211/-585/-2967 
s 4194304
f -2209/-584/-1895 -2207/-583/-1894 -2205/-582/-1893 -2204/-581/-1892 
s 16
f -2200/-580/-1891 -2203/-579/-1890 -2202/-578/-1890 -2201/-577/-1891 
s 4194304
f -2198/-576/-2046 -2212/-575/-2046 -2196/-574/-2046 -2199/-573/-2046 
s 2
f -2214/-592/-2555 -2215/-589/-2555 -2196/-572/-2555 
s 4
f -2211/-585/-2967 -2212/-586/-2967 -2197/-571/-2967 
s 16
f -2199/-573/-1889 -2200/-580/-1891 -2201/-577/-1891 -2198/-576/-1889 
s 128
f -2196/-570/-1888 -2215/-589/-1888 -2200/-580/-1888 -2199/-573/-1888 
s 512
f -2210/-588/-1887 -2211/-585/-1887 -2201/-577/-1887 -2202/-578/-1887 
f -2215/-589/-1886 -2216/-590/-1886 -2203/-579/-1886 -2200/-580/-1886 
s 128
f -2211/-585/-1885 -2197/-569/-1885 -2198/-576/-1885 -2201/-577/-1885 
s 4194304
f -2217/-568/-1884 -2195/-567/-1884 -2194/-566/-1883 -2216/-565/-1883 
f -2216/-565/-1883 -2194/-566/-1883 -2193/-564/-1882 -2203/-563/-1882 
f -2203/-563/-1882 -2193/-564/-1882 -2192/-562/-1881 -2202/-561/-1881 
f -2202/-561/-1881 -2192/-562/-1881 -2191/-560/-1880 -2210/-559/-1880 
f -2210/-559/-1880 -2191/-560/-1880 -2190/-558/-1879 -2213/-557/-1879 
s off
f -2195/-567/-1878 -2209/-556/-1878 -2204/-555/-1878 -2194/-566/-1878 
f -2194/-566/-1877 -2204/-555/-1877 -2205/-554/-1877 -2193/-564/-1877 
f -2193/-564/-1876 -2205/-554/-1876 -2206/-553/-1876 -2192/-562/-1876 
f -2192/-562/-1875 -2206/-553/-1875 -2207/-552/-1875 -2191/-560/-1875 
f -2191/-560/-1874 -2207/-552/-1874 -2208/-551/-1874 -2190/-558/-1874 
s 1
f -2187/-550/-1873 -2186/-549/-1873 -2189/-548/-1873 -2188/-547/-1873 
s 4
f -2184/-546/-1872 -2187/-550/-1872 -2188/-547/-1872 -2185/-545/-1872 
s 2
f -2182/-544/-1871 -2184/-546/-1871 -2185/-545/-1871 -2183/-543/-1871 
s 4
f -2180/-542/-1870 -2182/-544/-1870 -2183/-543/-1870 -2181/-541/-1870 
s 2
f -2178/-540/-1869 -2180/-542/-1869 -2181/-541/-1869 -2179/-539/-1869 
s 4
f -2176/-538/-1868 -2178/-540/-1868 -2179/-539/-1868 -2177/-537/-1868 
s 16
f -2177/-537/-2555 -2185/-536/-2555 -2188/-535/-2555 -2189/-534/-2555 
f -2184/-533/-2967 -2180/-532/-2967 -2178/-540/-2967 -2176/-538/-2967 
s 8
f -2175/-531/-1867 -2174/-530/-1867 -2173/-529/-1866 -2172/-528/-1866 
f -2172/-528/-1866 -2173/-529/-1866 -2171/-527/-1865 -2170/-526/-1865 
f -2170/-526/-1865 -2171/-527/-1865 -2169/-525/-1864 -2168/-524/-1864 
f -2168/-524/-1864 -2169/-525/-1864 -2167/-523/-1863 -2166/-522/-1863 
f -2166/-522/-1863 -2167/-523/-1863 -2165/-521/-1862 -2164/-520/-1862 
f -2164/-520/-1862 -2165/-521/-1862 -2163/-519/-1861 -2162/-518/-1861 
f -2162/-518/-1861 -2163/-519/-1861 -2161/-517/-1860 -2160/-516/-1860 
f -2160/-516/-1860 -2161/-517/-1860 -2174/-530/-1867 -2175/-531/-1867 
s 1
f -2169/-525/-1859 -2171/-527/-1859 -2173/-529/-1858 -2167/-523/-1858 
f -2161/-517/-1857 -2163/-519/-1857 -2165/-521/-1856 -2174/-530/-1856 
f -2167/-523/-1858 -2173/-529/-1858 -2174/-530/-1856 -2165/-521/-1856 
s 8
f -2159/-515/-1855 -2156/-514/-1855 -2157/-513/-1854 -2158/-512/-1854 
f -2158/-512/-1854 -2157/-513/-1854 -2154/-511/-1853 -2155/-510/-1853 
f -2155/-510/-1853 -2154/-511/-1853 -2152/-509/-1852 -2153/-508/-1852 
f -2153/-508/-1852 -2152/-509/-1852 -2150/-507/-1851 -2151/-506/-1851 
f -2151/-506/-1851 -2150/-507/-1851 -2148/-505/-1850 -2149/-504/-1850 
f -2149/-504/-1850 -2148/-505/-1850 -2146/-503/-1849 -2147/-502/-1849 
f -2147/-502/-1849 -2146/-503/-1849 -2144/-501/-1848 -2145/-500/-1848 
f -2145/-500/-1848 -2144/-501/-1848 -2142/-499/-1847 -2143/-498/-1847 
f -2143/-498/-1847 -2142/-499/-1847 -2140/-497/-1846 -2141/-496/-1846 
f -2141/-495/-1846 -2140/-494/-1846 -2138/-493/-1845 -2139/-492/-1845 
f -2139/-492/-1845 -2138/-493/-1845 -2136/-491/-1844 -2137/-490/-1844 
f -2137/-490/-1844 -2136/-491/-1844 -2156/-514/-1855 -2159/-515/-1855 
s 1
f -2136/-489/-2209 -2152/-488/-2209 -2157/-487/-2209 -2156/-486/-2209 
f -2133/-485/-1843 -2132/-484/-1843 -2135/-483/-1843 -2134/-482/-1843 
s 4
f -2130/-481/-1842 -2133/-485/-1842 -2134/-482/-1842 -2131/-480/-1842 
s 2
f -2128/-479/-1841 -2130/-481/-1841 -2131/-480/-1841 -2129/-478/-1841 
s 4
f -2126/-477/-1840 -2128/-479/-1840 -2129/-478/-1840 -2127/-476/-1840 
s 16
f -2127/-475/-1839 -2131/-480/-1839 -2134/-482/-1838 -2135/-474/-1838 
f -2126/-473/-1837 -2133/-485/-1837 -2130/-481/-1836 -2128/-472/-1836 
f -2123/-471/-1835 -2122/-470/-1835 -2125/-469/-1834 -2124/-468/-1833 
f -2120/-467/-1832 -2119/-466/-1832 -2122/-470/-1835 -2121/-465/-1833 
f -2125/-469/-1834 -2122/-470/-1835 -2118/-464/-1831 
f -2122/-470/-1835 -2123/-471/-1835 -2121/-465/-1833 
s 1
f -2116/-463/-1830 -2119/-462/-1830 -2120/-461/-1830 -2117/-460/-1830 
s 4
f -2117/-460/-1829 -2120/-461/-1829 -2121/-459/-1829 -2115/-458/-1829 
s 2
f -2115/-458/-1828 -2121/-459/-1828 -2123/-471/-1828 -2114/-457/-1828 
s 4
f -2114/-457/-1827 -2123/-471/-1827 -2124/-468/-1827 -2113/-456/-1827 
s 2
f -2113/-456/-1826 -2124/-468/-1826 -2125/-455/-1826 -2112/-454/-1826 
s 4
f -2112/-454/-1825 -2125/-455/-1825 -2118/-453/-1825 -2111/-452/-1825 
s 2
f -2111/-452/-1824 -2118/-453/-1824 -2122/-451/-1824 -2110/-450/-1824 
s 16
f -2114/-457/-1823 -2113/-456/-1822 -2112/-449/-1821 -2110/-448/-1820 
f -2117/-447/-1821 -2115/-446/-1820 -2110/-448/-1820 -2116/-445/-1821 
f -2112/-449/-1821 -2111/-444/-1819 -2110/-448/-1820 
f -2110/-448/-1820 -2115/-446/-1820 -2114/-457/-1823 
f -2107/-471/-1835 -2106/-470/-1818 -2109/-469/-1818 -2108/-468/-1833 
f -2104/-467/-1832 -2103/-466/-1832 -2106/-470/-1818 -2105/-465/-1833 
f -2109/-469/-1818 -2106/-470/-1818 -2102/-464/-1817 
f -2106/-470/-1818 -2107/-471/-1835 -2105/-465/-1833 
s 1
f -2100/-463/-1830 -2103/-462/-1830 -2104/-461/-1830 -2101/-460/-1830 
s 4
f -2101/-460/-1829 -2104/-461/-1829 -2105/-459/-1829 -2099/-458/-1829 
s 2
f -2099/-458/-1816 -2105/-459/-1816 -2107/-471/-1816 -2098/-457/-1816 
s 4
f -2098/-457/-1827 -2107/-471/-1827 -2108/-468/-1827 -2097/-456/-1827 
s 2
f -2097/-456/-1826 -2108/-468/-1826 -2109/-455/-1826 -2096/-454/-1826 
s 4
f -2096/-454/-1825 -2109/-455/-1825 -2102/-453/-1825 -2095/-452/-1825 
s 2
f -2095/-452/-1815 -2102/-453/-1815 -2106/-451/-1815 -2094/-450/-1815 
s 16
f -2098/-457/-1823 -2097/-456/-1822 -2096/-449/-1821 -2094/-448/-1820 
f -2101/-447/-1814 -2099/-446/-1820 -2094/-448/-1820 -2100/-445/-1814 
f -2096/-449/-1821 -2095/-444/-1813 -2094/-448/-1820 
f -2094/-448/-1820 -2099/-446/-1820 -2098/-457/-1823 
f -2091/-443/-1812 -2090/-442/-1812 -2093/-441/-1811 -2092/-440/-1811 
f -2087/-439/-1810 -2086/-438/-1809 -2089/-437/-1809 -2088/-436/-1810 
s 64
f -2092/-440/-1808 -2083/-435/-1808 -2085/-434/-1808 -2084/-433/-1808 
s 4
f -2081/-432/-1807 -2080/-431/-1807 -2082/-430/-1807 -2088/-436/-1807 
f -2079/-429/-1806 -2093/-441/-1807 -2078/-428/-1807 
f -2078/-428/-1807 -2081/-432/-1807 -2089/-437/-1805 -2079/-429/-1806 
s 16
f -2092/-440/-1811 -2093/-441/-1811 -2079/-429/-1804 -2083/-435/-1804 
f -2077/-427/-1803 -2087/-439/-1810 -2088/-436/-1810 -2082/-430/-1803 
s 64
f -2087/-439/-1802 -2075/-426/-1802 -2076/-425/-1802 -2086/-438/-1802 
s 4
f -2088/-436/-1807 -2089/-437/-1805 -2081/-432/-1807 
f -2078/-428/-1807 -2093/-441/-1807 -2090/-442/-1807 -2074/-424/-1807 
s off
f -2071/-423/-1801 -2070/-422/-1801 -2073/-421/-1801 -2072/-420/-1801 
f -2067/-419/-1800 -2066/-418/-1800 -2069/-417/-1800 -2068/-416/-1800 
f -2064/-415/-1799 -2063/-414/-1799 -2072/-420/-1799 -2065/-413/-1799 
s 4
f -2061/-412/-1798 -2060/-411/-1798 -2062/-410/-1797 -2068/-416/-1796 
f -2059/-409/-1795 -2071/-423/-1794 -2058/-408/-1793 
f -2067/-419/-1792 -2062/-410/-1797 -2059/-409/-1795 -2058/-408/-1793 
s off
f -2058/-408/-1791 -2071/-423/-1791 -2072/-420/-1791 -2063/-414/-1791 
f -2068/-416/-1790 -2069/-417/-1790 -2057/-407/-1790 -2061/-412/-1790 
f -2056/-406/-1789 -2055/-405/-1789 -2069/-417/-1789 -2066/-418/-1789 
s 4
f -2062/-410/-1797 -2067/-419/-1792 -2068/-416/-1796 
f -2070/-422/-1788 -2071/-423/-1794 -2059/-409/-1795 -2054/-404/-1788 
s off
f -2072/-403/-1787 -2073/-402/-1787 -2091/-401/-1787 -2092/-400/-1787 
f -2073/-402/-1786 -2070/-399/-1786 -2090/-398/-1786 -2091/-401/-1786 
f -2066/-397/-1785 -2067/-396/-1785 -2089/-437/-1785 -2086/-395/-1785 
f -2064/-394/-1784 -2065/-393/-1784 -2084/-392/-1784 -2085/-391/-1784 
f -2065/-393/-1783 -2072/-403/-1783 -2092/-400/-1783 -2084/-392/-1783 
f -2063/-390/-1782 -2064/-389/-1782 -2085/-388/-1782 -2083/-387/-1782 
s 16
f -2062/-410/-1781 -2060/-411/-1781 -2080/-386/-1781 -2081/-385/-1781 
s off
f -2060/-384/-1780 -2061/-383/-1780 -2082/-382/-1780 -2080/-381/-1780 
f -2067/-396/-1779 -2058/-380/-1779 -2079/-429/-1779 -2089/-437/-1779 
f -2059/-409/-1778 -2062/-410/-1778 -2081/-385/-1778 -2078/-379/-1778 
f -2058/-380/-1777 -2063/-390/-1777 -2083/-387/-1777 -2079/-429/-1777 
f -2061/-383/-1776 -2057/-378/-1776 -2077/-377/-1776 -2082/-382/-1776 
f -2057/-378/-1775 -2069/-376/-1775 -2087/-375/-1775 -2077/-377/-1775 
f -2056/-374/-1774 -2066/-397/-1774 -2086/-395/-1774 -2076/-373/-1774 
f -2069/-376/-1773 -2055/-372/-1773 -2075/-371/-1773 -2087/-375/-1773 
f -2055/-372/-1772 -2056/-370/-1772 -2076/-369/-1772 -2075/-371/-1772 
f -2070/-399/-1771 -2054/-368/-1771 -2074/-367/-1771 -2090/-398/-1771 
s 16
f -2054/-404/-1770 -2059/-409/-1770 -2078/-379/-1770 -2074/-366/-1770 
s 1
f -2051/-365/-1769 -2050/-364/-1769 -2053/-363/-1769 -2052/-362/-1769 
s 4
f -2048/-361/-1768 -2051/-365/-1768 -2052/-362/-1768 -2049/-360/-1768 
s 2
f -2046/-359/-1767 -2048/-361/-1767 -2049/-360/-1767 -2047/-358/-1767 
s 16
f -2049/-357/-2076 -2052/-356/-2076 -2053/-355/-2076 -2047/-354/-2076 
f -2050/-355/-2127 -2051/-356/-2127 -2048/-357/-2127 -2046/-354/-2127 
s 1
f -2043/-353/-1766 -2042/-352/-1766 -2045/-351/-1766 -2044/-350/-1766 
s 4
f -2040/-349/-1765 -2043/-353/-1765 -2044/-350/-1765 -2041/-348/-1765 
s 2
f -2038/-347/-1764 -2040/-349/-1764 -2041/-348/-1764 -2039/-346/-1764 
s 4
f -2036/-345/-1763 -2038/-347/-1763 -2039/-346/-1763 -2037/-344/-1763 
s 2
f -2034/-343/-1762 -2036/-342/-1762 -2037/-341/-1762 -2035/-340/-1762 
s 4
f -2032/-339/-1761 -2034/-343/-1761 -2035/-340/-1761 -2033/-338/-1761 
f -2042/-337/-1760 -2030/-336/-1760 -2031/-335/-1760 -2045/-334/-1760 
s 16
f -2045/-333/-1759 -2035/-332/-1758 -2041/-331/-1757 -2044/-330/-1756 
f -2042/-329/-1755 -2034/-328/-1754 -2032/-327/-1753 -2030/-326/-1753 
s 1
f -2027/-353/-1752 -2026/-352/-1752 -2029/-351/-1752 -2028/-350/-1752 
s 4
f -2024/-349/-1751 -2027/-353/-1751 -2028/-350/-1751 -2025/-348/-1751 
s 2
f -2022/-347/-1750 -2024/-349/-1750 -2025/-348/-1750 -2023/-346/-1750 
s 4
f -2020/-345/-1763 -2022/-347/-1763 -2023/-346/-1763 -2021/-344/-1763 
s 2
f -2018/-343/-1749 -2020/-342/-1749 -2021/-341/-1749 -2019/-340/-1749 
s 4
f -2016/-339/-1761 -2018/-343/-1761 -2019/-340/-1761 -2017/-338/-1761 
f -2026/-337/-1748 -2014/-336/-1748 -2015/-335/-1748 -2029/-334/-1748 
s 16
f -2029/-333/-1747 -2019/-332/-1746 -2025/-331/-1745 -2028/-330/-1744 
f -2026/-329/-1743 -2018/-328/-1743 -2016/-327/-1753 -2014/-326/-1753 
s 1
f -2011/-325/-1742 -2010/-324/-1742 -2013/-323/-1742 -2012/-322/-1742 
s 4
f -2008/-321/-1741 -2011/-325/-1741 -2012/-322/-1741 -2009/-320/-1741 
s 2
f -2006/-319/-1740 -2008/-321/-1740 -2009/-320/-1740 -2007/-318/-1740 
s 4
f -2004/-317/-1739 -2006/-319/-1739 -2007/-318/-1739 -2005/-316/-1739 
s 2
f -2001/-315/-1738 -2000/-314/-1738 -2003/-313/-1738 -2002/-312/-1738 
s 4
f -1997/-311/-1737 -1996/-310/-1737 -1999/-309/-1737 -1998/-308/-1737 
s 16
f -1998/-307/-1736 -2009/-306/-1736 -2012/-305/-1735 -2013/-304/-1735 
f -1997/-303/-1734 -2006/-319/-1733 -2004/-317/-1733 -1996/-302/-1733 
f -1998/-307/-1736 -1999/-301/-1736 -2005/-316/-1736 -2007/-318/-1736 
f -1998/-307/-1736 -2007/-318/-1736 -2009/-306/-1736 
f -1997/-303/-1734 -2010/-300/-1732 -2011/-299/-1732 -2008/-298/-1731 
f -1997/-303/-1734 -2008/-298/-1731 -2006/-319/-1733 
s off
f -2004/-317/-1730 -2005/-316/-1730 -1995/-297/-1730 -1994/-296/-1730 
f -2005/-316/-1729 -1999/-309/-1729 -1993/-295/-1729 -1995/-297/-1729 
f -1999/-309/-1728 -1996/-310/-1728 -1992/-294/-1728 -1993/-295/-1728 
f -1996/-310/-1727 -2004/-317/-1727 -1994/-296/-1727 -1992/-294/-1727 
f -1994/-293/-1726 -1995/-292/-1726 -2003/-313/-1726 -2000/-314/-1726 
f -1995/-291/-1725 -1993/-290/-1725 -2002/-289/-1725 -2003/-288/-1725 
f -1993/-295/-1724 -1992/-294/-1724 -2001/-287/-1724 -2002/-286/-1724 
f -1992/-285/-1723 -1994/-284/-1723 -2000/-283/-1723 -2001/-282/-1723 
s 2097152
f -1983/-281/-1722 -1989/-280/-1721 -1988/-279/-1721 -1990/-278/-1722 
f -1981/-277/-1720 -1980/-276/-1720 -1984/-275/-1719 -1985/-274/-1719 
f -1991/-273/-1718 -1982/-272/-1718 -1986/-271/-1717 -1987/-270/-1717 
s off
f -1973/-269/-1716 -1971/-268/-1716 -1969/-267/-1716 -1968/-266/-1716 
s 67108864
f -1989/-265/-1715 -1991/-264/-1715 -1981/-263/-1715 -1985/-262/-1715 
s 2097152
f -1990/-278/-1722 -1982/-272/-1718 -1991/-273/-1718 -1983/-281/-1722 
f -1981/-277/-1720 -1987/-270/-1717 -1986/-271/-1717 -1980/-276/-1720 
s 67108864
f -1990/-261/-1714 -1988/-260/-1713 -1978/-259/-1713 -1979/-258/-1714 
f -1984/-257/-1712 -1980/-256/-1711 -1976/-255/-1711 -1977/-254/-1712 
f -1980/-256/-1711 -1986/-253/-1710 -1975/-252/-1710 -1976/-255/-1711 
f -1986/-253/-1710 -1982/-251/-1709 -1974/-250/-1709 -1975/-252/-1710 
f -1982/-251/-1709 -1990/-261/-1714 -1979/-258/-1714 -1974/-250/-1709 
s 131072
f -1979/-249/-1708 -1978/-248/-1707 -1972/-247/-1707 -1973/-269/-1708 
f -1977/-246/-1706 -1976/-245/-1705 -1970/-244/-1705 -1971/-243/-1706 
f -1976/-245/-1705 -1975/-242/-1704 -1969/-241/-1704 -1970/-244/-1705 
f -1975/-242/-1704 -1974/-240/-1703 -1968/-239/-1703 -1969/-241/-1704 
f -1974/-240/-1703 -1979/-249/-1708 -1973/-269/-1708 -1968/-239/-1703 
s 1
f -1958/-238/-1702 -1959/-237/-1702 -1967/-236/-1702 -1966/-235/-1702 
s 4
f -1957/-234/-2046 -1958/-238/-2046 -1966/-235/-2046 -1965/-233/-2046 
s 2
f -1956/-232/-1701 -1957/-234/-1701 -1965/-233/-1701 -1964/-231/-1701 
s 4
f -1955/-230/-3030 -1956/-232/-3030 -1964/-231/-3030 -1963/-229/-3030 
s 2
f -1954/-228/-1700 -1955/-230/-1700 -1963/-229/-1700 -1962/-227/-1700 
s 4
f -1953/-226/-3030 -1954/-228/-3030 -1962/-227/-3030 -1961/-225/-3030 
s 2
f -1952/-224/-1699 -1953/-226/-1699 -1961/-225/-1699 -1960/-223/-1699 
s 16
f -1961/-222/-1698 -1962/-221/-1697 -1967/-220/-1697 -1960/-219/-1698 
f -1953/-218/-1696 -1952/-217/-1696 -1959/-216/-2973 -1954/-215/-2973 
s 1
f -1949/-238/-1695 -1948/-237/-1695 -1951/-236/-1695 -1950/-235/-1695 
s 4
f -1946/-234/-2046 -1949/-238/-2046 -1950/-235/-2046 -1947/-233/-2046 
s 2
f -1944/-232/-1701 -1946/-234/-1701 -1947/-233/-1701 -1945/-231/-1701 
s 4
f -1942/-230/-3030 -1944/-232/-3030 -1945/-231/-3030 -1943/-229/-3030 
s 2
f -1940/-228/-1700 -1942/-230/-1700 -1943/-229/-1700 -1941/-227/-1700 
s 4
f -1938/-226/-3030 -1940/-228/-3030 -1941/-227/-3030 -1939/-225/-3030 
s 2
f -1936/-224/-1699 -1938/-226/-1699 -1939/-225/-1699 -1937/-223/-1699 
s 16
f -1939/-222/-1698 -1941/-221/-1697 -1951/-220/-1697 -1937/-219/-1698 
f -1938/-218/-1696 -1936/-217/-1696 -1948/-216/-2973 -1940/-215/-2973 
s 4
f -1933/-214/-2967 -1932/-213/-2967 -1935/-212/-2967 -1934/-211/-2967 
s 2
f -1930/-210/-1694 -1933/-214/-1694 -1934/-211/-1694 -1931/-209/-1694 
s 4
f -1928/-208/-2967 -1930/-210/-2967 -1931/-209/-2967 -1929/-207/-2967 
s 2
f -1926/-206/-1693 -1928/-208/-1693 -1929/-207/-1693 -1927/-205/-1693 
s 4
f -1925/-204/-1692 -1924/-203/-1692 -1926/-206/-1692 -1927/-205/-1692 
s 16
f -1923/-202/-1691 -1919/-201/-1690 -1918/-200/-1689 -1917/-199/-1689 
f -1912/-198/-1688 -1911/-197/-1687 -1910/-196/-1687 -1916/-195/-1686 
s off
f -1935/-194/-1685 -1919/-201/-1685 -1920/-193/-1685 -1934/-192/-1685 
f -1933/-191/-1684 -1912/-198/-1684 -1913/-190/-1684 -1932/-189/-1684 
f -1934/-192/-1683 -1920/-193/-1683 -1921/-188/-1683 -1931/-187/-1683 
f -1930/-186/-1682 -1911/-197/-1682 -1912/-198/-1682 -1933/-191/-1682 
f -1931/-187/-1681 -1921/-188/-1681 -1922/-185/-1681 -1929/-184/-1681 
f -1928/-183/-1680 -1910/-196/-1680 -1911/-197/-1680 -1930/-186/-1680 
f -1929/-184/-1679 -1922/-185/-1679 -1923/-202/-1679 -1927/-205/-1679 
f -1926/-206/-1678 -1916/-195/-1678 -1910/-196/-1678 -1928/-183/-1678 
f -1923/-202/-1677 -1917/-199/-1677 -1925/-204/-1677 -1927/-205/-1677 
s 4
f -1907/-214/-2967 -1906/-213/-2967 -1909/-212/-2967 -1908/-211/-2967 
s 2
f -1904/-210/-1694 -1907/-214/-1694 -1908/-211/-1694 -1905/-209/-1694 
s 4
f -1902/-208/-2967 -1904/-210/-2967 -1905/-209/-2967 -1903/-207/-2967 
s 2
f -1900/-206/-1676 -1902/-208/-1676 -1903/-207/-1676 -1901/-205/-1676 
s 4
f -1899/-204/-1692 -1898/-203/-1692 -1900/-206/-1692 -1901/-205/-1692 
s 16
f -1897/-202/-1675 -1893/-201/-1674 -1892/-200/-1673 -1891/-199/-1673 
f -1886/-198/-1672 -1885/-197/-1671 -1884/-196/-1671 -1890/-195/-1670 
s off
f -1909/-194/-1669 -1893/-201/-1669 -1894/-193/-1669 -1908/-192/-1669 
f -1907/-191/-1668 -1886/-198/-1668 -1887/-190/-1668 -1906/-189/-1668 
f -1908/-192/-1667 -1894/-193/-1667 -1895/-188/-1667 -1905/-187/-1667 
f -1904/-186/-1666 -1885/-197/-1666 -1886/-198/-1666 -1907/-191/-1666 
f -1905/-187/-1665 -1895/-188/-1665 -1896/-185/-1665 -1903/-184/-1665 
f -1902/-183/-1664 -1884/-196/-1664 -1885/-197/-1664 -1904/-186/-1664 
f -1903/-184/-1663 -1896/-185/-1663 -1897/-202/-1663 -1901/-205/-1663 
f -1900/-206/-1662 -1890/-195/-1662 -1884/-196/-1662 -1902/-183/-1662 
f -1897/-202/-1661 -1891/-199/-1661 -1899/-204/-1661 -1901/-205/-1661 
s 4
f -1881/-214/-2967 -1880/-213/-2967 -1883/-212/-2967 -1882/-211/-2967 
s 2
f -1878/-210/-1660 -1881/-214/-1660 -1882/-211/-1660 -1879/-209/-1660 
s 4
f -1876/-208/-2967 -1878/-210/-2967 -1879/-209/-2967 -1877/-207/-2967 
s 2
f -1874/-206/-1659 -1876/-208/-1659 -1877/-207/-1659 -1875/-205/-1659 
s 4
f -1873/-204/-1658 -1872/-203/-1658 -1874/-206/-1658 -1875/-205/-1658 
s 16
f -1871/-202/-1657 -1867/-201/-1656 -1866/-200/-1689 -1865/-199/-1689 
f -1860/-198/-1655 -1859/-197/-1654 -1858/-196/-1654 -1864/-195/-1653 
s off
f -1883/-194/-1652 -1867/-201/-1652 -1868/-193/-1652 -1882/-192/-1652 
f -1881/-191/-1651 -1860/-198/-1651 -1861/-190/-1651 -1880/-189/-1651 
f -1882/-192/-1650 -1868/-193/-1650 -1869/-188/-1650 -1879/-187/-1650 
f -1878/-186/-1649 -1859/-197/-1649 -1860/-198/-1649 -1881/-191/-1649 
f -1879/-187/-1648 -1869/-188/-1648 -1870/-185/-1648 -1877/-184/-1648 
f -1876/-183/-1647 -1858/-196/-1647 -1859/-197/-1647 -1878/-186/-1647 
f -1877/-184/-1646 -1870/-185/-1646 -1871/-202/-1646 -1875/-205/-1646 
f -1874/-206/-1645 -1864/-195/-1645 -1858/-196/-1645 -1876/-183/-1645 
f -1871/-202/-1644 -1865/-199/-1644 -1873/-204/-1644 -1875/-205/-1644 
f -1916/-195/-1643 -1926/-206/-1643 -1924/-203/-1643 -1915/-182/-1643 
f -1890/-195/-1642 -1900/-206/-1642 -1898/-203/-1642 -1889/-182/-1642 
f -1864/-195/-1641 -1874/-206/-1641 -1872/-203/-1641 -1863/-182/-1641 
s 16
f -1857/-181/-2967 -1852/-180/-2967 -1855/-179/-2967 -1856/-178/-2967 
s 268435456
f -1851/-177/-1640 -1850/-176/-1640 -1855/-179/-1640 -1854/-175/-1640 
s 131072
f -1849/-174/-1639 -1851/-177/-1638 -1854/-175/-1638 -1853/-173/-1639 
f -1848/-172/-1637 -1849/-174/-1639 -1853/-173/-1639 -1852/-180/-1637 
f -1847/-171/-1636 -1848/-172/-1637 -1852/-180/-1637 -1857/-181/-1636 
f -1846/-170/-1635 -1847/-171/-1636 -1857/-181/-1636 -1856/-178/-1635 
s 1
f -1851/-169/-1634 -1845/-168/-1634 -122/-167/-1634 -1850/-166/-1634 
s 2097152
f -1849/-174/-1633 -121/-165/-1632 -1845/-168/-1631 -1851/-169/-1631 
f -1848/-172/-1630 -1844/-164/-1629 -121/-165/-1632 -1849/-174/-1633 
f -1847/-163/-1628 -120/-162/-1627 -1844/-164/-1629 -1848/-172/-1630 
f -1846/-161/-1626 -119/-160/-1626 -120/-162/-1627 -1847/-163/-1628 
s 1
f -118/-159/-1625 -117/-158/-1624 -1835/-157/-1623 -1843/-156/-1622 
s 4
f -1831/-155/-1621 -1842/-154/-1621 -117/-158/-1621 -113/-153/-1621 
s 2
f -111/-152/-1620 -110/-151/-1619 -1837/-150/-1618 -1841/-149/-1617 
s 4
f -1839/-148/-1616 -1840/-147/-1616 -106/-146/-1616 -105/-145/-1616 
s 2
f -1838/-144/-1615 -1836/-143/-1615 -1839/-148/-1615 -105/-145/-1615 
s 16
f -1838/-142/-2973 -1834/-141/-2973 -1832/-140/-1614 -1836/-139/-1614 
s off
f -1839/-138/-1613 -1836/-137/-1613 -1832/-136/-1613 -1840/-147/-1613 
f -1831/-135/-1612 -1830/-134/-1612 -1835/-133/-1612 -1842/-132/-1612 
f -110/-151/-1611 -106/-146/-1611 -1840/-147/-1611 -1833/-131/-1611 
f -1837/-130/-1610 -1832/-136/-1610 -1834/-141/-1610 -1841/-129/-1610 
f -1832/-136/-1609 -1837/-130/-1609 -1833/-131/-1609 -1840/-147/-1609 
f -113/-153/-1608 -111/-152/-1608 -1841/-149/-1608 -1831/-155/-1608 
f -1834/-141/-1607 -1830/-134/-1607 -1831/-135/-1607 -1841/-129/-1607 
s 4
f -1820/-128/-1606 -1821/-127/-1606 -1828/-126/-1606 -1827/-125/-1606 
s 2
f -1819/-124/-1605 -1820/-128/-1605 -1827/-125/-1605 -1826/-123/-1605 
s 4
f -1818/-122/-2124 -1819/-124/-2124 -1826/-123/-2124 -1825/-121/-2124 
s 2
f -1817/-120/-1604 -1818/-122/-1604 -1825/-121/-1604 -1824/-119/-1604 
s 4
f -1816/-118/-1603 -1817/-120/-1603 -1824/-119/-1603 -1823/-117/-1603 
s 16
f -1824/-116/-1697 -1825/-121/-1697 -1829/-115/-1697 -1823/-114/-1697 
f -1822/-113/-2967 -1821/-112/-2967 -1818/-111/-2967 -1817/-110/-2967 
s 4
f -1806/-128/-1606 -1807/-127/-1606 -1814/-126/-1606 -1813/-125/-1606 
s 2
f -1805/-124/-1605 -1806/-128/-1605 -1813/-125/-1605 -1812/-123/-1605 
s 4
f -1804/-122/-2124 -1805/-124/-2124 -1812/-123/-2124 -1811/-121/-2124 
s 2
f -1803/-120/-1604 -1804/-122/-1604 -1811/-121/-1604 -1810/-119/-1604 
s 4
f -1802/-118/-1603 -1803/-120/-1603 -1810/-119/-1603 -1809/-117/-1603 
s 16
f -1810/-116/-1697 -1811/-121/-1697 -1815/-115/-1697 -1809/-114/-1697 
f -1808/-113/-2967 -1807/-112/-2967 -1804/-111/-2967 -1803/-110/-2967 
s 4
f -1792/-128/-1606 -1793/-127/-1606 -1800/-126/-1606 -1799/-125/-1606 
s 2
f -1791/-124/-1605 -1792/-128/-1605 -1799/-125/-1605 -1798/-123/-1605 
s 4
f -1790/-122/-2124 -1791/-124/-2124 -1798/-123/-2124 -1797/-121/-2124 
s 2
f -1789/-120/-1604 -1790/-122/-1604 -1797/-121/-1604 -1796/-119/-1604 
s 4
f -1788/-118/-1603 -1789/-120/-1603 -1796/-119/-1603 -1795/-117/-1603 
s 16
f -1796/-116/-1697 -1797/-121/-1697 -1801/-115/-1697 -1795/-114/-1697 
f -1794/-113/-2967 -1793/-112/-2967 -1790/-111/-2967 -1789/-110/-2967 
s 4
f -1778/-128/-1606 -1779/-127/-1606 -1786/-126/-1606 -1785/-125/-1606 
s 2
f -1777/-124/-1605 -1778/-128/-1605 -1785/-125/-1605 -1784/-123/-1605 
s 4
f -1776/-122/-2124 -1777/-124/-2124 -1784/-123/-2124 -1783/-121/-2124 
s 2
f -1775/-120/-1604 -1776/-122/-1604 -1783/-121/-1604 -1782/-119/-1604 
s 4
f -1774/-118/-1603 -1775/-120/-1603 -1782/-119/-1603 -1781/-117/-1603 
s 16
f -1782/-116/-1697 -1783/-121/-1697 -1787/-115/-1697 -1781/-114/-1697 
f -1780/-113/-2967 -1779/-112/-2967 -1776/-111/-2967 -1775/-110/-2967 
s 8
f -1773/-109/-1602 -1772/-108/-1602 -1768/-107/-1601 -1769/-106/-1601 
s 16
f -1772/-108/-1600 -1770/-105/-1600 -1766/-104/-1599 -1768/-107/-1599 
s 32
f -1770/-105/-1598 -1771/-103/-1598 -1767/-102/-1598 -1766/-104/-1598 
s 8
f -1765/-109/-1602 -1764/-108/-1602 -1760/-107/-1601 -1761/-106/-1601 
s 16
f -1764/-108/-1600 -1762/-105/-1600 -1758/-104/-1599 -1760/-107/-1599 
s 32
f -1762/-105/-1598 -1763/-103/-1598 -1759/-102/-1598 -1758/-104/-1598 
s 8
f -1757/-109/-1602 -1756/-108/-1602 -1752/-107/-1601 -1753/-106/-1601 
s 16
f -1756/-108/-1597 -1754/-105/-1597 -1750/-104/-1596 -1752/-107/-1596 
s 32
f -1754/-105/-1598 -1755/-103/-1598 -1751/-102/-1598 -1750/-104/-1598 
s 1
f -3301/-2234/-1595 -3300/-2104/-1595 -1749/-2105/-1594 -1573/-2237/-1594 
s 32768
f -3234/-2038/-1593 -3236/-101/-1592 -1747/-100/-1591 -1748/-99/-1590 
s 67108864
f -3246/-2054/-1589 -3241/-2053/-1588 -3234/-98/-1588 -1748/-97/-1589 
s 1
f -2718/-1246/-2275 -2780/-1406/-2392 -1081/-1407/-2393 -963/-96/-1587 
f -1745/-2448/-1586 -1746/-2445/-1585 -1743/-2446/-1584 -1744/-2447/-1583 
f -1742/-2444/-1582 -1740/-2442/-1581 -1741/-2443/-1580 
f -1742/-2444/-1582 -1745/-2448/-1586 -1744/-2447/-1583 -1740/-2442/-1581 
f -1739/-2441/-1579 -1736/-2438/-1578 -1737/-2439/-1577 -1738/-2440/-1576 
f -1738/-2440/-1576 -1737/-2439/-1577 -1734/-2436/-1575 -1735/-2437/-1574 
f -1733/-2435/-1573 -1730/-2432/-1572 -1731/-2433/-1571 -1732/-2434/-1570 
f -1733/-2435/-1573 -1732/-2434/-1570 -1728/-2430/-1569 -1729/-2431/-1568 
f -1726/-2429/-1567 -1727/-2426/-1566 -1724/-2427/-1565 -1725/-2428/-1564 
f -1726/-2429/-1567 -1725/-2428/-1564 -1722/-2424/-1563 -1723/-2425/-1562 
f -1729/-2431/-1568 -1719/-2421/-1561 -1720/-2422/-1560 -1721/-2423/-1559 
f -1718/-2420/-1558 -1715/-2417/-1557 -1716/-2418/-1556 -1717/-2419/-1555 
f -1729/-2431/-1568 -1728/-2430/-1569 -1719/-2421/-1561 
f -1723/-2425/-1562 -1722/-2424/-1563 -1715/-2417/-1557 -1718/-2420/-1558 
f -1710/-2414/-1554 -1711/-2415/-1553 -1713/-2416/-1552 -1714/-2413/-1551 
f -1710/-2414/-1554 -1708/-2411/-1550 -1709/-2412/-1549 
f -1711/-2415/-1553 -1710/-2414/-1554 -1709/-2412/-1549 -1707/-2410/-1548 
f -1704/-2409/-1547 -1705/-2406/-1546 -1706/-2407/-1545 -1703/-2408/-1544 
f -1708/-2405/-1550 -1704/-2409/-1547 -1703/-2408/-1544 -1709/-2404/-1549 
f -1702/-2403/-1543 -1699/-2400/-1542 -1700/-2401/-1541 -1701/-2402/-1540 
f -1699/-2400/-1542 -1697/-2398/-1539 -1698/-2399/-1538 -1700/-2401/-1541 
f -1696/-2397/-1537 -1693/-2394/-1537 -1694/-2395/-1537 -1695/-2396/-1537 
f -1739/-2441/-1579 -1713/-2416/-1552 -1712/-2393/-1536 -1736/-2438/-1578 
f -1721/-2423/-1559 -1720/-2422/-1560 -1691/-2391/-1535 -1692/-2392/-1534 
f -1692/-2392/-1534 -1691/-2391/-1535 -1689/-2389/-1533 -1690/-2390/-1532 
f -1717/-2419/-1555 -1716/-2418/-1556 -1687/-2387/-1531 -1688/-2388/-1530 
f -1688/-2388/-1530 -1687/-2387/-1531 -1685/-2385/-1529 -1686/-2386/-1528 
f -1690/-2390/-1532 -1689/-2389/-1533 -1683/-2383/-1527 -1684/-2384/-1526 
f -1686/-2386/-1528 -1685/-2385/-1529 -1681/-2381/-1525 -1682/-2382/-1524 
f -1684/-2384/-1526 -1683/-2383/-1527 -1680/-2380/-1523 
f -1680/-2380/-1523 -1677/-2377/-1522 -1678/-2378/-1521 -1679/-2379/-1520 
f -1682/-2382/-1524 -1681/-2381/-1525 -1676/-2376/-1519 -1677/-2377/-1522 
f -1677/-2377/-1522 -1676/-2376/-1519 -1675/-2375/-1518 -1678/-2378/-1521 
f -1672/-2374/-1517 -1673/-2371/-1546 -1674/-2372/-1516 -1671/-2373/-1515 
f -1672/-2374/-1517 -1671/-2373/-1515 -1669/-2369/-1514 -1670/-2370/-1513 
f -1671/-2373/-1515 -1674/-2372/-1516 -1679/-2379/-1520 -1678/-2378/-1521 
f -1678/-2378/-1521 -1675/-2375/-1518 -1669/-2369/-1514 -1671/-2373/-1515 
f -1667/-2368/-1512 -1668/-2367/-1511 -1746/-2445/-1585 -1745/-2448/-1586 
f -1665/-2366/-1510 -1666/-2365/-1509 -1668/-2367/-1511 -1667/-2368/-1512 
f -1729/-2431/-1568 -1721/-2423/-1559 -1666/-2365/-1509 -1665/-2366/-1510 
f -1663/-2364/-1508 -1664/-2363/-1507 -1730/-2432/-1572 -1733/-2435/-1573 
f -1665/-2366/-1510 -1663/-2364/-1508 -1733/-2435/-1573 -1729/-2431/-1568 
f -1742/-2444/-1582 -1741/-2443/-1580 -1662/-2361/-1506 -1661/-2362/-1505 
f -1745/-2448/-1586 -1742/-2444/-1582 -1661/-2362/-1505 -1667/-2368/-1512 
f -1661/-2362/-1505 -1662/-2361/-1506 -1664/-2363/-1507 -1663/-2364/-1508 
f -1667/-2368/-1512 -1661/-2362/-1505 -1663/-2364/-1508 -1665/-2366/-1510 
f -1658/-2360/-1504 -1659/-2357/-1503 -1660/-2358/-1502 -1657/-2359/-1501 
f -1655/-2356/-1500 -1656/-2355/-1499 -1659/-2357/-1503 -1658/-2360/-1504 
f -1654/-2354/-1498 -1658/-2360/-1504 -1657/-2359/-1501 -1653/-2353/-1497 
f -1652/-2352/-1496 -1655/-2356/-1500 -1658/-2360/-1504 -1654/-2354/-1498 
f -1674/-2372/-1516 -1673/-2371/-1546 -1656/-2355/-1499 -1655/-2356/-1500 
f -1679/-2379/-1520 -1674/-2372/-1516 -1655/-2356/-1500 -1652/-2352/-1496 
f -1650/-2351/-1495 -1651/-2350/-1494 -1684/-2384/-1526 -1680/-2380/-1523 
f -1652/-2352/-1496 -1650/-2351/-1495 -1680/-2380/-1523 -1679/-2379/-1520 
f -1647/-2349/-1493 -1648/-2346/-1492 -1649/-2347/-1491 -1646/-2348/-1490 
f -1653/-2353/-1497 -1647/-2349/-1493 -1646/-2348/-1490 -1654/-2354/-1498 
f -1646/-2348/-1490 -1649/-2347/-1491 -1651/-2350/-1494 -1650/-2351/-1495 
f -1654/-2354/-1498 -1646/-2348/-1490 -1650/-2351/-1495 -1652/-2352/-1496 
f -3366/-2345/-3114 -3353/-2343/-3114 -1645/-2344/-1489 -1714/-2413/-1551 
f -1644/-2342/-1488 -1649/-2347/-1491 -1648/-2346/-1492 -1643/-2341/-1487 
f -1642/-2340/-1486 -1651/-2350/-1494 -1649/-2347/-1491 -1644/-2342/-1488 
f -1690/-2390/-1532 -1684/-2384/-1526 -1651/-2350/-1494 -1642/-2340/-1486 
f -1641/-2339/-1485 -1666/-2365/-1509 -1721/-2423/-1559 -1692/-2392/-1534 
f -1642/-2340/-1486 -1641/-2339/-1485 -1692/-2392/-1534 -1690/-2390/-1532 
f -1668/-2367/-1511 -1639/-2337/-1484 -1640/-2338/-1483 -1746/-2445/-1585 
f -1639/-2337/-1484 -1643/-2341/-1487 -1638/-2336/-1482 -1640/-2338/-1483 
f -1639/-2337/-1484 -1668/-2367/-1511 -1666/-2365/-1509 -1641/-2339/-1485 
f -1644/-2342/-1488 -1639/-2337/-1484 -1641/-2339/-1485 -1642/-2340/-1486 
f -1645/-2344/-1489 -1636/-2334/-1481 -1637/-2335/-1480 -1714/-2413/-1551 
f -1635/-2333/-1479 -1637/-2335/-1480 -1636/-2334/-1481 -1634/-2332/-1478 
f -1637/-2335/-1480 -1635/-2333/-1479 -1633/-2331/-1477 
f -1714/-2413/-1551 -1637/-2335/-1480 -1710/-2414/-1554 
f -1708/-2411/-1550 -1710/-2414/-1554 -1637/-2335/-1480 -1633/-2331/-1477 
f -1631/-2330/-1476 -1632/-2329/-1475 -1705/-2406/-1546 -1704/-2409/-1547 
f -1633/-2328/-1477 -1631/-2330/-1476 -1704/-2409/-1547 -1708/-2405/-1550 
f -1628/-2327/-1474 -1629/-2324/-1473 -1630/-2325/-1472 -1627/-2326/-1471 
f -1634/-2323/-1478 -1628/-2327/-1474 -1627/-2326/-1471 -1635/-2322/-1479 
f -1627/-2326/-1471 -1630/-2325/-1472 -1632/-2329/-1475 -1631/-2330/-1476 
f -1635/-2322/-1479 -1627/-2326/-1471 -1631/-2330/-1476 -1633/-2328/-1477 
f -1730/-2432/-1572 -1625/-2320/-1470 -1626/-2321/-1469 
f -1624/-2319/-1468 -1625/-2320/-1470 -1730/-2432/-1572 -1664/-2363/-1507 
f -1741/-2443/-1580 -1623/-2318/-1467 -1662/-2361/-1506 
f -1664/-2363/-1507 -1662/-2361/-1506 -1623/-2318/-1467 -1624/-2319/-1468 
f -1622/-2317/-1466 -1735/-2437/-1574 -1734/-2436/-1575 -1621/-2316/-1465 
f -1730/-2432/-1572 -1626/-2321/-1469 -1724/-2427/-1565 
f -1626/-2321/-1469 -1620/-2315/-1464 -1724/-2427/-1565 
f -1617/-2314/-1463 -1622/-2317/-1466 -1618/-2312/-1462 -1619/-2313/-1461 
f -1735/-2437/-1574 -1622/-2317/-1466 -1617/-2314/-1463 
f -1614/-2311/-1460 -1615/-2308/-1459 -1616/-2309/-1458 -1613/-2310/-1457 
f -1611/-2307/-1456 -1612/-2306/-1455 -1615/-2308/-1459 -1614/-2311/-1460 
f -1608/-2305/-1454 -1609/-2302/-1453 -1610/-2303/-1452 -1607/-2304/-1451 
f -1607/-2304/-1451 -1610/-2303/-1452 -1612/-2306/-1455 -1611/-2307/-1456 
f -1607/-2304/-1451 -1605/-2300/-1450 -1606/-2301/-1449 -1608/-2305/-1454 
f -1611/-2307/-1456 -1604/-2299/-1448 -1605/-2300/-1450 -1607/-2304/-1451 
f -1613/-2310/-1457 -1602/-2297/-1447 -1603/-2298/-1446 -1614/-2311/-1460 
f -1614/-2311/-1460 -1603/-2298/-1446 -1604/-2299/-1448 -1611/-2307/-1456 
f -1601/-2296/-1445 -1599/-2294/-1444 -1600/-2295/-1443 
f -1598/-2293/-1442 -1599/-2294/-1444 -1601/-2296/-1445 -1597/-2292/-1441 
f -1596/-2291/-1440 -1600/-2295/-1443 -1599/-2294/-1444 -1598/-2293/-1442 
f -1594/-2290/-1439 -1595/-2288/-1438 -1600/-2295/-1443 -1593/-2289/-1437 
f -1600/-2295/-1443 -1596/-2291/-1440 -1593/-2289/-1437 
f -1594/-2290/-1439 -1593/-2289/-1437 -1591/-2287/-1436 -1592/-2286/-1435 
f -1596/-2291/-1440 -1589/-2284/-1434 -1590/-2285/-1433 -1593/-2289/-1437 
f -1597/-2292/-1441 -1587/-2282/-1432 -1588/-2283/-1431 -1598/-2293/-1442 
f -1598/-2293/-1442 -1588/-2283/-1431 -1589/-2284/-1434 -1596/-2291/-1440 
f -1706/-2407/-1545 -1705/-2406/-1546 -1673/-2280/-1546 -1672/-2281/-1517 
f -1706/-2407/-1545 -1672/-2281/-1517 -1670/-2278/-1513 -1586/-2279/-1430 
f -1603/-2277/-1446 -1602/-2274/-1447 -1591/-2275/-1436 -1590/-2276/-1433 
f -1604/-2273/-1448 -1603/-2277/-1446 -1590/-2276/-1433 -1589/-2272/-1434 
f -1588/-2271/-1431 -1587/-2268/-1432 -1606/-2269/-1449 -1605/-2270/-1450 
f -1589/-2272/-1434 -1588/-2271/-1431 -1605/-2270/-1450 -1604/-2273/-1448 
f -1630/-2325/-1472 -1629/-2324/-1473 -1660/-2266/-1502 -1659/-2267/-1503 
f -1632/-2329/-1475 -1630/-2325/-1472 -1659/-2267/-1503 -1656/-2265/-1499 
f -1656/-2265/-1499 -1673/-2280/-1546 -1705/-2406/-1546 -1632/-2329/-1475 
s 8
f -1657/-2264/-1429 -1660/-2262/-1428 -1653/-2263/-1427 
f -1653/-2263/-1427 -1660/-2262/-1428 -1647/-2261/-1426 
f -1648/-2260/-1425 -1585/-2258/-1424 -1643/-2259/-1423 
s off
f -1693/-2394/-1422 -1696/-2397/-1422 -1583/-2256/-1422 -1584/-2257/-1422 
s 8
f -1647/-2261/-1426 -1636/-2254/-1421 -1645/-2255/-1420 -1648/-2260/-1425 
f -1660/-2262/-1428 -1629/-2253/-1419 -1636/-2254/-1421 -1647/-2261/-1426 
f -1648/-2260/-1425 -1645/-2255/-1420 -1585/-2258/-1424 
s off
f -1583/-2256/-1418 -1581/-2251/-1418 -1582/-2252/-1418 -1584/-2257/-1418 
s 1
f -1616/-2309/-1458 -1615/-2308/-1459 -1623/-2318/-1467 -1580/-2250/-1417 
f -1612/-2306/-1455 -1624/-2319/-1468 -1623/-2318/-1467 -1615/-2308/-1459 
f -1610/-2303/-1452 -1625/-2320/-1470 -1624/-2319/-1468 -1612/-2306/-1455 
f -1609/-2302/-1453 -1626/-2321/-1469 -1625/-2320/-1470 -1610/-2303/-1452 
s 2
f -1600/-2295/-1416 -1622/-2317/-1416 -1601/-2296/-1415 
f -1600/-2295/-1416 -1595/-2288/-1414 -1618/-2312/-1414 -1622/-2317/-1416 
s off
f -3184/-2249/-1413 -3350/-2246/-1413 -1619/-2247/-1413 -1579/-2248/-1413 
f -1578/-2245/-1412 -1595/-2242/-1412 -1594/-2243/-1412 -1577/-2244/-1412 
f -1577/-2244/-1411 -1594/-2243/-1411 -1592/-2240/-1411 -1576/-2241/-1411 
f -1575/-2239/-1410 -1618/-2238/-1410 -1595/-2242/-1410 -1578/-2245/-1410 
s 16
f -1573/-2237/-3033 -1574/-2234/-1409 -1572/-2235/-1409 -3304/-2236/-3033 
s 1
f -1569/-2232/-2127 -1571/-2233/-3030 -3304/-2236/-3031 -1572/-2235/-1408 
f -3337/-2231/-3029 -1741/-2443/-1580 -1740/-2442/-1581 -1568/-2230/-1407 
s 33554432
f -1566/-2229/-1406 -1567/-2226/-1406 -1564/-2227/-1405 -1565/-2228/-1404 
s 256
f -1562/-2225/-3024 -1563/-2222/-1403 -1561/-2223/-1403 -3250/-2224/-3024 
s 1
f -1560/-2221/-3022 -1617/-2314/-1463 -1619/-2313/-1461 -3350/-2220/-3022 
f -3360/-2219/-3021 -1623/-2318/-1467 -1741/-2443/-1580 -3337/-2231/-3029 
f -1559/-2218/-1402 -1623/-2318/-1467 -3360/-2219/-3021 -3412/-2217/-3019 
s off
f -3335/-2216/-1401 -1558/-2213/-1401 -1557/-2214/-1401 -3334/-2215/-1401 
s 32768
f -3334/-2215/-3017 -1557/-2214/-1400 -1555/-2211/-1400 -1556/-2212/-3017 
s off
f -3353/-2210/-1399 -3340/-2207/-1399 -1554/-2208/-1399 -1645/-2209/-1399 
s 1
f -3337/-2231/-3029 -1568/-2230/-1407 -3381/-2206/-3014 
f -3381/-2206/-3014 -1568/-2230/-1407 -1553/-2204/-1398 -3406/-2205/-3013 
s 2048
f -1555/-2201/-1397 -1552/-95/-1396 -1554/-2202/-1396 -3340/-2203/-3011 
s 65536
f -1554/-2199/-1395 -1552/-2196/-1395 -1550/-2197/-1394 -1551/-2198/-1394 
f -1551/-2198/-1394 -1550/-2197/-1394 -1548/-2194/-1393 -1549/-2195/-1392 
f -1549/-2195/-1392 -1545/-2191/-1391 -1546/-2192/-1390 -1547/-2193/-1390 
s 256
f -1640/-2190/-1389 -1543/-2187/-1388 -1544/-2188/-1388 -1746/-2189/-1389 
s 65536
f -1743/-2186/-1387 -1541/-2183/-1387 -1542/-2184/-1386 -1744/-2185/-1386 
f -1744/-2185/-1386 -1542/-2184/-1386 -1540/-2181/-1385 -1740/-2182/-1385 
s off
f -1740/-2180/-1384 -1540/-2181/-1384 -1566/-2229/-1384 -1568/-94/-1384 
s 2048
f -1568/-2179/-1383 -1566/-2229/-1383 -1565/-2228/-1383 -1553/-2178/-1383 
s off
f -1553/-2177/-1382 -1565/-2174/-1382 -1539/-2175/-1382 -3406/-2176/-1382 
s 32768
f -1555/-2211/-1400 -1557/-2214/-1400 -1550/-2172/-1381 -1552/-2173/-1381 
s off
f -1557/-2214/-1380 -1558/-2213/-1380 -1548/-2171/-1380 -1550/-2172/-1380 
s 2048
f -1545/-2191/-1379 -1537/-2169/-1378 -1538/-2170/-1377 -1546/-2192/-1376 
s 256
f -1561/-2223/-1403 -1563/-2222/-1403 -1544/-2188/-1388 -1543/-2187/-1388 
s 134217728
f -1536/-2168/-1375 -1564/-2227/-1374 -1542/-2184/-1374 -1541/-2183/-1375 
f -1564/-2227/-1374 -1567/-2226/-1373 -1540/-2181/-1373 -1542/-2184/-1374 
s 65536
f -1549/-2195/-1392 -1548/-2194/-1393 -1545/-2191/-1391 
s 2048
f -3321/-2167/-2985 -1535/-2164/-1372 -1558/-2165/-1371 -3335/-2166/-2984 
f -1535/-2164/-1372 -1545/-2191/-1379 -1548/-2163/-1370 -1558/-2165/-1371 
s 256
f -1534/-2162/-1369 -1531/-2159/-1368 -1532/-2160/-1367 -1533/-2161/-1366 
f -1530/-2158/-1365 -1529/-2157/-1698 -1531/-2159/-1368 -1534/-2162/-1369 
f -1528/-2156/-1364 -1529/-2157/-1698 -1527/-2155/-1363 
f -1527/-2155/-1363 -1529/-2157/-1698 -1530/-2158/-1365 
f -1526/-2154/-1362 -1523/-2151/-1361 -1524/-2152/-1360 -1525/-2153/-1359 
f -1525/-2153/-1359 -1524/-2152/-1360 -1522/-2150/-1358 
f -1521/-2149/-2555 -1702/-2147/-2555 -1520/-2148/-2555 
f -1519/-2146/-1357 -1697/-2145/-1356 -1702/-2147/-2555 -1521/-2149/-2555 
f -1522/-2150/-1358 -1524/-2152/-1360 -1517/-2143/-1355 -1518/-2144/-1355 
f -1518/-2144/-1355 -1517/-2143/-1355 -1697/-2145/-1356 -1519/-2146/-1357 
s 8192
f -1620/-2142/-1354 -1626/-2139/-1353 -1622/-2140/-1353 -1621/-2141/-1354 
s 32
f -1608/-2138/-1352 -1597/-2135/-1351 -1601/-2136/-1350 -1609/-2137/-1350 
f -1608/-2138/-1352 -1606/-2269/-1349 -1597/-2135/-1351 
f -1609/-2137/-1350 -1601/-2136/-1350 -1622/-2133/-1348 -1626/-2134/-1348 
f -1597/-2135/-1351 -1606/-2269/-1349 -1587/-2268/-1347 
s 256
f -1702/-2147/-2555 -1697/-2145/-1356 -1699/-2132/-2555 
s 32768
f -1536/-2131/-1346 -1563/-2222/-1346 -1562/-2225/-2954 -1516/-2130/-2954 
s 524288
f -3336/-2129/-2953 -3311/-2126/-2953 -1515/-2127/-1345 -1538/-2128/-1345 
f -1538/-2128/-1345 -1515/-2127/-1345 -1514/-2124/-1344 -1546/-2125/-1344 
f -1546/-2123/-1344 -1514/-2124/-1344 -1638/-2121/-1343 -1547/-2122/-1343 
s 32768
f -1743/-2120/-1342 -1746/-2189/-1342 -1544/-2188/-1341 -1541/-2119/-1341 
f -1541/-2118/-1341 -1544/-2188/-1341 -1563/-2222/-1346 -1536/-2131/-1346 
s 8
f -1634/-2117/-1340 -1636/-2254/-1421 -1629/-2253/-1419 -1628/-2116/-1340 
s off
f -1560/-2115/-1339 -1571/-2233/-1339 -1570/-2113/-1339 -1617/-2114/-1339 
f -1735/-2112/-1338 -1569/-2232/-1338 -1572/-2235/-1338 -1738/-2111/-1338 
f -1738/-2110/-1337 -1572/-2235/-1337 -1574/-2234/-1337 -1739/-2109/-1337 
f -1739/-2109/-1336 -1574/-2234/-1336 -1513/-2107/-1336 -1713/-2108/-1336 
f -3366/-2106/-1335 -1714/-2103/-1335 -1512/-2104/-1335 -1749/-2105/-1335 
f -1617/-2102/-1334 -1570/-2113/-1334 -1569/-2232/-1334 -1735/-2101/-1334 
f -1713/-2100/-1333 -1513/-2107/-1333 -1512/-2104/-1333 -1714/-2099/-1333 
s 1
f -1511/-2098/-1332 -1510/-2096/-1331 -1531/-2097/-1330 
f -1529/-2095/-1329 -1509/-2094/-1328 -1511/-2098/-1332 -1531/-2097/-1330 
f -1508/-2093/-1327 -1507/-2090/-1326 -1528/-2091/-1325 -1527/-2092/-1324 
f -1530/-2089/-1323 -1506/-2088/-1322 -1508/-2093/-1327 -1527/-2092/-1324 
f -1533/-2087/-1321 -1505/-2084/-1320 -1504/-2085/-1319 -1534/-2086/-1318 
f -1534/-2086/-1318 -1504/-2085/-1319 -1506/-2088/-1322 -1530/-2089/-1323 
f -1503/-2083/-1317 -1502/-2080/-1316 -1517/-2081/-1315 -1524/-2082/-1314 
f -1517/-2081/-1315 -1502/-2080/-1316 -1698/-2078/-1538 -1697/-2079/-1539 
f -1706/-2407/-1545 -1586/-2279/-1430 -1501/-2077/-1313 -1703/-2408/-1544 
f -1501/-2077/-1313 -1707/-2076/-1548 -1709/-2404/-1549 -1703/-2408/-1544 
f -1510/-2096/-1331 -1503/-2083/-1317 -1524/-2082/-1314 -1531/-2097/-1330 
f -1525/-2075/-1312 -1500/-2072/-1311 -1499/-2073/-1310 -1526/-2074/-1309 
f -1522/-2071/-1308 -1498/-2070/-1307 -1500/-2072/-1311 -1525/-2075/-1312 
f -1518/-2069/-1306 -1497/-2068/-1305 -1498/-2070/-1307 -1522/-2071/-1308 
f -1519/-2067/-1304 -1496/-2066/-1303 -1497/-2068/-1305 -1518/-2069/-1306 
f -1520/-2065/-1302 -1495/-2062/-1301 -1494/-2063/-1300 -1521/-2064/-1299 
f -1521/-2064/-1299 -1494/-2063/-1300 -1496/-2066/-1303 -1519/-2067/-1304 
f -1493/-2061/-1298 -1509/-2094/-1328 -1529/-2095/-1329 
f -1507/-2090/-1326 -1492/-2060/-1297 -1528/-2091/-1325 
f -1702/-2403/-1543 -1701/-2402/-1540 -1495/-2058/-1301 -1520/-2059/-1302 
s 8192
f -1528/-2156/-1296 -1492/-2056/-1295 -1493/-2057/-1295 -1529/-2157/-1296 
s 1
f -1737/-2439/-1577 -1736/-2438/-1578 -1510/-2096/-1331 -1511/-2098/-1332 
f -1734/-2436/-1575 -1737/-2439/-1577 -1511/-2098/-1332 -1509/-2094/-1328 
f -1725/-2428/-1564 -1724/-2427/-1565 -1507/-2090/-1326 -1508/-2093/-1327 
f -1722/-2424/-1563 -1725/-2428/-1564 -1508/-2093/-1327 -1506/-2088/-1322 
f -1716/-2418/-1556 -1715/-2417/-1557 -1504/-2085/-1319 -1505/-2084/-1320 
f -1715/-2417/-1557 -1722/-2424/-1563 -1506/-2088/-1322 -1504/-2085/-1319 
f -1712/-2393/-1536 -1711/-2415/-1553 -1502/-2080/-1316 -1503/-2083/-1317 
f -1711/-2415/-1553 -1707/-2410/-1548 -1698/-2078/-1538 -1502/-2080/-1316 
f -1701/-2402/-1540 -1700/-2401/-1541 -1501/-2077/-1313 -1586/-2279/-1430 
f -1700/-2401/-1541 -1698/-2399/-1538 -1707/-2076/-1548 -1501/-2077/-1313 
f -1736/-2438/-1578 -1712/-2393/-1536 -1503/-2083/-1317 -1510/-2096/-1331 
f -1687/-2387/-1531 -1716/-2418/-1556 -1505/-2084/-1320 -1499/-2073/-1310 
f -1685/-2385/-1529 -1687/-2387/-1531 -1499/-2073/-1310 -1500/-2072/-1311 
f -1681/-2381/-1525 -1685/-2385/-1529 -1500/-2072/-1311 -1498/-2070/-1307 
f -1676/-2376/-1519 -1681/-2381/-1525 -1498/-2070/-1307 -1497/-2068/-1305 
f -1675/-2375/-1518 -1676/-2376/-1519 -1497/-2068/-1305 -1496/-2066/-1303 
f -1670/-2370/-1513 -1669/-2369/-1514 -1494/-2063/-1300 -1495/-2062/-1301 
f -1669/-2369/-1514 -1675/-2375/-1518 -1496/-2066/-1303 -1494/-2063/-1300 
f -1621/-2316/-1465 -1734/-2436/-1575 -1509/-2094/-1328 -1493/-2061/-1298 
f -1724/-2427/-1565 -1620/-2315/-1464 -1492/-2060/-1297 -1507/-2090/-1326 
f -1586/-2279/-1430 -1670/-2278/-1513 -1495/-2058/-1301 -1701/-2402/-1540 
s 8192
f -1620/-2142/-1354 -1621/-2141/-1354 -1493/-2057/-1295 -1492/-2056/-1295 
s 134217728
f -3250/-2224/-2901 -1561/-2223/-1294 -1515/-2127/-1294 -3311/-2126/-2901 
f -1561/-2223/-1294 -1543/-2187/-1293 -1514/-2124/-1293 -1515/-2127/-1294 
f -1543/-2187/-1293 -1640/-2055/-1292 -1638/-2121/-1292 -1514/-2124/-1293 
s 2048
f -3246/-2054/-2897 -1491/-2053/-1291 -1535/-2164/-1372 -3321/-2167/-2985 
f -1538/-2170/-1377 -1489/-2051/-1290 -1490/-2052/-1289 
f -1537/-2169/-1378 -1545/-2191/-1379 -1535/-2164/-1372 
f -1537/-2169/-1378 -1488/-2050/-1288 -1489/-2051/-1290 -1538/-2170/-1377 
f -1537/-2169/-1378 -1535/-2164/-1372 -1491/-2053/-1291 -1488/-2050/-1288 
f -3336/-2049/-2892 -1538/-2170/-1377 -1490/-2052/-1289 -1487/-2048/-2892 
s 67108864
f -1488/-2047/-1287 -1485/-2044/-1287 -1486/-2045/-1287 -1489/-2046/-1287 
f -1487/-2048/-2890 -1490/-2052/-1286 -1484/-2042/-1286 -1747/-2043/-2890 
s 1073741824
f -1489/-2046/-1285 -1486/-2045/-1285 -1484/-2040/-1285 -1490/-2041/-1285 
f -1491/-2039/-1284 -1483/-2038/-1284 -1485/-2044/-1284 -1488/-2047/-1284 
s 1
f -1731/-2433/-1571 -1730/-2432/-1572 -1724/-2427/-1565 -1727/-2426/-1566 
f -1477/-2035/-1283 -1479/-2036/-1282 -1481/-2037/-1281 -1482/-2034/-1280 
f -1475/-2033/-1279 -1476/-2030/-1279 -1473/-2031/-1278 -1474/-2032/-1278 
f -1474/-2032/-1278 -1473/-2031/-1278 -1482/-2034/-1280 -1481/-2037/-1281 
f -1471/-2029/-1277 -1472/-2028/-1277 -1476/-2030/-1279 -1475/-2033/-1279 
f -1686/-2386/-1528 -1689/-2389/-1533 -1472/-2028/-1277 -1471/-2029/-1277 
f -1682/-2382/-1524 -1683/-2383/-1527 -1689/-2389/-1533 -1686/-2386/-1528 
f -1677/-2377/-1522 -1680/-2380/-1523 -1683/-2383/-1527 -1682/-2382/-1524 
s 1024
f -1723/-2027/-1276 -1481/-2024/-1276 -1480/-2025/-1275 -1726/-2026/-1275 
f -1727/-2023/-1274 -1479/-2020/-1274 -1478/-2021/-1273 -1731/-2022/-1273 
f -1732/-2019/-1272 -1477/-2016/-1272 -1482/-2017/-1271 -1728/-2018/-1271 
f -1728/-2018/-1271 -1482/-2017/-1271 -1473/-2014/-1270 -1719/-2015/-1270 
f -1719/-2015/-1270 -1473/-2014/-1270 -1476/-2012/-1269 -1720/-2013/-1269 
f -1720/-2013/-1269 -1476/-2012/-1269 -1472/-2010/-1268 -1691/-2011/-1268 
f -1691/-2011/-1268 -1472/-2010/-1268 -1689/-2009/-1267 
f -1686/-2008/-1266 -1471/-2006/-1265 -1688/-2007/-1265 
f -1688/-2007/-1265 -1471/-2006/-1265 -1475/-2004/-1264 -1717/-2005/-1264 
f -1717/-2005/-1264 -1475/-2004/-1264 -1474/-2002/-1263 -1718/-2003/-1263 
f -1718/-2003/-1263 -1474/-2002/-1263 -1481/-2024/-1276 -1723/-2027/-1276 
f -1726/-2026/-1275 -1480/-2025/-1275 -1479/-2020/-1274 -1727/-2023/-1274 
f -1731/-2022/-1273 -1478/-2021/-1273 -1477/-2016/-1272 -1732/-2019/-1272 
s 256
f -1523/-2151/-1361 -1532/-2160/-1367 -1531/-2159/-1368 -1524/-2152/-1360 
s off
f -1532/-2001/-1262 -1470/-1999/-1262 -1533/-2000/-1262 
f -1533/-2000/-1261 -1470/-1999/-1261 -1505/-1998/-1261 
f -1505/-1998/-1260 -1470/-1999/-1260 -1469/-1996/-1260 -1499/-1997/-1260 
f -1499/-1997/-1259 -1469/-1996/-1259 -1526/-1995/-1259 
f -1526/-1995/-1258 -1469/-1996/-1258 -1523/-1994/-1258 
f -1523/-2151/-1257 -1469/-1992/-1257 -1470/-1993/-1257 -1532/-2160/-1257 
s 1
f -1643/-2341/-1487 -1467/-1990/-1256 -1468/-1991/-1255 -1638/-2336/-1482 
s off
f -1549/-1989/-1254 -1465/-1986/-1254 -1466/-1987/-1254 -1551/-1988/-1254 
s 33554432
f -1551/-1988/-1253 -1466/-1987/-1253 -1582/-2252/-1252 -1554/-2208/-1252 
s off
f -1585/-1985/-1251 -1464/-1982/-1251 -1467/-1983/-1251 -1643/-1984/-1251 
s 33554432
f -1554/-2208/-1252 -1582/-2252/-1252 -1581/-2251/-1250 -1645/-2209/-1250 
f -1585/-1985/-1249 -1645/-2209/-1250 -1581/-2251/-1250 -1464/-1982/-1249 
s 1
f -1468/-1991/-1255 -1463/-1980/-1248 -1547/-1981/-1248 -1638/-2336/-1482 
f -1549/-1979/-1247 -1547/-1981/-1248 -1463/-1980/-1248 -1465/-1978/-1247 
s off
f -1467/-1977/-1246 -1696/-1974/-1246 -1695/-1975/-1246 -1468/-1976/-1246 
f -1468/-1976/-1245 -1695/-1975/-1245 -1694/-1972/-1245 -1463/-1973/-1245 
f -1463/-1973/-1244 -1694/-1972/-1244 -1693/-1970/-1244 -1465/-1971/-1244 
f -1465/-1971/-1243 -1693/-1970/-1243 -1584/-1968/-1243 -1466/-1969/-1243 
f -1466/-1969/-1242 -1584/-1968/-1242 -1582/-1967/-1242 
f -1581/-1966/-1241 -1583/-1964/-1241 -1464/-1965/-1241 
f -1464/-1965/-1240 -1583/-1964/-1240 -1696/-1974/-1240 -1467/-1977/-1240 
s 8388608
f -1613/-2310/-1239 -1616/-2309/-1238 -1578/-1962/-1238 -1577/-1963/-1239 
f -1602/-2297/-1237 -1613/-2310/-1239 -1577/-1963/-1239 -1576/-1961/-1237 
f -1616/-2309/-1238 -1580/-2250/-1236 -1575/-1960/-1236 -1578/-1962/-1238 
f -1576/-2241/-1237 -1592/-2240/-1235 -1591/-1958/-1235 -1602/-1959/-1237 
f -1559/-2218/-1234 -3412/-2217/-2836 -3184/-1956/-2836 -1579/-1957/-1234 
s 1
f -1580/-2250/-1417 -1623/-2318/-1467 -1559/-2218/-1402 
s off
f -1579/-2248/-1233 -1619/-2247/-1233 -1618/-2238/-1233 -1575/-2239/-1233 
s 8388608
f -1559/-2218/-1234 -1579/-1957/-1234 -1575/-1960/-1236 -1580/-2250/-1236 
s 33554432
f -1564/-2227/-1405 -1536/-2168/-1232 -1565/-2228/-1404 
f -1565/-2228/-1404 -1536/-2168/-1232 -1516/-1954/-2833 -1539/-1955/-2833 
s 8388608
f -1462/-1953/-1231 -1459/-1950/-1231 -1460/-1951/-1230 -1461/-1952/-1230 
s 67108864
f -1458/-1949/-1229 -1455/-1946/-1229 -1456/-1947/-1229 -1457/-1948/-1229 
s 2097152
f -1453/-1945/-1228 -1454/-1942/-1227 -1451/-1943/-1227 -1452/-1944/-1228 
s 4
f -1447/-1941/-1226 -1448/-1938/-1226 -1449/-1939/-1226 -1450/-1940/-1226 
s 8388608
f -1461/-1952/-1230 -1460/-1951/-1230 -1445/-1936/-1225 -1446/-1937/-1225 
s 2097152
f -1443/-1935/-1224 -1444/-1932/-1223 -1441/-1933/-1223 -1442/-1934/-1224 
f -1440/-1931/-1222 -1437/-1928/-1222 -1438/-1929/-1221 -1439/-1930/-1221 
f -1453/-1945/-1228 -1452/-1944/-1228 -1437/-1928/-1222 -1440/-1931/-1222 
f -1439/-1930/-1221 -1438/-1929/-1221 -1441/-1933/-1223 -1444/-1932/-1223 
s 4096
f -1457/-1927/-1220 -1456/-1926/-1220 -1451/-1943/-1220 -1454/-1942/-1220 
f -1446/-1937/-1219 -1445/-1936/-1219 -1455/-1946/-1219 -1458/-1949/-1219 
s 256
f -1459/-1950/-1218 -1462/-1953/-1218 -1449/-1939/-1218 -1448/-1938/-1218 
f -1443/-1935/-1217 -1442/-1934/-1217 -1447/-1924/-1217 -1450/-1925/-1217 
s 1
f -1434/-1923/-1216 -1435/-1920/-1215 -1436/-1921/-1214 -1433/-1922/-1213 
f -1431/-1919/-1212 -1432/-1918/-1211 -1435/-1920/-1215 -1434/-1923/-1216 
f -1430/-1917/-1210 -1434/-1923/-1216 -1433/-1922/-1213 -1429/-1916/-1209 
f -1428/-1915/-1208 -1431/-1919/-1212 -1434/-1923/-1216 -1430/-1917/-1210 
f -1427/-1914/-1207 -1432/-1918/-1211 -1431/-1919/-1212 -1426/-1913/-1206 
f -1426/-1913/-1206 -1431/-1919/-1212 -1428/-1915/-1208 -1425/-1912/-1205 
f -1423/-1911/-1204 -1424/-1908/-1204 -1421/-1909/-1203 -1422/-1910/-1203 
f -1418/-1907/-1202 -1419/-1904/-1201 -1420/-1905/-1200 -1417/-1906/-1199 
f -1429/-1903/-1209 -1418/-1907/-1202 -1417/-1906/-1199 -1430/-1902/-1210 
f -1417/-1906/-1199 -1420/-1905/-1200 -1416/-1900/-1198 -1415/-1901/-1197 
f -1430/-1899/-1210 -1417/-1906/-1199 -1415/-1901/-1197 -1428/-1898/-1208 
s 512
f -1413/-1897/-1196 -1414/-1894/-1196 -1411/-1895/-1196 -1412/-1896/-1196 
s 1
f -1410/-1893/-1195 -1436/-1921/-1214 -1435/-1920/-1215 -1409/-1892/-1194 
f -1409/-1892/-1194 -1435/-1920/-1215 -1432/-1918/-1211 -1408/-1891/-1193 
f -1407/-1890/-1192 -1405/-1888/-1191 -1406/-1889/-1190 
f -1406/-1889/-1190 -1405/-1888/-1191 -1404/-1887/-1189 
f -1401/-1886/-1188 -1402/-1883/-1187 -1403/-1884/-1186 -1400/-1885/-1185 
f -1399/-1882/-1184 -1402/-1883/-1187 -1401/-1886/-1188 -1398/-1881/-1183 
f -1405/-1888/-1191 -1401/-1886/-1188 -1400/-1885/-1185 -1404/-1887/-1189 
f -1401/-1886/-1188 -1405/-1888/-1191 -1397/-1880/-1182 -1398/-1881/-1183 
f -1394/-1879/-1181 -1395/-1876/-1180 -1396/-1877/-1179 -1393/-1878/-1178 
f -1391/-1875/-1177 -1392/-1874/-1176 -1395/-1876/-1180 -1394/-1879/-1181 
f -1392/-1874/-1176 -1391/-1875/-1177 -1389/-1872/-1175 -1390/-1873/-1174 
f -1386/-1871/-1173 -1387/-1868/-1172 -1388/-1869/-1171 -1385/-1870/-1170 
f -1384/-1867/-1169 -1386/-1871/-1173 -1385/-1870/-1170 -1383/-1866/-1168 
f -1382/-1865/-1167 -1379/-1862/-1166 -1380/-1863/-1165 -1381/-1864/-1164 
f -1379/-1862/-1166 -1377/-1860/-1163 -1378/-1861/-1162 -1380/-1863/-1165 
f -1374/-1859/-1161 -1375/-1856/-1160 -1376/-1857/-1159 -1373/-1858/-1158 
f -1372/-1855/-1157 -1375/-1856/-1160 -1374/-1859/-1161 -1371/-1854/-1156 
f -1383/-1853/-1168 -1374/-1859/-1161 -1373/-1858/-1158 -1384/-1852/-1169 
f -1374/-1859/-1161 -1383/-1853/-1168 -1370/-1851/-1155 -1371/-1854/-1156 
f -1368/-1850/-1154 -1369/-1848/-1153 -1396/-1877/-1179 -1367/-1849/-1152 
f -1365/-1847/-1151 -1366/-1846/-1150 -1369/-1848/-1153 -1368/-1850/-1154 
f -1364/-1845/-1149 -1368/-1850/-1154 -1367/-1849/-1152 -1363/-1844/-1148 
f -1362/-1843/-1147 -1365/-1847/-1151 -1368/-1850/-1154 -1364/-1845/-1149 
f -1359/-1842/-1146 -1360/-1839/-1145 -1361/-1840/-1144 -1358/-1841/-1143 
f -1357/-1838/-1142 -1359/-1842/-1146 -1358/-1841/-1143 -1356/-1837/-1141 
f -1358/-1841/-1143 -1361/-1840/-1144 -1366/-1846/-1150 -1365/-1847/-1151 
f -1356/-1837/-1141 -1358/-1841/-1143 -1365/-1847/-1151 -1362/-1843/-1147 
f -1353/-1836/-1140 -1354/-1833/-1139 -1355/-1834/-1138 -1352/-1835/-1137 
f -1350/-1832/-1136 -1351/-1831/-1135 -1354/-1833/-1139 -1353/-1836/-1140 
f -1356/-1837/-1141 -1353/-1836/-1140 -1352/-1835/-1137 -1357/-1838/-1142 
f -1362/-1843/-1147 -1350/-1832/-1136 -1353/-1836/-1140 -1356/-1837/-1141 
f -1347/-1830/-1134 -1348/-1827/-1133 -1349/-1828/-1132 -1346/-1829/-1131 
f -1363/-1844/-1148 -1347/-1830/-1134 -1346/-1829/-1131 -1364/-1845/-1149 
f -1346/-1829/-1131 -1349/-1828/-1132 -1351/-1831/-1135 -1350/-1832/-1136 
f -1364/-1845/-1149 -1346/-1829/-1131 -1350/-1832/-1136 -1362/-1843/-1147 
f -1344/-1826/-1130 -1345/-1825/-1129 -1436/-1921/-1214 -1410/-1893/-1195 
f -1342/-1824/-1128 -1343/-1823/-1127 -1345/-1825/-1129 -1344/-1826/-1130 
f -1344/-1826/-1130 -1410/-1893/-1195 -1340/-1821/-1126 -1341/-1822/-1125 
f -1342/-1824/-1128 -1344/-1826/-1130 -1341/-1822/-1125 -1339/-1820/-1124 
f -1388/-1869/-1171 -1387/-1868/-1172 -1338/-1818/-1123 -1337/-1819/-1122 
f -1388/-1869/-1171 -1337/-1819/-1122 -1335/-1816/-1121 -1336/-1817/-1120 
f -1337/-1819/-1122 -1338/-1818/-1123 -1343/-1823/-1127 -1342/-1824/-1128 
f -1337/-1819/-1122 -1342/-1824/-1128 -1339/-1820/-1124 -1335/-1816/-1121 
f -1334/-1815/-1119 -1361/-1840/-1144 -1360/-1839/-1145 -1333/-1814/-1118 
f -1332/-1813/-1117 -1366/-1846/-1150 -1361/-1840/-1144 -1334/-1815/-1119 
f -1333/-1814/-1118 -1330/-1811/-1116 -1331/-1812/-1115 -1334/-1815/-1119 
f -1334/-1815/-1119 -1331/-1812/-1115 -1329/-1810/-1114 -1332/-1813/-1117 
f -1393/-1878/-1178 -1396/-1877/-1179 -1369/-1848/-1153 -1328/-1809/-1113 
f -1328/-1809/-1113 -1326/-1807/-1112 -1327/-1808/-1111 -1393/-1878/-1178 
f -1328/-1809/-1113 -1369/-1848/-1153 -1366/-1846/-1150 -1332/-1813/-1117 
f -1332/-1813/-1117 -1329/-1810/-1114 -1326/-1807/-1112 -1328/-1809/-1113 
f -1324/-1806/-1110 -1325/-1803/-1109 -1322/-1804/-1109 -1323/-1805/-1110 
f -1321/-1802/-1108 -1324/-1806/-1110 -1323/-1805/-1110 -1320/-1801/-1108 
f -1319/-1800/-1107 -1367/-1849/-1152 -1396/-1877/-1179 -1395/-1876/-1180 
f -1318/-1799/-1106 -1363/-1844/-1148 -1367/-1849/-1152 -1319/-1800/-1107 
f -1317/-1798/-1105 -1319/-1800/-1107 -1395/-1876/-1180 -1392/-1874/-1176 
f -1316/-1797/-1104 -1318/-1799/-1106 -1319/-1800/-1107 -1317/-1798/-1105 
f -1315/-1796/-1103 -1348/-1827/-1133 -1347/-1830/-1134 -1314/-1795/-1102 
f -1313/-1794/-1101 -1315/-1796/-1103 -1314/-1795/-1102 -1312/-1793/-1100 
f -1314/-1795/-1102 -1347/-1830/-1134 -1363/-1844/-1148 -1318/-1799/-1106 
f -1312/-1793/-1100 -1314/-1795/-1102 -1318/-1799/-1106 -1316/-1797/-1104 
f -1311/-1792/-1099 -1309/-1790/-1098 -1310/-1791/-1097 
f -1310/-1791/-1097 -1309/-1790/-1098 -1308/-1789/-1096 
f -1307/-1788/-1095 -1309/-1790/-1098 -1306/-1787/-1094 
f -1308/-1789/-1096 -1309/-1790/-1098 -1307/-1788/-1095 
f -1305/-1786/-1093 -1352/-1835/-1137 -1355/-1834/-1138 -1304/-1785/-1092 
f -1303/-1784/-1091 -1357/-1838/-1142 -1352/-1835/-1137 -1305/-1786/-1093 
f -1304/-1785/-1092 -1301/-1782/-1090 -1302/-1783/-1089 -1305/-1786/-1093 
f -1305/-1786/-1093 -1302/-1783/-1089 -1300/-1781/-1088 -1303/-1784/-1091 
f -1333/-1814/-1118 -1360/-1839/-1145 -1359/-1842/-1146 -1299/-1780/-1087 
f -1299/-1780/-1087 -1298/-1779/-1086 -1330/-1811/-1116 -1333/-1814/-1118 
f -1299/-1780/-1087 -1359/-1842/-1146 -1357/-1838/-1142 -1303/-1784/-1091 
f -1303/-1784/-1091 -1300/-1781/-1088 -1298/-1779/-1086 -1299/-1780/-1087 
f -1297/-1778/-1085 -1373/-1858/-1158 -1376/-1857/-1159 -1296/-1777/-1084 
f -1295/-1776/-1083 -1384/-1852/-1169 -1373/-1858/-1158 -1297/-1778/-1085 
f -1294/-1775/-1082 -1297/-1778/-1085 -1296/-1777/-1084 -1293/-1774/-1081 
f -1292/-1773/-1080 -1295/-1776/-1083 -1297/-1778/-1085 -1294/-1775/-1082 
f -1338/-1818/-1123 -1387/-1868/-1172 -1386/-1871/-1173 -1291/-1772/-1079 
f -1343/-1823/-1127 -1338/-1818/-1123 -1291/-1772/-1079 -1290/-1771/-1078 
f -1291/-1772/-1079 -1386/-1871/-1173 -1384/-1867/-1169 -1295/-1770/-1083 
f -1290/-1771/-1078 -1291/-1772/-1079 -1295/-1770/-1083 -1292/-1769/-1080 
f -1289/-1768/-1077 -1433/-1922/-1213 -1436/-1921/-1214 -1345/-1825/-1129 
f -1288/-1767/-1076 -1429/-1916/-1209 -1433/-1922/-1213 -1289/-1768/-1077 
f -1290/-1771/-1078 -1289/-1768/-1077 -1345/-1825/-1129 -1343/-1823/-1127 
f -1292/-1769/-1080 -1288/-1767/-1076 -1289/-1768/-1077 -1290/-1771/-1078 
f -1287/-1766/-1075 -1419/-1904/-1201 -1418/-1907/-1202 -1286/-1765/-1074 
f -1293/-1774/-1081 -1287/-1766/-1075 -1286/-1765/-1074 -1294/-1775/-1082 
f -1286/-1765/-1074 -1418/-1907/-1202 -1429/-1903/-1209 -1288/-1764/-1076 
f -1294/-1775/-1082 -1286/-1765/-1074 -1288/-1763/-1076 -1292/-1773/-1080 
f -1285/-1762/-1073 -1282/-1759/-1072 -1283/-1760/-1071 -1284/-1761/-1070 
f -1282/-1759/-1072 -1280/-1757/-1069 -1281/-1758/-1068 -1283/-1760/-1071 
f -1278/-1756/-1067 -1279/-1753/-1066 -1276/-1754/-1065 -1277/-1755/-1064 
f -1276/-1754/-1065 -1274/-1751/-1063 -1275/-1752/-1062 -1277/-1755/-1064 
f -1273/-1750/-1061 -1271/-1748/-1060 -1272/-1749/-1059 
f -1270/-1747/-1058 -1268/-1745/-1057 -1269/-1746/-1056 
f -1266/-1744/-1055 -1267/-1741/-1054 -1264/-1742/-1053 -1265/-1743/-1052 
f -1265/-1743/-1052 -1264/-1742/-1053 -1262/-1739/-1051 -1263/-1740/-1050 
f -1261/-1738/-1049 -1259/-1736/-1048 -1260/-1737/-1047 
f -1257/-1735/-1046 -1258/-1732/-1045 -1255/-1733/-1044 -1256/-1734/-1043 
f -1253/-1731/-1042 -1261/-1738/-1049 -1254/-1729/-1041 -1252/-1730/-1040 
f -1251/-1728/-1039 -1253/-1731/-1042 -1252/-1730/-1040 -1250/-1727/-1038 
f -1249/-1726/-1037 -1246/-1723/-1036 -1247/-1724/-1035 -1248/-1725/-1034 
f -1246/-1723/-1036 -1244/-1721/-1033 -1245/-1722/-1032 -1247/-1724/-1035 
f -1243/-1720/-1031 -1405/-1888/-1191 -1407/-1890/-1192 -1242/-1719/-1030 
f -1405/-1888/-1191 -1243/-1720/-1031 -1241/-1717/-1029 -1397/-1718/-1182 
f -1250/-1727/-1038 -1243/-1720/-1031 -1242/-1719/-1030 -1251/-1728/-1039 
f -1243/-1720/-1031 -1250/-1727/-1038 -1240/-1716/-1028 -1241/-1717/-1029 
f -1261/-1738/-1049 -1253/-1731/-1042 -1239/-1715/-1027 -1258/-1732/-1045 
f -1238/-1714/-1026 -1255/-1733/-1044 -1258/-1732/-1045 -1239/-1715/-1027 
f -1237/-1713/-1025 -1239/-1715/-1027 -1253/-1731/-1042 -1251/-1728/-1039 
f -1236/-1712/-1024 -1238/-1714/-1026 -1239/-1715/-1027 -1237/-1713/-1025 
f -1233/-1711/-1023 -1234/-1708/-1022 -1235/-1709/-1021 -1232/-1710/-1020 
f -1231/-1707/-1019 -1233/-1711/-1023 -1232/-1710/-1020 -1230/-1706/-1018 
f -1232/-1710/-1020 -1235/-1709/-1021 -1255/-1733/-1044 -1238/-1714/-1026 
f -1230/-1706/-1018 -1232/-1710/-1020 -1238/-1714/-1026 -1236/-1712/-1024 
f -1229/-1705/-1017 -1400/-1702/-1185 -1403/-1703/-1186 -1228/-1704/-1016 
f -1227/-1701/-1015 -1404/-1887/-1189 -1400/-1702/-1185 -1229/-1705/-1017 
f -1230/-1706/-1018 -1229/-1705/-1017 -1228/-1704/-1016 -1231/-1707/-1019 
f -1236/-1712/-1024 -1227/-1701/-1015 -1229/-1705/-1017 -1230/-1706/-1018 
f -1242/-1719/-1030 -1407/-1890/-1192 -1406/-1889/-1190 -1226/-1700/-1014 
f -1251/-1728/-1039 -1242/-1719/-1030 -1226/-1700/-1014 -1237/-1713/-1025 
f -1226/-1700/-1014 -1406/-1889/-1190 -1404/-1887/-1189 -1227/-1701/-1015 
f -1237/-1713/-1025 -1226/-1700/-1014 -1227/-1701/-1015 -1236/-1712/-1024 
f -1225/-1699/-1013 -1276/-1754/-1065 -1279/-1753/-1066 -1224/-1698/-1012 
f -1223/-1697/-1011 -1274/-1751/-1063 -1276/-1754/-1065 -1225/-1699/-1013 
f -1222/-1696/-1010 -1225/-1699/-1013 -1224/-1698/-1012 -1221/-1695/-1009 
f -1220/-1694/-1008 -1223/-1697/-1011 -1225/-1699/-1013 -1222/-1696/-1010 
f -1218/-1693/-1007 -1273/-1750/-1061 -1219/-1691/-1006 -1217/-1692/-1005 
f -1216/-1690/-1004 -1218/-1693/-1007 -1217/-1692/-1005 -1215/-1689/-1003 
f -1217/-1692/-1005 -1219/-1691/-1006 -1274/-1687/-1063 -1223/-1688/-1011 
f -1215/-1689/-1003 -1217/-1692/-1005 -1223/-1688/-1011 -1220/-1686/-1008 
f -1214/-1685/-1002 -1307/-1682/-1095 -1306/-1683/-1094 -1213/-1684/-1001 
f -1212/-1681/-1000 -1308/-1680/-1096 -1307/-1682/-1095 -1214/-1685/-1002 
f -1215/-1689/-1003 -1214/-1685/-1002 -1213/-1684/-1001 -1216/-1690/-1004 
f -1220/-1686/-1008 -1212/-1681/-1000 -1214/-1685/-1002 -1215/-1689/-1003 
f -1211/-1679/-999 -1311/-1676/-1099 -1310/-1677/-1097 -1210/-1678/-998 
f -1221/-1695/-1009 -1211/-1679/-999 -1210/-1678/-998 -1222/-1696/-1010 
f -1210/-1678/-998 -1310/-1677/-1097 -1308/-1674/-1096 -1212/-1675/-1000 
f -1222/-1696/-1010 -1210/-1678/-998 -1212/-1675/-1000 -1220/-1694/-1008 
f -1208/-1673/-997 -1209/-1672/-996 -1273/-1750/-1061 -1218/-1693/-1007 
f -1207/-1671/-995 -1209/-1672/-996 -1208/-1673/-997 -1206/-1670/-994 
f -1205/-1669/-993 -1208/-1673/-997 -1218/-1693/-1007 -1216/-1690/-1004 
f -1206/-1670/-994 -1208/-1673/-997 -1205/-1669/-993 -1204/-1668/-992 
f -1213/-1684/-1001 -1306/-1683/-1094 -1309/-1666/-1098 -1203/-1667/-991 
f -1216/-1690/-1004 -1213/-1684/-1001 -1203/-1667/-991 -1205/-1669/-993 
f -1201/-1665/-990 -1202/-1662/-989 -1199/-1663/-988 -1200/-1664/-987 
f -1200/-1664/-987 -1199/-1663/-988 -1197/-1660/-986 -1198/-1661/-985 
f -1424/-1908/-1204 -1423/-1911/-1204 -1322/-1804/-1109 -1325/-1803/-1109 
f -1420/-1905/-1200 -1419/-1904/-1201 -1348/-1827/-1133 -1315/-1796/-1103 
f -1416/-1900/-1198 -1420/-1905/-1200 -1315/-1796/-1103 -1313/-1794/-1101 
f -1309/-1790/-1098 -1311/-1792/-1099 -1403/-1884/-1186 -1402/-1883/-1187 
f -1309/-1790/-1098 -1402/-1883/-1187 -1399/-1882/-1184 -1196/-1659/-984 
f -1304/-1785/-1092 -1355/-1834/-1138 -1376/-1857/-1159 -1375/-1856/-1160 
f -1375/-1856/-1160 -1372/-1855/-1157 -1301/-1782/-1090 -1304/-1785/-1092 
f -1296/-1777/-1084 -1376/-1857/-1159 -1355/-1834/-1138 -1354/-1833/-1139 
f -1293/-1774/-1081 -1296/-1777/-1084 -1354/-1833/-1139 -1351/-1831/-1135 
f -1349/-1828/-1132 -1348/-1827/-1133 -1419/-1904/-1201 -1287/-1766/-1075 
f -1351/-1831/-1135 -1349/-1828/-1132 -1287/-1766/-1075 -1293/-1774/-1081 
f -1234/-1708/-1022 -1279/-1753/-1066 -1278/-1756/-1067 -1195/-1658/-983 
f -1224/-1698/-1012 -1279/-1753/-1066 -1234/-1708/-1022 -1233/-1711/-1023 
f -1221/-1695/-1009 -1224/-1698/-1012 -1233/-1711/-1023 -1231/-1707/-1019 
f -1228/-1704/-1016 -1403/-1703/-1186 -1311/-1676/-1099 -1211/-1679/-999 
f -1231/-1707/-1019 -1228/-1704/-1016 -1211/-1679/-999 -1221/-1695/-1009 
s 2147483648
f -1393/-1657/-982 -1410/-1654/-982 -1409/-1655/-981 -1394/-1656/-981 
f -1394/-1656/-981 -1409/-1655/-981 -1408/-1652/-980 -1391/-1653/-980 
s 1073741824
f -1193/-1651/-979 -1194/-1648/-978 -1191/-1649/-978 -1192/-1650/-979 
s 2147483648
f -1389/-1647/-977 -1391/-1653/-980 -1408/-1652/-980 -1190/-1646/-977 
s 524288
f -1189/-1645/-976 -1271/-1642/-976 -1187/-1643/-975 -1188/-1644/-975 
s 2147483648
f -1268/-1641/-974 -1271/-1642/-973 -1189/-1645/-972 
s 1
f -1254/-1729/-1041 -1189/-1638/-971 -1188/-1639/-970 -1186/-1640/-969 
f -1254/-1729/-1041 -1261/-1738/-1049 -1189/-1638/-971 
f -1209/-1672/-996 -1271/-1748/-1060 -1273/-1750/-1061 
f -1184/-1637/-968 -1185/-1634/-967 -1182/-1635/-966 -1183/-1636/-965 
s 16777216
f -1249/-1633/-964 -1185/-1630/-964 -1181/-1631/-963 -1246/-1632/-963 
f -1246/-1632/-963 -1181/-1631/-963 -1197/-1628/-962 -1244/-1629/-962 
f -1180/-1627/-961 -1199/-1624/-961 -1202/-1625/-960 -1179/-1626/-960 
f -1244/-1629/-962 -1197/-1628/-962 -1199/-1624/-961 -1180/-1627/-961 
f -1178/-1623/-959 -1182/-1622/-959 -1185/-1630/-964 -1249/-1633/-964 
s 1073741824
f -1177/-1621/-958 -1176/-1620/-958 -1191/-1649/-978 -1194/-1648/-978 
f -1175/-1619/-957 -1174/-1618/-957 -1176/-1620/-958 -1177/-1621/-958 
f -1173/-1617/-956 -1382/-1614/-956 -1171/-1615/-955 -1172/-1616/-955 
f -1172/-1616/-955 -1171/-1615/-955 -1174/-1618/-957 -1175/-1619/-957 
f -1170/-1613/-2967 -1167/-1610/-2967 -1168/-1611/-2967 -1169/-1612/-2967 
f -1169/-1612/-2967 -1168/-1611/-2967 -1377/-1608/-2967 -1166/-1609/-2967 
f -1165/-1607/-954 -1379/-1606/-954 -1382/-1614/-956 -1173/-1617/-956 
f -1166/-1609/-2967 -1377/-1608/-2967 -1379/-1606/-954 -1165/-1607/-954 
s 1
f -1336/-1817/-1120 -1164/-1605/-953 -1385/-1870/-1170 -1388/-1869/-1171 
f -1164/-1605/-953 -1370/-1604/-1155 -1383/-1866/-1168 -1385/-1870/-1170 
f -1163/-1603/-952 -1162/-1600/-951 -1168/-1601/-950 -1167/-1602/-949 
f -1162/-1600/-951 -1378/-1598/-1162 -1377/-1599/-1163 -1168/-1601/-950 
f -1161/-1597/-948 -1192/-1594/-947 -1191/-1595/-946 -1176/-1596/-945 
f -1160/-1593/-944 -1161/-1597/-948 -1176/-1596/-945 -1174/-1592/-943 
f -1381/-1864/-1164 -1159/-1590/-942 -1171/-1591/-941 -1382/-1865/-1167 
f -1159/-1590/-942 -1160/-1593/-944 -1174/-1592/-943 -1171/-1591/-941 
f -1172/-1589/-940 -1158/-1586/-939 -1157/-1587/-938 -1173/-1588/-937 
f -1175/-1585/-936 -1156/-1584/-935 -1158/-1586/-939 -1172/-1589/-940 
f -1194/-1583/-934 -1193/-1580/-933 -1155/-1581/-932 -1177/-1582/-931 
f -1177/-1582/-931 -1155/-1581/-932 -1156/-1584/-935 -1175/-1585/-936 
f -1169/-1579/-930 -1154/-1576/-929 -1153/-1577/-928 -1170/-1578/-927 
f -1166/-1575/-926 -1152/-1574/-925 -1154/-1576/-929 -1169/-1579/-930 
f -1173/-1588/-937 -1157/-1587/-938 -1151/-1572/-924 -1165/-1573/-923 
f -1165/-1573/-923 -1151/-1572/-924 -1152/-1574/-925 -1166/-1575/-926 
f -1170/-1578/-927 -1153/-1577/-928 -1163/-1603/-952 -1167/-1602/-949 
s 1073741824
f -1393/-1657/-922 -1327/-1570/-921 -1340/-1571/-921 -1410/-1654/-922 
s 1
f -1381/-1864/-1164 -1380/-1863/-1165 -1164/-1605/-953 -1336/-1817/-1120 
f -1380/-1863/-1165 -1378/-1861/-1162 -1370/-1604/-1155 -1164/-1605/-953 
f -1372/-1855/-1157 -1371/-1854/-1156 -1162/-1600/-951 -1163/-1603/-952 
f -1371/-1854/-1156 -1370/-1851/-1155 -1378/-1598/-1162 -1162/-1600/-951 
f -1341/-1822/-1125 -1340/-1821/-1126 -1192/-1594/-947 -1161/-1597/-948 
f -1339/-1820/-1124 -1341/-1822/-1125 -1161/-1597/-948 -1160/-1593/-944 
f -1336/-1817/-1120 -1335/-1816/-1121 -1159/-1590/-942 -1381/-1864/-1164 
f -1335/-1816/-1121 -1339/-1820/-1124 -1160/-1593/-944 -1159/-1590/-942 
f -1331/-1812/-1115 -1330/-1811/-1116 -1157/-1587/-938 -1158/-1586/-939 
f -1329/-1810/-1114 -1331/-1812/-1115 -1158/-1586/-939 -1156/-1584/-935 
f -1327/-1808/-1111 -1326/-1807/-1112 -1155/-1581/-932 -1193/-1580/-933 
f -1326/-1807/-1112 -1329/-1810/-1114 -1156/-1584/-935 -1155/-1581/-932 
f -1302/-1783/-1089 -1301/-1782/-1090 -1153/-1577/-928 -1154/-1576/-929 
f -1300/-1781/-1088 -1302/-1783/-1089 -1154/-1576/-929 -1152/-1574/-925 
f -1330/-1811/-1116 -1298/-1779/-1086 -1151/-1572/-924 -1157/-1587/-938 
f -1298/-1779/-1086 -1300/-1781/-1088 -1152/-1574/-925 -1151/-1572/-924 
f -1301/-1782/-1090 -1372/-1855/-1157 -1163/-1603/-952 -1153/-1577/-928 
s 1073741824
f -1193/-1651/-979 -1192/-1650/-979 -1340/-1571/-921 -1327/-1570/-921 
s 1
f -1202/-1569/-989 -1150/-1566/-920 -1149/-1567/-919 -1179/-1568/-918 
f -1149/-1567/-919 -1148/-1565/-917 -1179/-1568/-918 
f -1186/-1640/-969 -1147/-1564/-916 -1252/-1730/-1040 -1254/-1729/-1041 
f -1147/-1564/-916 -1240/-1716/-1028 -1250/-1727/-1038 -1252/-1730/-1040 
f -1179/-1563/-918 -1148/-1560/-917 -1146/-1561/-915 -1180/-1562/-914 
f -1146/-1561/-915 -1245/-1722/-1032 -1244/-1721/-1033 -1180/-1562/-914 
f -1185/-1634/-967 -1184/-1637/-968 -1145/-1558/-913 -1181/-1559/-912 
f -1181/-1559/-912 -1145/-1558/-913 -1198/-1661/-985 -1197/-1660/-986 
f -1309/-1666/-1098 -1196/-1556/-984 -1144/-1557/-911 -1203/-1667/-991 
f -1203/-1667/-991 -1144/-1557/-911 -1204/-1668/-992 -1205/-1669/-993 
f -1201/-1555/-990 -1150/-1566/-920 -1202/-1569/-989 
s 524288
f -1143/-1554/-910 -1183/-1553/-910 -1182/-1622/-909 -1178/-1623/-909 
s 1
f -1248/-1725/-1034 -1143/-1551/-908 -1178/-1552/-907 -1249/-1726/-1037 
f -1209/-1672/-996 -1207/-1671/-995 -1187/-1550/-906 -1271/-1748/-1060 
f -1399/-1882/-1184 -1398/-1881/-1183 -1149/-1567/-919 -1150/-1566/-920 
f -1398/-1881/-1183 -1397/-1880/-1182 -1148/-1565/-917 -1149/-1567/-919 
f -1248/-1725/-1034 -1247/-1724/-1035 -1147/-1564/-916 -1186/-1640/-969 
f -1247/-1724/-1035 -1245/-1722/-1032 -1240/-1716/-1028 -1147/-1564/-916 
f -1397/-1718/-1182 -1241/-1717/-1029 -1146/-1561/-915 -1148/-1560/-917 
f -1241/-1717/-1029 -1240/-1716/-1028 -1245/-1722/-1032 -1146/-1561/-915 
f -1207/-1671/-995 -1206/-1670/-994 -1145/-1558/-913 -1184/-1637/-968 
f -1206/-1670/-994 -1204/-1668/-992 -1198/-1661/-985 -1145/-1558/-913 
f -1201/-1665/-990 -1200/-1664/-987 -1144/-1557/-911 -1196/-1556/-984 
f -1200/-1664/-987 -1198/-1661/-985 -1204/-1668/-992 -1144/-1557/-911 
f -1196/-1659/-984 -1399/-1882/-1184 -1150/-1566/-920 -1201/-1555/-990 
s 524288
f -1188/-1644/-975 -1187/-1643/-975 -1183/-1553/-910 -1143/-1554/-910 
s 1
f -1186/-1640/-969 -1188/-1639/-970 -1143/-1551/-908 -1248/-1725/-1034 
f -1184/-1637/-968 -1183/-1636/-965 -1187/-1550/-906 -1207/-1671/-995 
f -1142/-1549/-905 -1141/-1548/-904 -1282/-1759/-1072 -1285/-1762/-1073 
f -1280/-1757/-1069 -1282/-1759/-1072 -1141/-1548/-904 -1140/-1547/-903 
f -1139/-1546/-902 -1280/-1543/-1069 -1140/-1544/-903 -1138/-1545/-901 
f -1137/-1542/-900 -1136/-1541/-899 -1268/-1745/-1057 -1270/-1747/-1058 
f -1135/-1540/-898 -1134/-1539/-897 -1264/-1742/-1053 -1267/-1741/-1054 
f -1262/-1739/-1051 -1264/-1742/-1053 -1134/-1539/-897 -1133/-1538/-896 
f -1132/-1537/-895 -1262/-1739/-1051 -1133/-1538/-896 -1131/-1536/-894 
f -1130/-1535/-893 -1139/-1546/-902 -1138/-1545/-901 -1129/-1534/-892 
f -1285/-1762/-1073 -1127/-1532/-891 -1128/-1533/-890 -1142/-1549/-905 
f -1270/-1747/-1058 -1132/-1537/-895 -1131/-1536/-894 -1137/-1542/-900 
f -1129/-1534/-892 -1135/-1540/-898 -1267/-1741/-1054 -1130/-1535/-893 
s 2147483648
f -1136/-1531/-889 -1128/-1529/-889 -1127/-1530/-888 -1268/-1641/-974 
s 1
f -1272/-1749/-1059 -1126/-1528/-887 -1219/-1691/-1006 -1273/-1750/-1061 
f -1126/-1528/-887 -1275/-1527/-1062 -1274/-1687/-1063 -1219/-1691/-1006 
f -1130/-1535/-893 -1125/-1525/-886 -1124/-1526/-885 -1139/-1546/-902 
f -1124/-1526/-885 -1281/-1524/-1068 -1280/-1543/-1069 -1139/-1546/-902 
f -1284/-1761/-1070 -1127/-1532/-891 -1285/-1762/-1073 
f -1234/-1708/-1022 -1195/-1658/-983 -1123/-1523/-884 -1235/-1709/-1021 
f -1235/-1709/-1021 -1123/-1523/-884 -1256/-1734/-1043 -1255/-1733/-1044 
f -1270/-1747/-1058 -1121/-1521/-883 -1122/-1522/-882 
f -1132/-1537/-895 -1120/-1520/-881 -1263/-1740/-1050 -1262/-1739/-1051 
f -1267/-1741/-1054 -1266/-1744/-1055 -1125/-1525/-886 -1130/-1535/-893 
f -1119/-1519/-880 -1116/-1516/-879 -1117/-1517/-879 -1118/-1518/-880 
f -1115/-1515/-878 -1117/-1517/-879 -1116/-1516/-879 -1114/-1514/-878 
f -1272/-1749/-1059 -1271/-1748/-1060 -1127/-1532/-891 -1284/-1761/-1070 
f -1113/-1513/-877 -1110/-1510/-876 -1111/-1511/-875 -1112/-1512/-877 
f -1269/-1746/-1056 -1121/-1521/-883 -1270/-1747/-1058 
f -1112/-1512/-877 -1115/-1515/-878 -1114/-1514/-878 -1113/-1513/-877 
s 2147483648
f -1268/-1641/-974 -1127/-1530/-888 -1271/-1642/-973 
s 1
f -1259/-1736/-1048 -1261/-1738/-1049 -1258/-1732/-1045 -1257/-1735/-1046 
f -1270/-1747/-1058 -1122/-1522/-882 -1120/-1520/-881 -1132/-1537/-895 
f -1106/-1508/-874 -1111/-1511/-875 -1108/-1509/-873 -1109/-1507/-872 
s 8192
f -1283/-1506/-871 -1119/-1519/-871 -1284/-1505/-870 
s 65536
f -1284/-1504/-869 -1119/-1519/-869 -1118/-1518/-869 -1272/-1503/-869 
s 8192
f -1272/-1502/-868 -1118/-1518/-867 -1126/-1501/-867 
f -1126/-1501/-867 -1118/-1518/-867 -1117/-1517/-866 -1275/-1500/-866 
f -1275/-1500/-866 -1117/-1517/-866 -1115/-1515/-865 -1277/-1499/-864 
f -1277/-1499/-864 -1115/-1515/-865 -1278/-1498/-863 
f -1278/-1498/-863 -1115/-1515/-865 -1112/-1512/-862 -1195/-1497/-861 
f -1195/-1497/-861 -1112/-1512/-862 -1123/-1496/-860 
f -1123/-1496/-860 -1112/-1512/-862 -1111/-1511/-859 -1256/-1495/-858 
f -1256/-1495/-858 -1111/-1511/-859 -1257/-1494/-857 
f -1257/-1494/-857 -1111/-1511/-859 -1107/-1492/-856 -1259/-1493/-856 
s 16777216
f -1260/-1491/-855 -1106/-1508/-855 -1109/-1507/-855 -1121/-1490/-855 
s 8192
f -1122/-1489/-854 -1108/-1509/-854 -1110/-1510/-853 -1120/-1488/-852 
f -1120/-1488/-852 -1110/-1510/-853 -1263/-1487/-851 
f -1263/-1487/-851 -1110/-1510/-853 -1113/-1513/-850 -1265/-1486/-849 
f -1265/-1486/-849 -1113/-1513/-850 -1266/-1485/-848 
f -1266/-1485/-848 -1113/-1513/-850 -1114/-1514/-847 -1125/-1484/-846 
f -1125/-1484/-846 -1114/-1514/-847 -1124/-1483/-845 
f -1124/-1483/-845 -1114/-1514/-847 -1116/-1516/-844 -1281/-1482/-844 
f -1281/-1482/-844 -1116/-1516/-844 -1119/-1519/-871 -1283/-1506/-871 
s 4
f -1259/-1481/-843 -1107/-1492/-843 -1106/-1508/-843 -1260/-1480/-843 
f -1121/-1479/-842 -1109/-1507/-842 -1108/-1509/-842 -1122/-1478/-842 
s 1
f -1260/-1737/-1047 -1105/-1477/-841 -1261/-1738/-1049 
f -1105/-1477/-841 -1189/-1638/-971 -1261/-1738/-1049 
f -1105/-1477/-841 -1260/-1737/-1047 -1121/-1521/-883 -1269/-1746/-1056 
f -1269/-1746/-1056 -1268/-1745/-1057 -1189/-1638/-971 -1105/-1477/-841 
f -1414/-1894/-840 -1413/-1897/-840 -1422/-1910/-1203 -1421/-1909/-1203 
f -1416/-1900/-1198 -1104/-1475/-839 -1103/-1476/-838 -1415/-1901/-1197 
f -1415/-1901/-1197 -1103/-1476/-838 -1425/-1474/-1205 -1428/-1898/-1208 
f -1432/-1918/-1211 -1427/-1914/-1207 -1190/-1473/-837 -1408/-1891/-1193 
s 512
f -1320/-1801/-836 -1101/-1471/-836 -1102/-1472/-836 -1321/-1802/-836 
s 1
f -1312/-1793/-1100 -1100/-1469/-835 -1099/-1470/-834 -1313/-1794/-1101 
f -1098/-1468/-833 -1100/-1469/-835 -1312/-1793/-1100 -1316/-1797/-1104 
f -1390/-1873/-1174 -1097/-1467/-832 -1317/-1798/-1105 -1392/-1874/-1176 
f -1097/-1467/-832 -1098/-1468/-833 -1316/-1797/-1104 -1317/-1798/-1105 
f -1313/-1794/-1101 -1099/-1470/-834 -1104/-1475/-839 -1416/-1900/-1198 
s 2147483648
f -1102/-1472/-831 -1101/-1471/-831 -1412/-1465/-831 -1411/-1466/-831 
s off
f -1142/-1464/-830 -1414/-1462/-830 -1141/-1463/-830 
f -1141/-1463/-829 -1414/-1462/-829 -1421/-1460/-829 -1140/-1461/-829 
f -1140/-1461/-828 -1421/-1460/-828 -1424/-1458/-828 -1138/-1459/-828 
f -1138/-1459/-827 -1424/-1458/-827 -1129/-1457/-827 
f -1129/-1457/-826 -1424/-1458/-826 -1325/-1455/-826 -1135/-1456/-826 
f -1135/-1456/-825 -1325/-1455/-825 -1134/-1454/-825 
f -1134/-1454/-824 -1325/-1455/-824 -1324/-1452/-824 -1133/-1453/-824 
f -1133/-1453/-823 -1324/-1452/-823 -1131/-1451/-823 
f -1131/-1451/-822 -1324/-1452/-822 -1321/-1449/-822 -1137/-1450/-822 
f -1137/-1450/-821 -1321/-1449/-821 -1102/-1447/-821 -1136/-1448/-821 
f -1136/-1448/-820 -1102/-1447/-820 -1411/-1445/-820 -1128/-1446/-820 
f -1128/-1444/-819 -1411/-1443/-819 -1414/-1462/-819 -1142/-1464/-819 
f -1426/-1442/-818 -1413/-1440/-818 -1427/-1441/-818 
f -1427/-1441/-817 -1413/-1440/-817 -1412/-1438/-817 -1190/-1439/-817 
f -1190/-1439/-816 -1412/-1438/-816 -1101/-1436/-816 -1389/-1437/-816 
f -1389/-1437/-815 -1101/-1436/-815 -1320/-1434/-815 -1390/-1435/-815 
f -1390/-1435/-814 -1320/-1434/-814 -1323/-1432/-814 -1097/-1433/-814 
f -1097/-1433/-813 -1323/-1432/-813 -1098/-1431/-813 
f -1098/-1431/-812 -1323/-1432/-812 -1322/-1429/-812 -1100/-1430/-812 
f -1100/-1428/-811 -1322/-1426/-811 -1099/-1427/-811 
f -1099/-1427/-810 -1322/-1426/-810 -1423/-1424/-810 -1104/-1425/-810 
f -1104/-1425/-809 -1423/-1424/-809 -1103/-1423/-809 
f -1103/-1423/-808 -1423/-1424/-808 -1422/-1421/-808 -1425/-1422/-808 
f -1425/-1422/-807 -1422/-1421/-807 -1413/-1440/-807 -1426/-1442/-807 
s 1
f -1094/-1420/-806 -1095/-1417/-805 -1096/-1418/-804 -1093/-1419/-803 
f -1090/-1416/-802 -1091/-1413/-2399 -1092/-1414/-2400 -1089/-1415/-801 
f -1088/-1412/-800 -1095/-1417/-805 -1094/-1420/-806 -1087/-1411/-799 
f -1086/-1410/-2396 -1091/-1413/-2399 -1090/-1416/-802 -1085/-1409/-798 
f -1082/-1408/-2394 -1083/-1405/-797 -1084/-1406/-796 -1081/-1407/-2393 
f -1078/-1404/-795 -1079/-1401/-794 -1080/-1402/-793 -1077/-1403/-792 
f -1074/-1400/-791 -1075/-1397/-2384 -1076/-1398/-2384 -1073/-1399/-790 
f -1070/-1396/-789 -1071/-1393/-789 -1072/-1394/-2382 -1069/-1395/-2382 
f -1066/-1392/-788 -1067/-1389/-787 -1068/-1390/-786 -1065/-1391/-785 
f -1062/-1388/-784 -1063/-1385/-783 -1064/-1386/-782 -1061/-1387/-781 
f -1060/-1384/-780 -1066/-1382/-788 -1065/-1391/-785 -1059/-1383/-779 
f -1058/-1381/-778 -1064/-1386/-782 -1063/-1385/-783 -1057/-1380/-777 
f -1054/-1379/-776 -1055/-1376/-775 -1056/-1377/-775 -1053/-1378/-774 
f -1050/-1375/-773 -1051/-1372/-772 -1052/-1373/-771 -1049/-1374/-770 
f -1065/-1391/-785 -1068/-1390/-786 -1096/-1418/-804 -1095/-1417/-805 
f -1061/-1387/-781 -1064/-1386/-782 -1094/-1420/-806 -1093/-1419/-803 
f -1059/-1383/-779 -1065/-1391/-785 -1095/-1417/-805 -1088/-1412/-800 
f -1057/-1380/-777 -1063/-1385/-783 -1048/-1370/-769 -1047/-1371/-768 
f -1079/-1401/-794 -1054/-1379/-776 -1053/-1378/-774 -1080/-1402/-793 
f -1049/-1374/-770 -1052/-1373/-771 -1046/-1368/-767 -1045/-1369/-766 
f -1090/-1416/-802 -1089/-1415/-801 -1067/-1389/-787 -1066/-1392/-788 
f -1063/-1385/-783 -1062/-1388/-784 -1044/-1367/-765 -1048/-1370/-769 
f -1085/-1409/-798 -1090/-1416/-802 -1066/-1392/-788 -1060/-1366/-780 
f -1087/-1411/-799 -1094/-1420/-806 -1064/-1386/-782 -1058/-1381/-778 
f -1055/-1376/-775 -1074/-1400/-791 -1073/-1399/-790 -1056/-1377/-775 
f -1078/-1404/-795 -1077/-1403/-792 -1051/-1372/-772 -1050/-1375/-773 
f -1044/-1367/-765 -1042/-1364/-764 -1043/-1365/-763 -1048/-1370/-769 
f -1083/-1405/-797 -1047/-1371/-768 -1048/-1370/-769 -1084/-1406/-796 
f -1045/-1369/-766 -1046/-1368/-767 -1071/-1393/-789 -1070/-1396/-789 
f -1078/-1404/-795 -1040/-1362/-762 -1041/-1363/-761 -1079/-1401/-794 
f -1038/-1361/-760 -1039/-1360/-2384 -1075/-1397/-2384 -1074/-1400/-791 
f -1036/-1359/-759 -1037/-1358/-758 -1055/-1376/-775 -1054/-1379/-776 
f -1049/-1374/-770 -1034/-1356/-757 -1035/-1357/-756 -1050/-1375/-773 
f -1041/-1363/-761 -1036/-1359/-759 -1054/-1379/-776 -1079/-1401/-794 
f -1045/-1369/-766 -1033/-1355/-755 -1034/-1356/-757 -1049/-1374/-770 
f -1037/-1358/-758 -1038/-1361/-760 -1074/-1400/-791 -1055/-1376/-775 
f -1050/-1375/-773 -1035/-1357/-756 -1040/-1362/-762 -1078/-1404/-795 
f -1070/-1396/-789 -1032/-1354/-2382 -1033/-1355/-755 -1045/-1369/-766 
s 8
f -1077/-1353/-754 -1080/-1350/-753 -1031/-1351/-753 -1030/-1352/-754 
f -1073/-1349/-752 -1076/-1346/-2347 -1029/-1347/-2347 -1028/-1348/-752 
f -1071/-1345/-751 -1046/-1342/-750 -1027/-1343/-750 -1026/-1344/-751 
f -1024/-1341/-749 -1025/-1338/-748 -1053/-1339/-748 -1056/-1340/-749 
f -1022/-1337/-747 -1023/-1334/-746 -1052/-1335/-746 -1051/-1336/-747 
f -1028/-1348/-752 -1024/-1332/-749 -1056/-1333/-749 -1073/-1349/-752 
f -1030/-1352/-754 -1022/-1337/-747 -1051/-1336/-747 -1077/-1353/-754 
f -1025/-1338/-748 -1031/-1351/-753 -1080/-1350/-753 -1053/-1339/-748 
f -1023/-1334/-746 -1027/-1343/-750 -1046/-1331/-750 -1052/-1335/-746 
f -1072/-1330/-2340 -1071/-1345/-751 -1026/-1344/-751 -1021/-1329/-2340 
s 1
f -1018/-1328/-745 -1019/-1325/-744 -1020/-1326/-743 -1017/-1327/-742 
f -1014/-1324/-2335 -1015/-1321/-2332 -1016/-1322/-741 -1013/-1323/-740 
f -1010/-1320/-2331 -1011/-1317/-2328 -1012/-1318/-739 -1009/-1319/-738 
f -1006/-1316/-737 -1007/-1313/-736 -1008/-1314/-735 -1005/-1315/-734 
f -1002/-1312/-2323 -1003/-1309/-2320 -1004/-1310/-733 -1001/-1311/-732 
f -998/-1308/-2319 -999/-1305/-731 -1000/-1306/-730 -997/-1307/-2318 
f -1018/-1328/-745 -995/-1302/-729 -996/-1303/-728 -994/-1304/-727 
f -991/-1301/-726 -992/-1299/-725 -993/-1300/-724 -1017/-1327/-742 
f -988/-1298/-723 -989/-1295/-722 -990/-1296/-721 -987/-1297/-720 
f -984/-1294/-719 -985/-1291/-718 -986/-1292/-717 -983/-1293/-716 
f -994/-1304/-727 -1019/-1325/-744 -1018/-1328/-745 
f -991/-1301/-726 -1017/-1327/-742 -1020/-1326/-743 
f -987/-1297/-720 -990/-1296/-721 -1007/-1313/-736 -1006/-1316/-737 
f -999/-1305/-731 -984/-1294/-719 -983/-1293/-716 -982/-1290/-715 
f -995/-1289/-729 -1013/-1323/-740 -1016/-1322/-741 -996/-1288/-728 
f -992/-1299/-725 -1009/-1319/-738 -1012/-1318/-739 -993/-1300/-724 
f -1001/-1311/-732 -1004/-1310/-733 -989/-1286/-722 -988/-1287/-723 
f -985/-1291/-718 -1005/-1315/-734 -1008/-1314/-735 -986/-1292/-717 
f -982/-1290/-715 -1000/-1306/-730 -999/-1305/-731 
f -980/-1285/-714 -981/-1284/-713 -1008/-1314/-735 -1007/-1313/-736 
f -1003/-1309/-2320 -978/-1282/-2297 -979/-1283/-712 -1004/-1310/-733 
f -989/-1295/-722 -976/-1280/-711 -977/-1281/-710 -990/-1296/-721 
f -974/-1279/-709 -975/-1278/-708 -983/-1293/-716 -986/-1292/-717 
f -990/-1296/-721 -977/-1281/-710 -980/-1285/-714 -1007/-1313/-736 
f -975/-1278/-708 -973/-1277/-707 -982/-1290/-715 -983/-1293/-716 
f -1004/-1310/-733 -979/-1283/-712 -976/-1276/-711 -989/-1286/-722 
f -981/-1284/-713 -974/-1279/-709 -986/-1292/-717 -1008/-1314/-735 
f -973/-1277/-707 -972/-1275/-706 -1000/-1306/-730 -982/-1290/-715 
f -1019/-1325/-744 -1006/-1316/-737 -1005/-1315/-734 -1020/-1326/-743 
f -1015/-1321/-2332 -1002/-1312/-2323 -1001/-1311/-732 -1016/-1322/-741 
f -987/-1297/-720 -994/-1304/-727 -996/-1303/-728 -988/-1298/-723 
f -984/-1294/-719 -992/-1299/-725 -991/-1301/-726 -985/-1291/-718 
f -988/-1287/-723 -996/-1288/-728 -1016/-1322/-741 -1001/-1311/-732 
f -985/-1291/-718 -991/-1301/-726 -1020/-1326/-743 -1005/-1315/-734 
f -1006/-1316/-737 -1019/-1325/-744 -994/-1304/-727 -987/-1297/-720 
f -999/-1305/-731 -1009/-1319/-738 -992/-1299/-725 -984/-1294/-719 
f -1009/-1319/-738 -999/-1305/-731 -998/-1308/-2319 -1010/-1320/-2331 
s 2
f -1000/-1274/-705 -1070/-1396/-705 -1069/-1395/-2290 -997/-1273/-2290 
f -980/-1272/-704 -1041/-1269/-704 -1040/-1270/-703 -981/-1271/-703 
f -978/-1268/-2287 -1039/-1265/-2287 -1038/-1266/-702 -979/-1267/-702 
f -976/-1264/-701 -1037/-1261/-701 -1036/-1262/-700 -977/-1263/-700 
f -974/-1260/-699 -1035/-1257/-699 -1034/-1258/-698 -975/-1259/-698 
f -977/-1263/-700 -1036/-1262/-700 -1041/-1269/-704 -980/-1272/-704 
f -975/-1259/-698 -1034/-1258/-698 -1033/-1255/-697 -973/-1256/-697 
f -979/-1267/-702 -1038/-1266/-702 -1037/-1261/-701 -976/-1264/-701 
f -981/-1271/-703 -1040/-1270/-703 -1035/-1257/-699 -974/-1260/-699 
f -973/-1256/-697 -1033/-1255/-697 -1032/-1253/-696 -972/-1254/-696 
s 4
f -972/-1254/-695 -1032/-1253/-695 -1070/-1251/-695 -1000/-1252/-695 
s 2147483648
f -971/-1247/-2276 -967/-1248/-694 -969/-1250/-694 -970/-93/-693 
s 1
f -1084/-1406/-796 -1048/-1370/-769 -1043/-1365/-763 -966/-1246/-692 
s 8
f -1042/-1245/-691 -964/-1242/-691 -965/-1243/-691 -1043/-1244/-691 
s 2048
f -966/-1241/-690 -961/-1238/-690 -962/-1239/-2272 -963/-1240/-2272 
s 131072
f -1043/-1237/-689 -965/-1243/-689 -961/-1238/-689 -966/-1236/-689 
s 128
f -969/-1250/-688 -968/-1249/-688 -965/-1243/-688 -964/-1242/-688 
s 8388608
f -967/-1248/-687 -971/-1247/-2268 -962/-1239/-2268 -961/-1238/-687 
s 1073741824
f -961/-1238/-686 -965/-1243/-686 -968/-1249/-686 -967/-1248/-686 
s 1
f -1088/-1412/-800 -1087/-1411/-799 -1030/-1352/-685 -1031/-1351/-684 
f -1086/-1410/-2396 -1085/-1409/-798 -1028/-1348/-683 -1029/-1347/-2264 
f -1083/-1405/-797 -1082/-1408/-2394 -1021/-1329/-2261 -1026/-1344/-682 
f -1060/-1384/-780 -1059/-1383/-779 -1025/-1338/-681 -1024/-1341/-680 
f -1058/-1381/-778 -1057/-1380/-777 -1023/-1334/-679 -1022/-1337/-678 
f -1059/-1383/-779 -1088/-1412/-800 -1031/-1351/-684 -1025/-1338/-681 
f -1057/-1380/-777 -1047/-1371/-768 -1027/-1343/-677 -1023/-1334/-679 
f -1085/-1409/-798 -1060/-1366/-780 -1024/-1332/-680 -1028/-1348/-683 
f -1087/-1411/-799 -1058/-1381/-778 -1022/-1337/-678 -1030/-1352/-685 
f -1047/-1371/-768 -1083/-1405/-797 -1026/-1344/-682 -1027/-1343/-677 
s 4
f -953/-1233/-676 -955/-1234/-675 -959/-1235/-674 -960/-1232/-673 
s 32768
f -952/-1231/-672 -959/-1235/-672 -958/-1229/-671 -951/-1230/-671 
f -950/-1228/-670 -957/-1225/-670 -956/-1226/-669 -949/-1227/-669 
f -948/-1224/-668 -955/-1234/-668 -954/-1222/-667 -947/-1223/-667 
f -946/-1221/-666 -953/-1233/-666 -960/-1232/-665 -945/-1220/-665 
f -951/-1219/-671 -958/-1229/-671 -957/-1225/-670 -950/-1218/-670 
f -959/-1235/-672 -952/-1216/-672 -945/-1217/-665 -960/-1232/-665 
f -949/-1215/-669 -956/-1226/-669 -955/-1234/-668 -948/-1214/-668 
f -947/-1213/-667 -954/-1222/-667 -953/-1233/-666 -946/-1212/-666 
s 8
f -944/-1211/-664 -941/-1208/-664 -942/-1209/-663 -943/-1210/-663 
f -943/-1210/-663 -942/-1209/-663 -939/-1206/-662 -940/-1207/-662 
f -940/-1207/-662 -939/-1206/-662 -937/-1204/-661 -938/-1205/-661 
f -938/-1203/-661 -937/-1200/-661 -935/-1201/-660 -936/-1202/-660 
f -936/-1202/-660 -935/-1201/-660 -933/-1198/-659 -934/-1199/-659 
f -934/-1199/-659 -933/-1198/-659 -931/-1196/-658 -932/-1197/-658 
f -932/-1197/-658 -931/-1196/-658 -929/-1194/-657 -930/-1195/-657 
f -930/-1195/-657 -929/-1194/-657 -927/-1192/-656 -928/-1193/-656 
f -928/-1193/-656 -927/-1192/-656 -925/-1190/-655 -926/-1191/-655 
f -926/-1191/-655 -925/-1190/-655 -941/-1208/-664 -944/-1211/-664 
s 2
f -915/-1187/-654 -921/-1188/-653 -923/-1189/-652 -924/-1186/-651 
s off
f -941/-1208/-2225 -913/-1184/-2225 -914/-1185/-2225 -942/-1209/-2225 
f -942/-1209/-2226 -914/-1185/-2226 -912/-1183/-2226 -939/-1206/-2226 
f -939/-1206/-2227 -912/-1183/-2227 -911/-1182/-2227 -937/-1204/-2227 
f -937/-1200/-2228 -911/-1180/-2228 -910/-1181/-2228 -935/-1201/-2228 
f -935/-1201/-2229 -910/-1181/-2229 -909/-1179/-2229 -933/-1198/-2229 
f -933/-1198/-650 -909/-1179/-650 -908/-1178/-650 -931/-1196/-650 
f -931/-1196/-649 -908/-1178/-649 -907/-1177/-649 -929/-1194/-649 
f -929/-1194/-648 -907/-1177/-648 -906/-1176/-648 -927/-1192/-648 
f -927/-1192/-647 -906/-1176/-647 -905/-1175/-647 -925/-1190/-647 
f -925/-1190/-646 -905/-1175/-646 -913/-1184/-646 -941/-1208/-646 
s 4
f -913/-1184/-645 -924/-1173/-645 -923/-1174/-644 -914/-1185/-644 
f -914/-1185/-644 -923/-1174/-644 -922/-1172/-643 -912/-1183/-643 
f -912/-1183/-643 -922/-1172/-643 -921/-1171/-642 -911/-1182/-642 
f -911/-1180/-642 -921/-1169/-642 -920/-1170/-641 -910/-1181/-641 
f -910/-1181/-641 -920/-1170/-641 -919/-1168/-640 -909/-1179/-640 
f -909/-1179/-640 -919/-1168/-640 -918/-1167/-639 -908/-1178/-639 
f -908/-1178/-639 -918/-1167/-639 -917/-1166/-638 -907/-1177/-638 
f -907/-1177/-638 -917/-1166/-638 -916/-1165/-637 -906/-1176/-637 
f -906/-1176/-637 -916/-1165/-637 -915/-1164/-636 -905/-1175/-636 
f -905/-1175/-636 -915/-1164/-636 -924/-1173/-645 -913/-1184/-645 
s 2
f -891/-1161/-2209 -901/-1162/-2209 -903/-1163/-2209 -904/-1160/-2209 
s off
f -890/-1159/-2200 -887/-1156/-2200 -888/-1157/-2200 -889/-1158/-2200 
f -889/-1158/-2201 -888/-1157/-2201 -885/-1154/-2201 -886/-1155/-2201 
f -886/-1155/-2202 -885/-1154/-2202 -883/-1152/-2202 -884/-1153/-2202 
f -884/-1153/-2203 -883/-1152/-2203 -881/-1150/-2203 -882/-1151/-2203 
f -882/-1151/-2204 -881/-1150/-2204 -879/-1148/-2204 -880/-1149/-2204 
f -880/-1149/-2205 -879/-1148/-2205 -877/-1146/-2205 -878/-1147/-2205 
f -878/-1147/-2206 -877/-1146/-2206 -875/-1144/-2206 -876/-1145/-2206 
f -876/-1143/-2207 -875/-1140/-2207 -873/-1141/-2207 -874/-1142/-2207 
f -874/-1142/-2208 -873/-1141/-2208 -871/-1138/-2208 -872/-1139/-2208 
f -872/-1139/-2195 -871/-1138/-2195 -869/-1136/-2195 -870/-1137/-2195 
f -870/-1137/-2196 -869/-1136/-2196 -867/-1134/-2196 -868/-1135/-2196 
f -868/-1135/-2197 -867/-1134/-2197 -865/-1132/-2197 -866/-1133/-2197 
f -866/-1133/-2198 -865/-1132/-2198 -863/-1130/-2198 -864/-1131/-2198 
f -864/-1131/-2199 -863/-1130/-2199 -887/-1156/-2199 -890/-1159/-2199 
s 4
f -887/-1129/-635 -892/-1126/-635 -891/-1127/-634 -888/-1128/-634 
f -888/-1128/-634 -891/-1127/-634 -904/-1124/-633 -885/-1125/-633 
f -885/-1125/-633 -904/-1124/-633 -903/-1122/-632 -883/-1123/-632 
f -883/-1123/-632 -903/-1122/-632 -902/-1120/-2189 -881/-1121/-2189 
f -881/-1121/-2189 -902/-1120/-2189 -901/-1118/-2190 -879/-1119/-2190 
f -879/-1119/-2190 -901/-1118/-2190 -900/-1116/-631 -877/-1117/-631 
f -877/-1117/-631 -900/-1116/-631 -899/-1114/-630 -875/-1115/-630 
f -875/-1113/-630 -899/-1110/-630 -898/-1111/-629 -873/-1112/-629 
f -873/-1112/-629 -898/-1111/-629 -897/-1108/-628 -871/-1109/-628 
f -871/-1109/-628 -897/-1108/-628 -896/-1106/-627 -869/-1107/-627 
f -869/-1107/-627 -896/-1106/-627 -895/-1104/-2182 -867/-1105/-2182 
f -867/-1105/-2182 -895/-1104/-2182 -894/-1102/-2183 -865/-1103/-2183 
f -865/-1103/-2183 -894/-1102/-2183 -893/-1100/-626 -863/-1101/-626 
f -863/-1101/-626 -893/-1100/-626 -892/-1126/-635 -887/-1129/-635 
s 8
f -889/-1158/-625 -861/-1098/-625 -862/-1099/-624 -890/-1159/-624 
f -890/-1159/-624 -862/-1099/-624 -860/-1097/-623 -864/-1131/-623 
f -864/-1131/-623 -860/-1097/-623 -859/-1096/-2176 -866/-1133/-2176 
f -866/-1133/-2176 -859/-1096/-2176 -858/-1095/-2177 -868/-1135/-2177 
f -868/-1135/-2177 -858/-1095/-2177 -857/-1094/-622 -870/-1137/-622 
f -870/-1137/-622 -857/-1094/-622 -856/-1093/-621 -872/-1139/-621 
f -872/-1139/-621 -856/-1093/-621 -855/-1092/-620 -874/-1142/-620 
f -874/-1142/-620 -855/-1092/-620 -854/-1091/-619 -876/-1143/-619 
f -876/-1145/-619 -854/-1089/-619 -853/-1090/-618 -878/-1147/-618 
f -878/-1147/-618 -853/-1090/-618 -852/-1088/-617 -880/-1149/-617 
f -880/-1149/-617 -852/-1088/-617 -851/-1087/-616 -882/-1151/-616 
f -882/-1151/-616 -851/-1087/-616 -850/-1086/-615 -884/-1153/-615 
f -884/-1153/-615 -850/-1086/-615 -849/-1085/-614 -886/-1155/-614 
f -886/-1155/-614 -849/-1085/-614 -861/-1098/-625 -889/-1158/-625 
s off
f -846/-1084/-613 -847/-1081/-613 -848/-1082/-613 -845/-1083/-613 
f -843/-1080/-612 -844/-1077/-612 -841/-1078/-612 -842/-1079/-612 
f -838/-1076/-611 -839/-1073/-611 -840/-1074/-611 -837/-1075/-611 
f -840/-1074/-610 -835/-1070/-610 -836/-1071/-610 -834/-1072/-610 
f -831/-1069/-609 -832/-1067/-609 -833/-1068/-609 -837/-1075/-609 
f -830/-1066/-608 -829/-1065/-608 -838/-1076/-608 
f -839/-1073/-608 -827/-1063/-608 -828/-1064/-608 
f -826/-1062/-607 -824/-1060/-607 -825/-1061/-607 
f -827/-1063/-606 -822/-1058/-606 -823/-1059/-606 -828/-1064/-606 
f -828/-1064/-605 -835/-1070/-605 -840/-1074/-605 -839/-1073/-605 
f -837/-1075/-604 -833/-1068/-604 -830/-1066/-604 -838/-1076/-604 
f -819/-1057/-603 -820/-1054/-603 -821/-1055/-603 -818/-1056/-603 
f -816/-1053/-602 -817/-1050/-602 -814/-1051/-602 -815/-1052/-602 
f -820/-1054/-601 -812/-1048/-601 -813/-1049/-601 -821/-1055/-601 
f -820/-1054/-600 -819/-1057/-600 -811/-1047/-600 
f -818/-1056/-601 -821/-1055/-601 -810/-1046/-601 
f -813/-1049/-599 -816/-1053/-599 -809/-1045/-599 
f -808/-1044/-599 -817/-1050/-599 -812/-1048/-599 
f -816/-1053/-598 -815/-1052/-598 -807/-1043/-598 -809/-1045/-598 
f -806/-1042/-597 -805/-1041/-597 -814/-1051/-597 
f -808/-1044/-601 -812/-1048/-601 -820/-1054/-601 
f -821/-1055/-601 -813/-1049/-601 -809/-1045/-601 
f -804/-1040/-596 -845/-1083/-596 -848/-1082/-596 -803/-1039/-596 
f -816/-1038/-595 -829/-1065/-595 -827/-1063/-595 -817/-1037/-595 
f -802/-1036/-594 -841/-1078/-594 -844/-1077/-594 -801/-1035/-594 
f -812/-1034/-593 -839/-1073/-593 -838/-1076/-593 -813/-1033/-593 
f -836/-1032/-592 -835/-1029/-592 -820/-1030/-592 -800/-1031/-592 
f -834/-1072/-591 -836/-1071/-591 -800/-1027/-591 -799/-1028/-591 
f -832/-1026/-590 -798/-1023/-590 -821/-1024/-590 -833/-1025/-590 
f -832/-1067/-589 -831/-1069/-589 -797/-1021/-589 -798/-1022/-589 
f -813/-1020/-588 -838/-1017/-588 -829/-1018/-588 -816/-1019/-588 
f -817/-1016/-587 -827/-1013/-587 -839/-1014/-587 -812/-1015/-587 
f -826/-1012/-586 -830/-1009/-586 -809/-1010/-586 -807/-1011/-586 
f -796/-1008/-585 -824/-1060/-585 -826/-1062/-585 -807/-1007/-585 
f -806/-1006/-585 -823/-1059/-585 -795/-1004/-585 -805/-1005/-585 
f -792/-1003/-584 -793/-1000/-584 -794/-1001/-584 -791/-1002/-584 
f -788/-999/-583 -789/-996/-583 -790/-997/-583 -787/-998/-583 
f -828/-1064/-582 -794/-994/-582 -793/-995/-582 -835/-1070/-582 
f -835/-1070/-581 -793/-995/-581 -792/-992/-581 -820/-993/-581 
f -820/-1054/-580 -792/-990/-580 -791/-991/-580 -808/-1044/-580 
f -808/-989/-579 -791/-1002/-579 -794/-1001/-579 -828/-988/-579 
f -833/-1068/-578 -790/-986/-578 -789/-987/-578 -830/-1066/-578 
f -830/-1009/-577 -789/-996/-577 -788/-999/-577 -809/-1010/-577 
f -809/-1045/-576 -788/-984/-576 -787/-985/-576 -821/-1055/-576 
f -821/-983/-575 -787/-982/-575 -790/-986/-575 -833/-1068/-575 
f -834/-981/-3030 -848/-978/-3030 -847/-979/-3030 -840/-980/-3030 
f -840/-977/-574 -847/-1081/-574 -846/-1084/-574 -837/-976/-574 
f -837/-976/-2124 -846/-1084/-2124 -845/-974/-2124 -831/-975/-2124 
f -804/-972/-2124 -818/-92/-2124 -797/-973/-2124 -831/-975/-2124 
f -818/-971/-573 -804/-1040/-573 -803/-1039/-573 -819/-970/-573 
f -848/-978/-572 -834/-981/-572 -799/-969/-572 -819/-970/-572 
f -829/-1065/-571 -825/-1061/-571 -822/-1058/-571 -827/-1063/-571 
f -826/-1062/-570 -825/-1061/-570 -829/-1065/-570 -830/-1066/-570 
f -823/-1059/-607 -822/-1058/-607 -795/-1004/-607 
f -801/-1035/-569 -786/-966/-569 -785/-967/-569 -802/-968/-569 
f -807/-1043/-568 -815/-1052/-568 -796/-965/-568 
f -806/-1042/-567 -814/-1051/-567 -817/-1050/-567 -808/-1044/-567 
f -828/-988/-566 -823/-963/-566 -806/-964/-566 -808/-989/-566 
f -824/-962/-565 -844/-1077/-565 -843/-960/-565 -825/-961/-565 
f -825/-959/-564 -843/-1080/-564 -842/-1079/-564 -822/-958/-564 
f -822/-957/-563 -842/-955/-563 -841/-1078/-563 -795/-956/-563 
f -795/-956/-3030 -841/-1078/-3030 -802/-1036/-3030 -805/-954/-3030 
f -805/-954/-562 -802/-1036/-562 -785/-952/-562 -814/-953/-562 
f -814/-951/-561 -785/-967/-561 -786/-966/-561 -815/-950/-561 
f -786/-966/-560 -801/-1035/-560 -796/-948/-560 -815/-949/-560 
f -796/-948/-559 -801/-1035/-559 -844/-1077/-559 -824/-962/-559 
s 2
f -784/-947/-558 -781/-944/-558 -782/-945/-558 -783/-946/-558 
s 4
f -780/-943/-557 -777/-940/-557 -778/-941/-557 -779/-942/-557 
s 8
f -784/-939/-556 -780/-936/-556 -779/-937/-556 -781/-938/-556 
s 16
f -781/-944/-555 -779/-942/-555 -778/-941/-555 -782/-945/-555 
s 32
f -782/-945/-554 -778/-941/-554 -777/-940/-554 -783/-946/-554 
s 64
f -783/-946/-553 -777/-940/-553 -780/-943/-553 -784/-947/-553 
s 1
f -774/-935/-552 -775/-932/-552 -776/-933/-552 -773/-934/-552 
s 4
f -771/-931/-551 -772/-928/-551 -775/-929/-551 -774/-930/-551 
s 2
f -769/-927/-550 -770/-926/-550 -772/-928/-550 -771/-931/-550 
s 4
f -767/-925/-549 -768/-924/-549 -770/-926/-549 -769/-927/-549 
s 2
f -765/-923/-548 -766/-922/-548 -768/-924/-548 -767/-925/-548 
s 16
f -770/-920/-547 -768/-913/-547 -766/-912/-547 -776/-921/-547 
f -773/-914/-546 -769/-917/-546 -771/-911/-545 -774/-910/-545 
s 1
f -762/-935/-544 -763/-934/-544 -764/-933/-544 -761/-932/-544 
s 4
f -760/-931/-543 -762/-930/-543 -761/-929/-543 -759/-928/-543 
s 2
f -758/-927/-542 -760/-931/-542 -759/-928/-542 -757/-926/-542 
s 4
f -756/-925/-541 -758/-927/-541 -757/-926/-541 -755/-924/-541 
s 2
f -754/-923/-540 -756/-925/-540 -755/-924/-540 -753/-922/-540 
s 16
f -764/-921/-539 -757/-920/-539 -759/-919/-538 -761/-918/-538 
f -758/-917/-537 -756/-916/-536 -754/-915/-536 -763/-914/-537 
s off
f -821/-1024/-535 -798/-1023/-535 -810/-909/-535 
f -810/-908/-534 -798/-1022/-534 -797/-1021/-534 -818/-907/-534 
f -800/-1031/-533 -820/-1030/-533 -811/-906/-533 
f -819/-905/-532 -799/-1028/-532 -800/-1027/-532 -811/-904/-532 
s 1
f -750/-903/-531 -751/-900/-531 -752/-901/-531 -749/-902/-531 
s 4
f -747/-899/-530 -748/-898/-530 -751/-900/-530 -750/-903/-530 
s 2
f -745/-897/-529 -746/-896/-529 -748/-898/-529 -747/-899/-529 
s 4
f -743/-895/-528 -744/-894/-528 -746/-896/-528 -745/-897/-528 
s 16
f -752/-901/-3030 -751/-900/-3030 -748/-892/-3030 -746/-893/-3030 
f -745/-889/-527 -747/-890/-2076 -749/-902/-2076 -743/-91/-527 
s 8
f -742/-888/-526 -739/-885/-526 -740/-886/-525 -741/-887/-525 
f -741/-887/-525 -740/-886/-525 -737/-883/-524 -738/-884/-524 
f -738/-884/-524 -737/-883/-524 -735/-881/-523 -736/-882/-523 
f -736/-882/-523 -735/-881/-523 -733/-879/-522 -734/-880/-522 
f -734/-880/-522 -733/-879/-522 -731/-877/-521 -732/-878/-521 
f -732/-878/-521 -731/-877/-521 -729/-875/-520 -730/-876/-520 
f -730/-876/-520 -729/-875/-520 -727/-873/-519 -728/-874/-519 
f -728/-874/-519 -727/-873/-519 -725/-871/-518 -726/-872/-518 
f -726/-870/-518 -725/-867/-518 -723/-868/-517 -724/-869/-517 
f -724/-869/-517 -723/-868/-517 -721/-865/-516 -722/-866/-516 
f -722/-866/-516 -721/-865/-516 -719/-863/-515 -720/-864/-515 
f -720/-864/-515 -719/-863/-515 -739/-885/-526 -742/-888/-526 
s 1
f -707/-860/-514 -715/-861/-513 -717/-862/-512 -718/-859/-511 
s 2
f -739/-858/-510 -718/-859/-510 -717/-862/-509 -740/-857/-509 
f -740/-857/-509 -717/-862/-509 -716/-855/-508 -737/-856/-508 
f -737/-856/-508 -716/-855/-508 -715/-861/-507 -735/-854/-507 
f -735/-854/-507 -715/-861/-507 -714/-852/-506 -733/-853/-506 
f -733/-853/-506 -714/-852/-506 -713/-850/-505 -731/-851/-505 
f -731/-851/-505 -713/-850/-505 -712/-848/-504 -729/-849/-504 
f -729/-849/-504 -712/-848/-504 -711/-846/-503 -727/-847/-503 
f -727/-847/-503 -711/-846/-503 -710/-844/-502 -725/-845/-502 
f -725/-845/-502 -710/-844/-502 -709/-842/-501 -723/-843/-501 
f -723/-843/-501 -709/-842/-501 -708/-840/-500 -721/-841/-500 
f -721/-841/-500 -708/-840/-500 -707/-860/-499 -719/-839/-499 
f -719/-839/-499 -707/-860/-499 -718/-859/-510 -739/-858/-510 
s 1
f -704/-838/-2555 -705/-835/-2555 -706/-836/-2555 -703/-837/-2555 
s 4
f -701/-834/-498 -702/-833/-498 -705/-835/-498 -704/-838/-498 
s 2
f -699/-832/-2124 -700/-831/-2124 -702/-833/-2124 -701/-834/-2124 
s 4
f -697/-830/-497 -698/-829/-497 -700/-831/-497 -699/-832/-497 
s 2
f -695/-828/-2967 -696/-827/-2967 -698/-829/-2967 -697/-830/-2967 
s 16
f -702/-825/-2209 -700/-90/-2209 -698/-89/-2209 -696/-826/-2209 
f -695/-821/-2046 -701/-824/-2046 -704/-838/-2046 -703/-837/-2046 
s 1
f -692/-838/-2555 -693/-835/-2555 -694/-836/-2555 -691/-837/-2555 
s 4
f -689/-834/-496 -690/-833/-496 -693/-835/-496 -692/-838/-496 
s 2
f -687/-832/-2124 -688/-831/-2124 -690/-833/-2124 -689/-834/-2124 
s 4
f -685/-830/-497 -686/-829/-497 -688/-831/-497 -687/-832/-497 
s 2
f -683/-828/-2967 -684/-827/-2967 -686/-829/-2967 -685/-830/-2967 
s 16
f -690/-825/-2209 -688/-90/-2209 -686/-89/-2209 -684/-826/-2209 
f -683/-821/-2046 -689/-824/-2046 -692/-838/-2046 -691/-837/-2046 
s 1
f -680/-838/-2555 -681/-835/-2555 -682/-836/-2555 -679/-837/-2555 
s 4
f -677/-834/-498 -678/-833/-498 -681/-835/-498 -680/-838/-498 
s 2
f -675/-832/-2124 -676/-831/-2124 -678/-833/-2124 -677/-834/-2124 
s 4
f -673/-830/-497 -674/-829/-497 -676/-831/-497 -675/-832/-497 
s 2
f -671/-828/-2967 -672/-827/-2967 -674/-829/-2967 -673/-830/-2967 
s 16
f -678/-825/-2209 -676/-90/-2209 -674/-89/-2209 -672/-826/-2209 
f -671/-821/-495 -677/-824/-495 -680/-838/-494 -679/-837/-494 
s 1
f -668/-838/-2555 -669/-835/-2555 -670/-836/-2555 -667/-837/-2555 
s 4
f -665/-834/-498 -666/-833/-498 -669/-835/-498 -668/-838/-498 
s 2
f -663/-832/-2124 -664/-831/-2124 -666/-833/-2124 -665/-834/-2124 
s 4
f -661/-830/-497 -662/-829/-497 -664/-831/-497 -663/-832/-497 
s 2
f -659/-828/-2967 -660/-827/-2967 -662/-829/-2967 -661/-830/-2967 
s 16
f -666/-825/-2209 -664/-90/-2209 -662/-89/-2209 -660/-826/-2209 
f -659/-821/-2046 -665/-824/-2046 -668/-838/-2046 -667/-837/-2046 
s 1
f -656/-838/-2555 -657/-835/-2555 -658/-836/-2555 -655/-837/-2555 
s 4
f -653/-834/-498 -654/-833/-498 -657/-835/-498 -656/-838/-498 
s 2
f -651/-832/-2124 -652/-831/-2124 -654/-833/-2124 -653/-834/-2124 
s 4
f -649/-830/-497 -650/-829/-497 -652/-831/-497 -651/-832/-497 
s 2
f -647/-828/-2967 -648/-827/-2967 -650/-829/-2967 -649/-830/-2967 
s 16
f -654/-825/-2209 -652/-90/-2209 -650/-89/-2209 -648/-826/-2209 
f -647/-821/-2046 -653/-824/-2046 -656/-838/-2046 -655/-837/-2046 
s 1
f -644/-838/-2555 -645/-835/-2555 -646/-836/-2555 -643/-837/-2555 
s 4
f -641/-834/-498 -642/-833/-498 -645/-835/-498 -644/-838/-498 
s 2
f -639/-832/-2124 -640/-831/-2124 -642/-833/-2124 -641/-834/-2124 
s 4
f -637/-830/-497 -638/-829/-497 -640/-831/-497 -639/-832/-497 
s 2
f -635/-828/-2967 -636/-827/-2967 -638/-829/-2967 -637/-830/-2967 
s 16
f -642/-825/-2209 -640/-90/-2209 -638/-89/-2209 -636/-826/-2209 
f -635/-821/-2046 -641/-824/-2046 -644/-838/-2046 -643/-837/-2046 
s 8
f -634/-820/-493 -631/-817/-492 -632/-818/-492 -633/-819/-493 
f -631/-817/-492 -629/-815/-491 -630/-816/-491 -632/-818/-492 
f -629/-815/-491 -627/-813/-490 -628/-814/-490 -630/-816/-491 
f -627/-812/-490 -625/-809/-489 -626/-810/-489 -628/-811/-490 
f -625/-809/-489 -623/-807/-488 -624/-808/-488 -626/-810/-489 
f -623/-807/-488 -621/-805/-487 -622/-806/-487 -624/-808/-488 
f -621/-805/-487 -619/-803/-486 -620/-804/-486 -622/-806/-487 
f -619/-803/-486 -617/-801/-485 -618/-802/-485 -620/-804/-486 
f -617/-801/-485 -615/-799/-484 -616/-800/-484 -618/-802/-485 
f -615/-799/-484 -613/-797/-483 -614/-798/-483 -616/-800/-484 
f -613/-797/-483 -611/-795/-482 -612/-796/-482 -614/-798/-483 
f -611/-795/-482 -634/-820/-493 -633/-819/-493 -612/-796/-482 
s 2
f -609/-794/-481 -610/-791/-480 -607/-792/-479 -608/-793/-478 
s 4
f -633/-819/-477 -632/-818/-476 -605/-789/-476 -606/-790/-477 
f -632/-818/-476 -630/-816/-475 -604/-788/-475 -605/-789/-476 
f -630/-816/-475 -628/-814/-474 -603/-787/-474 -604/-788/-475 
f -628/-811/-474 -626/-810/-473 -602/-785/-473 -603/-786/-474 
f -626/-810/-473 -624/-808/-472 -601/-784/-472 -602/-785/-473 
f -624/-808/-472 -622/-806/-471 -600/-783/-471 -601/-784/-472 
f -622/-806/-471 -620/-804/-470 -599/-782/-470 -600/-783/-471 
f -620/-804/-470 -618/-802/-469 -598/-781/-469 -599/-782/-470 
f -618/-802/-469 -616/-800/-468 -597/-780/-468 -598/-781/-469 
f -616/-800/-468 -614/-798/-467 -596/-779/-467 -597/-780/-468 
f -614/-798/-467 -612/-796/-466 -595/-778/-466 -596/-779/-467 
f -612/-796/-466 -633/-819/-477 -606/-790/-477 -595/-778/-466 
s 2
f -591/-777/-465 -592/-774/-464 -593/-775/-464 -594/-776/-465 
f -589/-773/-463 -591/-777/-465 -594/-776/-465 -590/-772/-463 
f -587/-771/-462 -589/-773/-463 -590/-772/-463 -588/-770/-462 
f -585/-769/-461 -587/-766/-462 -588/-767/-462 -586/-768/-461 
f -583/-765/-460 -585/-769/-461 -586/-768/-461 -584/-764/-460 
f -581/-763/-459 -583/-765/-460 -584/-764/-460 -582/-762/-459 
f -579/-761/-458 -581/-763/-459 -582/-762/-459 -580/-760/-458 
f -577/-759/-457 -579/-761/-458 -580/-760/-458 -578/-758/-457 
f -575/-757/-456 -577/-759/-457 -578/-758/-457 -576/-756/-456 
f -573/-755/-455 -575/-757/-456 -576/-756/-456 -574/-754/-455 
f -571/-753/-454 -573/-755/-455 -574/-754/-455 -572/-752/-454 
f -592/-774/-464 -571/-753/-454 -572/-752/-454 -593/-775/-464 
s off
f -570/-751/-453 -567/-748/-453 -568/-749/-453 -569/-750/-453 
f -567/-748/-452 -565/-746/-452 -566/-747/-452 -568/-749/-452 
f -565/-746/-451 -563/-744/-451 -564/-745/-451 -566/-747/-451 
f -563/-744/-450 -561/-742/-450 -562/-743/-450 -564/-745/-450 
f -561/-741/-449 -559/-738/-449 -560/-739/-449 -562/-740/-449 
f -559/-738/-448 -557/-736/-448 -558/-737/-448 -560/-739/-448 
f -557/-736/-447 -555/-734/-447 -556/-735/-447 -558/-737/-447 
f -555/-734/-446 -553/-732/-446 -554/-733/-446 -556/-735/-446 
f -553/-732/-445 -551/-730/-445 -552/-731/-445 -554/-733/-445 
f -551/-730/-450 -549/-728/-450 -550/-729/-450 -552/-731/-450 
f -549/-728/-444 -547/-726/-444 -548/-727/-444 -550/-729/-444 
f -547/-726/-443 -570/-751/-443 -569/-750/-443 -548/-727/-443 
s 1
f -569/-725/-442 -568/-722/-441 -607/-723/-441 -610/-724/-442 
f -568/-721/-441 -566/-718/-440 -546/-719/-440 -607/-720/-441 
f -566/-718/-440 -564/-716/-439 -608/-717/-439 -546/-719/-440 
f -564/-716/-439 -562/-714/-438 -545/-715/-438 -608/-717/-439 
f -562/-714/-438 -560/-712/-437 -544/-713/-437 -545/-715/-438 
f -560/-712/-437 -558/-710/-436 -543/-711/-436 -544/-713/-437 
f -558/-710/-436 -556/-708/-435 -542/-709/-435 -543/-711/-436 
f -556/-708/-435 -554/-706/-434 -541/-707/-434 -542/-709/-435 
f -554/-706/-434 -552/-704/-433 -540/-705/-433 -541/-707/-434 
f -552/-704/-433 -550/-702/-432 -539/-703/-432 -540/-705/-433 
f -550/-702/-432 -548/-700/-431 -609/-701/-431 -539/-703/-432 
f -548/-700/-431 -569/-725/-442 -610/-724/-442 -609/-701/-431 
s 8
f -567/-748/-430 -570/-751/-429 -537/-698/-429 -538/-699/-430 
f -606/-790/-428 -605/-789/-427 -535/-696/-427 -536/-697/-428 
f -565/-746/-426 -567/-748/-430 -538/-699/-430 -534/-695/-426 
f -605/-789/-427 -604/-788/-426 -533/-694/-426 -535/-696/-427 
f -563/-744/-425 -565/-746/-426 -534/-695/-426 -532/-693/-425 
f -604/-788/-426 -603/-787/-462 -531/-692/-462 -533/-694/-426 
f -561/-742/-424 -563/-744/-425 -532/-693/-425 -530/-691/-424 
f -603/-786/-462 -602/-785/-423 -529/-689/-423 -531/-690/-462 
f -559/-738/-422 -561/-741/-424 -530/-687/-424 -528/-688/-422 
f -602/-785/-423 -601/-784/-421 -527/-686/-421 -529/-689/-423 
f -557/-736/-420 -559/-738/-422 -528/-688/-422 -526/-685/-420 
f -601/-784/-421 -600/-783/-419 -525/-684/-419 -527/-686/-421 
f -555/-734/-418 -557/-736/-420 -526/-685/-420 -524/-683/-418 
f -600/-783/-419 -599/-782/-417 -523/-682/-417 -525/-684/-419 
f -553/-732/-416 -555/-734/-418 -524/-683/-418 -522/-681/-416 
f -599/-782/-417 -598/-781/-415 -521/-680/-415 -523/-682/-417 
f -551/-730/-414 -553/-732/-416 -522/-681/-416 -520/-679/-414 
f -598/-781/-415 -597/-780/-413 -519/-678/-413 -521/-680/-415 
f -549/-728/-412 -551/-730/-414 -520/-679/-414 -518/-677/-412 
f -597/-780/-413 -596/-779/-411 -517/-676/-411 -519/-678/-413 
f -547/-726/-410 -549/-728/-412 -518/-677/-412 -516/-675/-410 
f -596/-779/-411 -595/-778/-409 -515/-674/-409 -517/-676/-411 
f -570/-751/-429 -547/-726/-410 -516/-675/-410 -537/-698/-429 
f -595/-778/-409 -606/-790/-428 -536/-697/-428 -515/-674/-409 
s 1
f -538/-699/-408 -537/-698/-407 -592/-774/-407 -591/-777/-408 
f -537/-698/-407 -516/-675/-406 -571/-753/-406 -592/-774/-407 
f -516/-675/-406 -518/-677/-405 -573/-755/-405 -571/-753/-406 
f -518/-677/-405 -520/-679/-404 -575/-757/-404 -573/-755/-405 
f -520/-679/-404 -522/-681/-403 -577/-759/-403 -575/-757/-404 
f -522/-681/-403 -524/-683/-402 -579/-761/-402 -577/-759/-403 
f -524/-683/-402 -526/-685/-401 -581/-763/-401 -579/-761/-402 
f -526/-685/-401 -528/-688/-400 -583/-765/-400 -581/-763/-401 
f -528/-688/-400 -530/-687/-399 -585/-769/-399 -583/-765/-400 
f -530/-687/-399 -532/-673/-398 -587/-766/-398 -585/-769/-399 
f -532/-693/-398 -534/-695/-397 -589/-773/-397 -587/-771/-398 
f -534/-695/-397 -538/-699/-408 -591/-777/-408 -589/-773/-397 
f -536/-697/-396 -535/-696/-395 -594/-776/-395 -593/-775/-396 
f -535/-696/-395 -533/-694/-394 -590/-772/-394 -594/-776/-395 
f -533/-694/-394 -531/-692/-393 -588/-770/-393 -590/-772/-394 
f -531/-690/-393 -529/-689/-392 -586/-768/-392 -588/-767/-393 
f -529/-689/-392 -527/-686/-391 -584/-764/-391 -586/-768/-392 
f -527/-686/-391 -525/-684/-390 -582/-762/-390 -584/-764/-391 
f -525/-684/-390 -523/-682/-389 -580/-760/-389 -582/-762/-390 
f -523/-682/-389 -521/-680/-388 -578/-758/-388 -580/-760/-389 
f -521/-680/-388 -519/-678/-387 -576/-756/-387 -578/-758/-388 
f -519/-678/-387 -517/-676/-386 -574/-754/-386 -576/-756/-387 
f -517/-676/-386 -515/-674/-385 -572/-752/-385 -574/-754/-386 
f -515/-674/-385 -536/-697/-396 -593/-775/-396 -572/-752/-385 
f -511/-672/-384 -512/-669/-384 -513/-670/-383 -514/-671/-383 
s 4
f -509/-668/-382 -511/-672/-382 -514/-671/-382 -510/-667/-382 
s 2
f -507/-666/-381 -509/-668/-381 -510/-667/-381 -508/-665/-381 
s 4
f -505/-664/-380 -507/-666/-380 -508/-665/-380 -506/-663/-380 
s 16
f -503/-662/-379 -505/-664/-379 -506/-663/-379 -504/-661/-379 
s 8
f -499/-660/-378 -500/-657/-377 -501/-658/-377 -502/-659/-378 
f -497/-656/-376 -499/-660/-378 -502/-659/-378 -498/-655/-376 
f -495/-654/-375 -497/-656/-376 -498/-655/-376 -496/-653/-375 
f -493/-652/-374 -495/-654/-375 -496/-653/-375 -494/-651/-374 
s 512
f -508/-650/-373 -514/-647/-373 -492/-648/-372 -506/-649/-372 
f -511/-646/-481 -509/-643/-481 -507/-644/-481 -491/-645/-371 
s 1
f -511/-672/-384 -491/-642/-370 -512/-669/-384 
f -513/-670/-383 -492/-641/-369 -514/-671/-383 
s 8
f -490/-640/-368 -488/-638/-368 -489/-639/-368 
f -504/-661/-367 -486/-636/-367 -487/-637/-367 
f -503/-662/-368 -504/-661/-367 -487/-637/-367 -489/-639/-368 
f -488/-638/-368 -503/-662/-368 -489/-639/-368 
f -486/-636/-367 -485/-635/-367 -487/-637/-367 
s off
f -513/-670/-366 -512/-669/-366 -493/-633/-366 -494/-634/-366 
f -512/-632/-365 -484/-629/-365 -495/-630/-365 -493/-631/-365 
f -484/-629/-364 -483/-627/-364 -497/-628/-364 -495/-630/-364 
f -483/-627/-363 -490/-625/-363 -499/-626/-363 -497/-628/-363 
f -490/-625/-362 -489/-623/-362 -500/-624/-362 -499/-626/-362 
f -489/-639/-361 -487/-637/-361 -501/-621/-361 -500/-622/-361 
f -487/-620/-360 -485/-617/-360 -502/-618/-360 -501/-619/-360 
f -485/-617/-359 -482/-615/-359 -498/-616/-359 -502/-618/-359 
f -482/-615/-358 -481/-613/-358 -496/-614/-358 -498/-616/-358 
f -481/-613/-357 -513/-611/-357 -494/-612/-357 -496/-614/-357 
s 2
f -609/-794/-481 -540/-609/-356 -539/-610/-358 
f -540/-609/-356 -609/-794/-481 -542/-607/-355 -541/-608/-359 
f -542/-607/-355 -544/-605/-354 -543/-606/-353 
f -544/-605/-354 -542/-607/-355 -608/-793/-478 -545/-604/-352 
f -609/-794/-481 -608/-793/-478 -542/-607/-355 
f -608/-793/-478 -607/-792/-479 -546/-603/-445 
s 512
f -486/-602/-372 -492/-648/-372 -479/-600/-372 -480/-601/-372 
f -504/-599/-372 -506/-649/-372 -492/-648/-372 -486/-602/-372 
f -514/-647/-373 -508/-650/-373 -510/-598/-351 
f -478/-597/-350 -491/-645/-371 -488/-595/-349 -477/-596/-350 
f -491/-645/-371 -505/-593/-348 -503/-594/-347 -488/-595/-349 
f -491/-645/-371 -507/-644/-481 -505/-593/-348 
s 2
f -473/-592/-2967 -474/-589/-2967 -475/-590/-2967 -476/-591/-2967 
s 4
f -469/-588/-2555 -470/-585/-2555 -471/-586/-2555 -472/-587/-2555 
s 4194304
f -468/-584/-1895 -464/-582/-1894 -466/-583/-346 -467/-88/-345 
s 16
f -459/-580/-1891 -460/-577/-1891 -461/-578/-1890 -462/-579/-1890 
s 4194304
f -455/-574/-2046 -471/-575/-2046 -457/-576/-2046 -458/-573/-2046 
s 2
f -473/-592/-2967 -455/-572/-2967 -474/-589/-2967 
s 4
f -470/-585/-2555 -456/-571/-2555 -471/-586/-2555 
s 16
f -458/-573/-1889 -457/-576/-1889 -460/-577/-1891 -459/-580/-1891 
s 128
f -455/-570/-344 -458/-573/-344 -459/-580/-344 -474/-589/-344 
s 512
f -469/-588/-343 -461/-578/-343 -460/-577/-343 -470/-585/-343 
f -474/-589/-342 -459/-580/-342 -462/-579/-342 -475/-590/-342 
s 128
f -470/-585/-341 -460/-577/-341 -457/-576/-341 -456/-569/-341 
s 4194304
f -476/-568/-340 -475/-565/-339 -453/-566/-339 -454/-567/-340 
f -475/-565/-339 -462/-563/-1881 -452/-564/-1881 -453/-566/-339 
f -462/-563/-1881 -461/-561/-1882 -451/-562/-1882 -452/-564/-1881 
f -461/-561/-1882 -469/-559/-338 -450/-560/-338 -451/-562/-1882 
f -469/-559/-338 -472/-557/-337 -449/-558/-337 -450/-560/-338 
s off
f -454/-567/-336 -453/-566/-336 -463/-555/-336 -468/-556/-336 
f -453/-566/-335 -452/-564/-335 -464/-554/-335 -463/-555/-335 
f -452/-564/-1876 -451/-562/-1876 -465/-553/-1876 -464/-554/-1876 
f -451/-562/-334 -450/-560/-334 -466/-552/-334 -465/-553/-334 
f -450/-560/-333 -449/-558/-333 -467/-551/-333 -466/-552/-333 
s 1
f -446/-550/-1873 -447/-547/-1873 -448/-548/-1873 -445/-549/-1873 
s 4
f -443/-546/-1872 -444/-545/-1872 -447/-547/-1872 -446/-550/-1872 
s 2
f -441/-544/-332 -442/-543/-332 -444/-545/-332 -443/-546/-332 
s 4
f -439/-542/-331 -440/-541/-331 -442/-543/-331 -441/-544/-331 
s 2
f -437/-540/-1869 -438/-539/-1869 -440/-541/-1869 -439/-542/-1869 
s 4
f -435/-538/-1868 -436/-537/-1868 -438/-539/-1868 -437/-540/-1868 
s 16
f -444/-536/-2967 -440/-87/-2967 -438/-539/-2967 -436/-537/-2967 
f -435/-538/-2555 -443/-533/-2555 -446/-86/-2555 -445/-85/-2555 
s 8
f -434/-531/-330 -431/-528/-329 -432/-529/-329 -433/-530/-330 
f -431/-528/-329 -429/-526/-328 -430/-527/-328 -432/-529/-329 
f -429/-526/-328 -427/-524/-327 -428/-525/-327 -430/-527/-328 
f -427/-524/-327 -425/-522/-326 -426/-523/-326 -428/-525/-327 
f -425/-522/-326 -423/-520/-325 -424/-521/-325 -426/-523/-326 
f -423/-520/-325 -421/-518/-324 -422/-519/-324 -424/-521/-325 
f -421/-518/-324 -419/-516/-323 -420/-517/-323 -422/-519/-324 
f -419/-516/-323 -434/-531/-330 -433/-530/-330 -420/-517/-323 
s 1
f -428/-525/-322 -426/-523/-321 -432/-529/-321 -430/-527/-322 
f -420/-517/-320 -433/-530/-319 -424/-521/-319 -422/-519/-320 
f -426/-523/-321 -424/-521/-319 -433/-530/-319 -432/-529/-321 
s 8
f -418/-515/-318 -415/-512/-317 -416/-513/-317 -417/-514/-318 
f -415/-512/-317 -413/-510/-316 -414/-511/-316 -416/-513/-317 
f -413/-510/-316 -411/-508/-315 -412/-509/-315 -414/-511/-316 
f -411/-508/-315 -409/-506/-314 -410/-507/-314 -412/-509/-315 
f -409/-506/-314 -407/-504/-313 -408/-505/-313 -410/-507/-314 
f -407/-504/-313 -405/-502/-312 -406/-503/-312 -408/-505/-313 
f -405/-502/-312 -403/-500/-311 -404/-501/-311 -406/-503/-312 
f -403/-500/-311 -401/-498/-310 -402/-499/-310 -404/-501/-311 
f -401/-498/-310 -399/-496/-309 -400/-497/-309 -402/-499/-310 
f -399/-495/-309 -397/-492/-308 -398/-493/-308 -400/-494/-309 
f -397/-492/-308 -395/-490/-307 -396/-491/-307 -398/-493/-308 
f -395/-490/-307 -418/-515/-318 -417/-514/-318 -396/-491/-307 
s 1
f -416/-487/-2209 -412/-488/-2209 -396/-489/-2209 -417/-486/-2209 
f -392/-485/-306 -393/-482/-306 -394/-483/-306 -391/-484/-306 
s 4
f -389/-481/-305 -390/-480/-305 -393/-482/-305 -392/-485/-305 
s 2
f -387/-479/-304 -388/-478/-304 -390/-480/-304 -389/-481/-304 
s 4
f -385/-477/-303 -386/-476/-303 -388/-478/-303 -387/-479/-303 
s 16
f -386/-475/-1838 -393/-482/-1838 -390/-480/-302 -388/-84/-302 
f -385/-473/-301 -389/-481/-301 -392/-485/-300 -391/-83/-300 
f -382/-471/-299 -383/-468/-298 -384/-469/-297 -381/-470/-299 
f -379/-467/-296 -380/-465/-298 -381/-470/-299 -378/-466/-296 
f -384/-469/-297 -377/-464/-295 -381/-470/-299 
f -381/-470/-299 -380/-465/-298 -382/-471/-299 
s 1
f -375/-463/-294 -376/-460/-294 -379/-461/-294 -378/-462/-294 
s 4
f -376/-460/-293 -374/-458/-293 -380/-459/-293 -379/-461/-293 
s 2
f -374/-458/-292 -373/-457/-292 -382/-471/-292 -380/-459/-292 
s 4
f -373/-457/-291 -372/-456/-291 -383/-468/-291 -382/-471/-291 
s 2
f -372/-456/-290 -371/-454/-290 -384/-455/-290 -383/-468/-290 
s 4
f -371/-454/-289 -370/-452/-289 -377/-453/-289 -384/-455/-289 
s 2
f -370/-452/-288 -369/-450/-288 -381/-451/-288 -377/-453/-288 
s 16
f -373/-457/-287 -369/-448/-286 -371/-449/-285 -372/-456/-284 
f -376/-447/-285 -375/-445/-285 -369/-448/-286 -374/-446/-286 
f -371/-449/-285 -369/-448/-286 -370/-444/-283 
f -369/-448/-286 -373/-457/-287 -374/-446/-286 
f -366/-471/-299 -367/-468/-298 -368/-469/-282 -365/-470/-282 
f -363/-467/-296 -364/-465/-298 -365/-470/-282 -362/-466/-296 
f -368/-469/-282 -361/-464/-281 -365/-470/-282 
f -365/-470/-282 -364/-465/-298 -366/-471/-299 
s 1
f -359/-463/-294 -360/-460/-294 -363/-461/-294 -362/-462/-294 
s 4
f -360/-460/-293 -358/-458/-293 -364/-459/-293 -363/-461/-293 
s 2
f -358/-458/-280 -357/-457/-280 -366/-471/-280 -364/-459/-280 
s 4
f -357/-457/-291 -356/-456/-291 -367/-468/-291 -366/-471/-291 
s 2
f -356/-456/-290 -355/-454/-290 -368/-455/-290 -367/-468/-290 
s 4
f -355/-454/-289 -354/-452/-289 -361/-453/-289 -368/-455/-289 
s 2
f -354/-452/-279 -353/-450/-279 -365/-451/-279 -361/-453/-279 
s 16
f -357/-457/-287 -353/-448/-286 -355/-449/-285 -356/-456/-284 
f -360/-447/-278 -359/-445/-278 -353/-448/-286 -358/-446/-286 
f -355/-449/-285 -353/-448/-286 -354/-444/-277 
f -353/-448/-286 -357/-457/-287 -358/-446/-286 
f -350/-443/-276 -351/-440/-275 -352/-441/-275 -349/-442/-276 
f -346/-439/-274 -347/-436/-274 -348/-437/-273 -345/-438/-273 
s 64
f -351/-440/-272 -343/-433/-272 -344/-434/-272 -342/-435/-272 
s 4
f -340/-432/-271 -347/-436/-271 -341/-430/-271 -339/-431/-271 
f -338/-429/-270 -337/-428/-270 -352/-441/-269 
f -337/-428/-270 -338/-429/-270 -348/-437/-268 -340/-432/-271 
s 16
f -351/-440/-275 -342/-435/-267 -338/-429/-267 -352/-441/-275 
f -336/-427/-266 -341/-430/-266 -347/-436/-274 -346/-439/-274 
s 64
f -346/-439/-265 -345/-438/-265 -335/-425/-265 -334/-426/-265 
s 4
f -347/-436/-271 -340/-432/-271 -348/-437/-268 
f -337/-428/-270 -333/-424/-271 -349/-442/-271 -352/-441/-269 
s off
f -330/-423/-264 -331/-420/-264 -332/-421/-264 -329/-422/-264 
f -326/-419/-263 -327/-416/-263 -328/-417/-263 -325/-418/-263 
f -323/-415/-262 -324/-413/-262 -331/-420/-262 -322/-414/-262 
s 4
f -320/-412/-261 -327/-416/-260 -321/-410/-259 -319/-411/-261 
f -318/-409/-258 -317/-408/-257 -330/-423/-256 
f -326/-419/-255 -317/-408/-257 -318/-409/-258 -321/-410/-259 
s off
f -317/-408/-254 -322/-414/-254 -331/-420/-254 -330/-423/-254 
f -327/-416/-253 -320/-412/-253 -316/-407/-253 -328/-417/-253 
f -315/-406/-252 -325/-418/-252 -328/-417/-252 -314/-405/-252 
s 4
f -321/-410/-259 -327/-416/-260 -326/-419/-255 
f -329/-422/-251 -313/-404/-251 -318/-409/-258 -330/-423/-256 
s off
f -331/-403/-250 -351/-400/-250 -350/-401/-250 -332/-402/-250 
f -332/-402/-249 -350/-401/-249 -349/-398/-249 -329/-399/-249 
f -325/-397/-248 -345/-395/-248 -348/-437/-248 -326/-396/-248 
f -323/-394/-247 -344/-391/-247 -343/-392/-247 -324/-393/-247 
f -324/-393/-246 -343/-392/-246 -351/-400/-246 -331/-403/-246 
f -322/-390/-245 -342/-387/-245 -344/-388/-245 -323/-389/-245 
s 16
f -321/-410/-244 -340/-385/-244 -339/-386/-244 -319/-411/-244 
s off
f -319/-384/-243 -339/-381/-243 -341/-382/-243 -320/-383/-243 
f -326/-396/-242 -348/-437/-242 -338/-429/-242 -317/-380/-242 
f -318/-409/-241 -337/-379/-241 -340/-385/-241 -321/-410/-241 
f -317/-380/-240 -338/-429/-240 -342/-387/-240 -322/-390/-240 
f -320/-383/-239 -341/-382/-239 -336/-377/-239 -316/-378/-239 
f -316/-378/-238 -336/-377/-238 -346/-375/-238 -328/-376/-238 
f -315/-374/-237 -335/-373/-237 -345/-395/-237 -325/-397/-237 
f -328/-376/-236 -346/-375/-236 -334/-371/-236 -314/-372/-236 
f -314/-372/-235 -334/-371/-235 -335/-369/-235 -315/-370/-235 
f -329/-399/-234 -349/-398/-234 -333/-367/-234 -313/-368/-234 
s 16
f -313/-404/-233 -333/-366/-233 -337/-379/-233 -318/-409/-233 
s 1
f -310/-365/-232 -311/-362/-232 -312/-363/-232 -309/-364/-232 
s 4
f -307/-361/-231 -308/-360/-231 -311/-362/-231 -310/-365/-231 
s 2
f -305/-359/-230 -306/-358/-230 -308/-360/-230 -307/-361/-230 
s 16
f -308/-357/-527 -306/-354/-527 -312/-355/-527 -311/-356/-527 
f -309/-355/-3030 -305/-354/-3030 -307/-357/-3030 -310/-356/-3030 
s 1
f -302/-353/-229 -303/-350/-229 -304/-351/-229 -301/-352/-229 
s 4
f -299/-349/-228 -300/-348/-228 -303/-350/-228 -302/-353/-228 
s 2
f -297/-347/-227 -298/-346/-227 -300/-348/-227 -299/-349/-227 
s 4
f -295/-345/-226 -296/-344/-226 -298/-346/-226 -297/-347/-226 
s 2
f -293/-343/-225 -294/-340/-225 -296/-341/-225 -295/-342/-225 
s 4
f -291/-339/-224 -292/-338/-224 -294/-340/-224 -293/-343/-224 
f -301/-337/-223 -304/-334/-223 -290/-335/-223 -289/-336/-223 
s 16
f -304/-333/-222 -294/-332/-221 -292/-82/-220 -290/-81/-220 
f -301/-329/-219 -293/-328/-218 -299/-80/-217 -302/-79/-216 
s 1
f -286/-353/-215 -287/-350/-215 -288/-351/-215 -285/-352/-215 
s 4
f -283/-349/-214 -284/-348/-214 -287/-350/-214 -286/-353/-214 
s 2
f -281/-347/-213 -282/-346/-213 -284/-348/-213 -283/-349/-213 
s 4
f -279/-345/-226 -280/-344/-226 -282/-346/-226 -281/-347/-226 
s 2
f -277/-343/-212 -278/-340/-212 -280/-341/-212 -279/-342/-212 
s 4
f -275/-339/-224 -276/-338/-224 -278/-340/-224 -277/-343/-224 
f -285/-337/-211 -288/-334/-211 -274/-335/-211 -273/-336/-211 
s 16
f -288/-333/-210 -278/-332/-209 -276/-82/-220 -274/-81/-220 
f -285/-329/-208 -277/-328/-208 -283/-80/-207 -286/-79/-206 
s 1
f -270/-325/-205 -271/-322/-205 -272/-323/-205 -269/-324/-205 
s 4
f -267/-321/-204 -268/-320/-204 -271/-322/-204 -270/-325/-204 
s 2
f -265/-319/-203 -266/-318/-203 -268/-320/-203 -267/-321/-203 
s 4
f -263/-317/-202 -264/-316/-202 -266/-318/-202 -265/-319/-202 
s 2
f -260/-315/-201 -261/-312/-201 -262/-313/-201 -259/-314/-201 
s 4
f -256/-311/-200 -257/-308/-200 -258/-309/-200 -255/-310/-200 
s 16
f -257/-307/-199 -272/-304/-198 -271/-305/-198 -268/-306/-199 
f -256/-303/-197 -255/-302/-196 -263/-317/-196 -265/-319/-196 
f -257/-307/-199 -266/-318/-199 -264/-316/-199 -258/-301/-199 
f -257/-307/-199 -268/-306/-199 -266/-318/-199 
f -256/-303/-197 -267/-298/-195 -270/-299/-194 -269/-300/-194 
f -256/-303/-197 -265/-319/-196 -267/-298/-195 
s off
f -263/-317/-193 -253/-296/-193 -254/-297/-193 -264/-316/-193 
f -264/-316/-192 -254/-297/-192 -252/-295/-192 -258/-309/-192 
f -258/-309/-191 -252/-295/-191 -251/-294/-191 -255/-310/-191 
f -255/-310/-190 -251/-294/-190 -253/-296/-190 -263/-317/-190 
f -253/-293/-189 -259/-314/-189 -262/-313/-189 -254/-292/-189 
f -254/-291/-188 -262/-288/-188 -261/-289/-188 -252/-290/-188 
f -252/-295/-187 -261/-286/-187 -260/-287/-187 -251/-294/-187 
f -251/-285/-186 -260/-282/-186 -259/-283/-186 -253/-284/-186 
s 2097152
f -250/-281/-1720 -247/-278/-1720 -248/-279/-185 -249/-280/-185 
f -246/-277/-1722 -243/-274/-184 -244/-275/-184 -245/-276/-1722 
f -242/-273/-1717 -239/-270/-1718 -240/-271/-1718 -241/-272/-1717 
s off
f -233/-267/-183 -235/-268/-183 -237/-269/-183 -238/-266/-183 
s 67108864
f -249/-265/-182 -246/-263/-182 -242/-264/-182 -250/-78/-182 
s 2097152
f -247/-278/-1720 -250/-281/-1720 -242/-273/-1717 -241/-272/-1717 
f -246/-277/-1722 -245/-276/-1722 -240/-271/-1718 -239/-270/-1718 
s 67108864
f -247/-261/-1711 -231/-258/-1711 -232/-259/-181 -248/-260/-181 
f -244/-257/-180 -229/-254/-180 -230/-255/-179 -245/-256/-179 
f -245/-256/-179 -230/-255/-179 -228/-252/-178 -240/-253/-178 
f -240/-253/-178 -228/-252/-178 -227/-250/-177 -241/-251/-177 
f -241/-251/-177 -227/-250/-177 -231/-258/-1711 -247/-261/-1711 
s 131072
f -231/-249/-176 -237/-269/-176 -236/-247/-175 -232/-248/-175 
f -229/-246/-174 -235/-243/-174 -234/-244/-173 -230/-245/-173 
f -230/-245/-173 -234/-244/-173 -233/-241/-1703 -228/-242/-1703 
f -228/-242/-1703 -233/-241/-1703 -238/-239/-1704 -227/-240/-1704 
f -227/-240/-1704 -238/-239/-1704 -237/-269/-176 -231/-249/-176 
s 1
f -224/-238/-1702 -225/-235/-1702 -226/-236/-1702 -223/-237/-1702 
s 4
f -221/-234/-2046 -222/-233/-2046 -225/-235/-2046 -224/-238/-2046 
s 2
f -219/-232/-1701 -220/-231/-1701 -222/-233/-1701 -221/-234/-1701 
s 4
f -217/-230/-3030 -218/-229/-3030 -220/-231/-3030 -219/-232/-3030 
s 2
f -215/-228/-1700 -216/-227/-1700 -218/-229/-1700 -217/-230/-1700 
s 4
f -213/-226/-3030 -214/-225/-3030 -216/-227/-3030 -215/-228/-3030 
s 2
f -211/-224/-1699 -212/-223/-1699 -214/-225/-1699 -213/-226/-1699 
s 16
f -214/-222/-2975 -212/-219/-2975 -226/-220/-1614 -216/-221/-1614 
f -213/-218/-172 -215/-215/-1363 -223/-216/-1363 -211/-217/-172 
s 1
f -208/-238/-1695 -209/-235/-1695 -210/-236/-1695 -207/-237/-1695 
s 4
f -205/-234/-2046 -206/-233/-2046 -209/-235/-2046 -208/-238/-2046 
s 2
f -203/-232/-1701 -204/-231/-1701 -206/-233/-1701 -205/-234/-1701 
s 4
f -201/-230/-3030 -202/-229/-3030 -204/-231/-3030 -203/-232/-3030 
s 2
f -199/-228/-1700 -200/-227/-1700 -202/-229/-1700 -201/-230/-1700 
s 4
f -197/-226/-3030 -198/-225/-3030 -200/-227/-3030 -199/-228/-3030 
s 2
f -195/-224/-1699 -196/-223/-1699 -198/-225/-1699 -197/-226/-1699 
s 16
f -198/-222/-2975 -196/-219/-2975 -210/-220/-1614 -200/-221/-1614 
f -197/-218/-172 -199/-215/-1363 -207/-216/-1363 -195/-217/-172 
s 4
f -192/-214/-2555 -193/-211/-2555 -194/-212/-2555 -191/-213/-2555 
s 2
f -189/-210/-171 -190/-209/-171 -193/-211/-171 -192/-214/-171 
s 4
f -187/-208/-2555 -188/-207/-2555 -190/-209/-2555 -189/-210/-2555 
s 2
f -185/-206/-170 -186/-205/-170 -188/-207/-170 -187/-208/-170 
s 4
f -1925/-204/-1692 -186/-205/-1692 -185/-206/-1692 -1924/-203/-1692 
s 16
f -181/-193/-169 -182/-188/-168 -183/-185/-168 -184/-202/-167 
f -179/-195/-166 -178/-190/-165 -1914/-77/-164 -1915/-182/-164 
s off
f -194/-194/-163 -193/-192/-163 -181/-193/-163 -180/-201/-163 
f -192/-191/-162 -191/-189/-162 -178/-190/-162 -177/-198/-162 
f -193/-192/-161 -190/-187/-161 -182/-188/-161 -181/-193/-161 
f -189/-186/-160 -192/-191/-160 -177/-198/-160 -176/-197/-160 
f -190/-187/-159 -188/-184/-159 -183/-185/-159 -182/-188/-159 
f -187/-183/-158 -189/-186/-158 -176/-197/-158 -175/-196/-158 
f -188/-184/-157 -186/-205/-157 -184/-202/-157 -183/-185/-157 
f -185/-206/-156 -187/-183/-156 -175/-196/-156 -179/-195/-156 
f -184/-202/-1677 -186/-205/-1677 -1925/-204/-1677 -1917/-199/-1677 
s 4
f -172/-214/-2555 -173/-211/-2555 -174/-212/-2555 -171/-213/-2555 
s 2
f -169/-210/-171 -170/-209/-171 -173/-211/-171 -172/-214/-171 
s 4
f -167/-208/-2555 -168/-207/-2555 -170/-209/-2555 -169/-210/-2555 
s 2
f -165/-206/-155 -166/-205/-155 -168/-207/-155 -167/-208/-155 
s 4
f -1899/-204/-1692 -166/-205/-1692 -165/-206/-1692 -1898/-203/-1692 
s 16
f -161/-193/-154 -162/-188/-153 -163/-185/-153 -164/-202/-152 
f -159/-195/-151 -158/-190/-150 -1888/-77/-149 -1889/-182/-149 
s off
f -174/-194/-148 -173/-192/-148 -161/-193/-148 -160/-201/-148 
f -172/-191/-147 -171/-189/-147 -158/-190/-147 -157/-198/-147 
f -173/-192/-146 -170/-187/-146 -162/-188/-146 -161/-193/-146 
f -169/-186/-145 -172/-191/-145 -157/-198/-145 -156/-197/-145 
f -170/-187/-144 -168/-184/-144 -163/-185/-144 -162/-188/-144 
f -167/-183/-143 -169/-186/-143 -156/-197/-143 -155/-196/-143 
f -168/-184/-142 -166/-205/-142 -164/-202/-142 -163/-185/-142 
f -165/-206/-141 -167/-183/-141 -155/-196/-141 -159/-195/-141 
f -164/-202/-1661 -166/-205/-1661 -1899/-204/-1661 -1891/-199/-1661 
s 4
f -152/-214/-2555 -153/-211/-2555 -154/-212/-2555 -151/-213/-2555 
s 2
f -149/-210/-140 -150/-209/-140 -153/-211/-140 -152/-214/-140 
s 4
f -147/-208/-2555 -148/-207/-2555 -150/-209/-2555 -149/-210/-2555 
s 2
f -145/-206/-139 -146/-205/-139 -148/-207/-139 -147/-208/-139 
s 4
f -1873/-204/-1658 -146/-205/-1658 -145/-206/-1658 -1872/-203/-1658 
s 16
f -141/-193/-138 -142/-188/-168 -143/-185/-168 -144/-202/-137 
f -139/-195/-136 -138/-190/-135 -1862/-77/-134 -1863/-182/-134 
s off
f -154/-194/-133 -153/-192/-133 -141/-193/-133 -140/-201/-133 
f -152/-191/-132 -151/-189/-132 -138/-190/-132 -137/-198/-132 
f -153/-192/-131 -150/-187/-131 -142/-188/-131 -141/-193/-131 
f -149/-186/-130 -152/-191/-130 -137/-198/-130 -136/-197/-130 
f -150/-187/-129 -148/-184/-129 -143/-185/-129 -142/-188/-129 
f -147/-183/-128 -149/-186/-128 -136/-197/-128 -135/-196/-128 
f -148/-184/-127 -146/-205/-127 -144/-202/-127 -143/-185/-127 
f -145/-206/-126 -147/-183/-126 -135/-196/-126 -139/-195/-126 
f -144/-202/-1644 -146/-205/-1644 -1873/-204/-1644 -1865/-199/-1644 
f -179/-195/-125 -1915/-182/-125 -1924/-203/-125 -185/-206/-125 
f -159/-195/-1642 -1889/-182/-1642 -1898/-203/-1642 -165/-206/-1642 
f -139/-195/-1641 -1863/-182/-1641 -1872/-203/-1641 -145/-206/-1641 
s 16
f -134/-181/-2555 -129/-178/-2555 -130/-179/-2555 -133/-180/-2555 
s 268435456
f -128/-177/-124 -131/-175/-124 -130/-179/-124 -127/-176/-124 
s 131072
f -126/-174/-123 -132/-173/-123 -131/-175/-122 -128/-177/-122 
f -125/-172/-121 -133/-180/-121 -132/-173/-123 -126/-174/-123 
f -124/-171/-120 -134/-181/-120 -133/-180/-121 -125/-172/-121 
f -123/-170/-119 -129/-178/-119 -134/-181/-120 -124/-171/-120 
s 1
f -128/-169/-1634 -127/-166/-1634 -122/-167/-1634 -1845/-168/-1634 
s 2097152
f -126/-174/-1632 -128/-169/-1631 -1845/-168/-1631 -121/-165/-1632 
f -125/-172/-118 -126/-174/-1632 -121/-165/-1632 -1844/-164/-1629 
f -124/-163/-117 -125/-172/-118 -1844/-164/-1629 -120/-162/-1627 
f -123/-161/-1626 -124/-163/-117 -120/-162/-1627 -119/-160/-1626 
s 1
f -115/-157/-1625 -116/-154/-116 -117/-158/-1624 -118/-159/-1625 
s 4
f -112/-155/-1621 -113/-153/-1621 -117/-158/-1621 -116/-154/-1621 
s 2
f -108/-150/-1620 -109/-131/-115 -110/-151/-1619 -111/-152/-1620 
s 4
f -104/-148/-1616 -105/-145/-1616 -106/-146/-1616 -103/-147/-1616 
s 2
f -105/-145/-1615 -104/-148/-114 -101/-144/-114 -102/-76/-1615 
s 16
f -101/-142/-1363 -98/-141/-1356 -115/-75/-1356 -114/-74/-1363 
s off
f -104/-138/-113 -103/-147/-113 -97/-136/-113 -100/-137/-113 
f -112/-135/-112 -116/-132/-112 -115/-133/-112 -99/-134/-112 
f -110/-151/-1611 -109/-131/-1611 -103/-147/-1611 -106/-146/-1611 
f -108/-130/-111 -107/-129/-111 -98/-141/-111 -97/-136/-111 
f -97/-136/-110 -103/-147/-110 -109/-131/-110 -108/-130/-110 
f -113/-153/-1608 -112/-155/-1608 -107/-149/-1608 -111/-152/-1608 
f -98/-141/-109 -107/-129/-109 -112/-135/-109 -99/-134/-109 
s 4
f -94/-128/-1606 -95/-125/-1606 -96/-126/-1606 -93/-127/-1606 
s 2
f -91/-124/-1605 -92/-123/-1605 -95/-125/-1605 -94/-128/-1605 
s 4
f -89/-122/-2124 -90/-121/-2124 -92/-123/-2124 -91/-124/-2124 
s 2
f -87/-120/-1604 -88/-119/-1604 -90/-121/-1604 -89/-122/-1604 
s 4
f -85/-118/-1603 -86/-117/-1603 -88/-119/-1603 -87/-120/-1603 
s 16
f -84/-115/-1614 -96/-73/-2967 -90/-121/-2967 -88/-116/-1614 
f -87/-110/-2555 -89/-111/-2555 -83/-113/-2555 -85/-72/-2555 
s 4
f -80/-128/-1606 -81/-125/-1606 -82/-126/-1606 -79/-127/-1606 
s 2
f -77/-124/-1605 -78/-123/-1605 -81/-125/-1605 -80/-128/-1605 
s 4
f -75/-122/-2124 -76/-121/-2124 -78/-123/-2124 -77/-124/-2124 
s 2
f -73/-120/-1604 -74/-119/-1604 -76/-121/-1604 -75/-122/-1604 
s 4
f -71/-118/-1603 -72/-117/-1603 -74/-119/-1603 -73/-120/-1603 
s 16
f -70/-115/-1614 -82/-73/-2967 -76/-121/-2967 -74/-116/-1614 
f -73/-110/-2555 -75/-111/-2555 -69/-113/-2555 -71/-72/-2555 
s 4
f -66/-128/-1606 -67/-125/-1606 -68/-126/-1606 -65/-127/-1606 
s 2
f -63/-124/-1605 -64/-123/-1605 -67/-125/-1605 -66/-128/-1605 
s 4
f -61/-122/-2124 -62/-121/-2124 -64/-123/-2124 -63/-124/-2124 
s 2
f -59/-120/-1604 -60/-119/-1604 -62/-121/-1604 -61/-122/-1604 
s 4
f -57/-118/-1603 -58/-117/-1603 -60/-119/-1603 -59/-120/-1603 
s 16
f -56/-115/-1614 -68/-73/-2967 -62/-121/-2967 -60/-116/-1614 
f -59/-110/-2555 -61/-111/-2555 -55/-113/-2555 -57/-72/-2555 
s 4
f -52/-128/-1606 -53/-125/-1606 -54/-126/-1606 -51/-127/-1606 
s 2
f -49/-124/-1605 -50/-123/-1605 -53/-125/-1605 -52/-128/-1605 
s 4
f -47/-122/-2124 -48/-121/-2124 -50/-123/-2124 -49/-124/-2124 
s 2
f -45/-120/-1604 -46/-119/-1604 -48/-121/-1604 -47/-122/-1604 
s 4
f -43/-118/-1603 -44/-117/-1603 -46/-119/-1603 -45/-120/-1603 
s 16
f -42/-115/-1614 -54/-73/-2967 -48/-121/-2967 -46/-116/-1614 
f -45/-110/-2555 -47/-111/-2555 -41/-113/-2555 -43/-72/-2555 
s 8
f -1773/-109/-1602 -39/-106/-1602 -40/-107/-1602 -1772/-108/-1602 
s 16
f -1772/-108/-1600 -40/-107/-1600 -38/-104/-1600 -1770/-105/-1600 
s 32
f -1770/-105/-1598 -38/-104/-108 -37/-102/-108 -1771/-103/-1598 
s 8
f -1765/-109/-1602 -35/-106/-1602 -36/-107/-1602 -1764/-108/-1602 
s 16
f -1764/-108/-1600 -36/-107/-1600 -34/-104/-1600 -1762/-105/-1600 
s 32
f -1762/-105/-1598 -34/-104/-108 -33/-102/-108 -1763/-103/-1598 
s 8
f -1757/-109/-1602 -31/-106/-1602 -32/-107/-1602 -1756/-108/-1602 
s 16
f -1756/-108/-1597 -32/-107/-1597 -30/-104/-1597 -1754/-105/-1597 
s 32
f -1754/-105/-1598 -30/-104/-108 -29/-102/-108 -1755/-103/-1598 
s 1
f -1749/-2105/-1594 -1512/-2104/-107 -1574/-2234/-107 -1573/-2237/-1594 
s 32768
f -1747/-100/-1591 -1486/-101/-106 -1483/-2038/-105 -1748/-99/-1590 
s 67108864
f -3246/-2054/-1589 -1748/-97/-1589 -1483/-98/-104 -1491/-2053/-104 
s 1
f -966/-1246/-692 -963/-96/-1587 -1081/-1407/-2393 -1084/-1406/-796 
s 4
f -25/-71/-103 -26/-70/-103 -28/-69/-103 -27/-68/-103 
s 2
f -23/-67/-1631 -24/-66/-1631 -26/-70/-1631 -25/-71/-1631 
s 4
f -21/-65/-102 -22/-64/-102 -24/-66/-102 -23/-67/-102 
s 2
f -19/-63/-101 -20/-62/-101 -22/-64/-101 -21/-65/-101 
f -28/-69/-100 -18/-61/-100 -17/-60/-100 -27/-68/-100 
s 16
f -16/-59/-2555 -28/-58/-2555 -22/-57/-2555 -20/-56/-2555 
f -17/-55/-2967 -15/-54/-2967 -19/-53/-2967 -27/-52/-2967 
f -26/-51/-99 -24/-50/-99 -22/-57/-2555 -28/-58/-2555 
f -16/-59/-2555 -18/-49/-2555 -28/-58/-2555 
f -23/-48/-2967 -25/-47/-2967 -27/-52/-2967 -19/-53/-2967 
f -19/-53/-2967 -21/-46/-2967 -23/-48/-2967 
s 4
f -12/-71/-103 -13/-68/-103 -14/-69/-103 -11/-70/-103 
s 2
f -10/-67/-1631 -12/-71/-1631 -11/-70/-1631 -9/-66/-1631 
s 4
f -8/-65/-102 -10/-67/-102 -9/-66/-102 -7/-64/-102 
s 2
f -6/-63/-101 -8/-65/-101 -7/-64/-101 -5/-62/-101 
f -14/-69/-100 -13/-68/-100 -3/-60/-100 -4/-61/-100 
s 16
f -2/-59/-2967 -5/-56/-2967 -7/-57/-2967 -14/-58/-2967 
f -3/-55/-2555 -13/-52/-2555 -6/-53/-2555 -1/-54/-2555 
f -11/-51/-98 -14/-58/-2967 -7/-57/-2967 -9/-50/-98 
f -2/-59/-2967 -14/-58/-2967 -4/-49/-2967 
f -10/-48/-2555 -6/-53/-2555 -13/-52/-2555 -12/-47/-2555 
f -6/-53/-2555 -10/-48/-2555 -8/-46/-2555 
s 1
f -3376/-2416/-3179 -3287/-2393/-3161 -3286/-2415/-3178 
f -3364/-2337/-3107 -3251/-2338/-3108 -3197/-2336/-3106 
f -3467/-2287/-3060 -3422/-2285/-3058 -3383/-2289/-3062 
f -1571/-2233/-3030 -3298/-2113/-3030 -3303/-2232/-3030 
s 2048
f -3200/-2202/-3010 -3333/-95/-97 -3326/-2201/-3010 
s off
f -3345/-2180/-96 -3339/-94/-96 -3328/-2229/-96 
s 1
f -3225/-2037/-2886 -3213/-45/-95 -3224/-2036/-2885 
f -3224/-2036/-2885 -3212/-44/-94 -3223/-2035/-2884 
f -2852/-1509/-2474 -2851/-1510/-2475 -2854/-1511/-2476 
f -2854/-1511/-2476 -2844/-1492/-93 -2853/-1508/-2473 
s 2147483648
f -971/-1247/-2276 -970/-93/-693 -2713/-1250/-2278 
s 4
f -2700/-1235/-2255 -2699/-1229/-92 -2698/-1225/-91 
f -2698/-1225/-91 -2697/-1226/-90 -2696/-1234/-2254 -2700/-1235/-2255 
f -2696/-1234/-2254 -2695/-1222/-89 -2694/-1233/-2253 
s 2
f -2664/-1189/-2233 -2663/-43/-88 -2662/-1188/-2232 
f -2662/-1188/-2232 -2661/-42/-87 -2660/-41/-86 -2656/-1187/-2231 
f -2644/-1163/-2209 -2643/-40/-2209 -2642/-1162/-2209 
f -2638/-39/-2209 -2634/-38/-2209 -2632/-1161/-2209 -2642/-1162/-2209 
s off
f -2538/-973/-2124 -2559/-92/-2124 -2545/-972/-2124 
f -2540/-969/-85 -2575/-981/-85 -2589/-978/-85 
s 16
f -2507/-912/-2097 -2509/-913/-2097 -2511/-920/-2097 -2517/-921/-2097 
f -2514/-914/-2095 -2515/-910/-84 -2512/-911/-84 -2510/-917/-2095 
f -2505/-921/-2088 -2502/-918/-83 -2500/-919/-83 -2498/-920/-2088 
f -2495/-915/-82 -2497/-916/-82 -2499/-917/-2086 -2504/-914/-2086 
f -2489/-892/-3030 -2492/-900/-3030 -2493/-901/-3030 
f -2486/-889/-2076 -2484/-91/-527 -2490/-902/-2076 
s 1
f -2458/-862/-2063 -2457/-855/-81 -2456/-861/-2062 
f -2452/-846/-80 -2450/-842/-79 -2448/-860/-2061 -2456/-861/-2062 
s 16
f -2439/-89/-2209 -2441/-90/-2209 -2443/-825/-2209 -2437/-826/-2209 
f -2436/-821/-2046 -2444/-837/-2046 -2445/-838/-2046 -2442/-824/-2046 
f -2427/-89/-2209 -2429/-90/-2209 -2431/-825/-2209 -2425/-826/-2209 
f -2424/-821/-2046 -2432/-837/-2046 -2433/-838/-2046 -2430/-824/-2046 
f -2415/-89/-2209 -2417/-90/-2209 -2419/-825/-2209 -2413/-826/-2209 
f -2412/-821/-2044 -2420/-837/-78 -2421/-838/-78 -2418/-824/-2044 
f -2403/-89/-2209 -2405/-90/-2209 -2407/-825/-2209 -2401/-826/-2209 
f -2400/-821/-2046 -2408/-837/-2046 -2409/-838/-2046 -2406/-824/-2046 
f -2391/-89/-2209 -2393/-90/-2209 -2395/-825/-2209 -2389/-826/-2209 
f -2388/-821/-2046 -2396/-837/-2046 -2397/-838/-2046 -2394/-824/-2046 
f -2379/-89/-2209 -2381/-90/-2209 -2383/-825/-2209 -2377/-826/-2209 
f -2376/-821/-2046 -2384/-837/-2046 -2385/-838/-2046 -2382/-824/-2046 
s 4194304
f -2209/-584/-1895 -2208/-88/-77 -2207/-583/-1894 
f -2207/-583/-1894 -2206/-37/-76 -2205/-582/-1893 
f -2198/-576/-2046 -2197/-36/-2046 -2212/-575/-2046 
f -2212/-575/-2046 -2214/-35/-2046 -2196/-574/-2046 
s 16
f -2181/-87/-2555 -2183/-34/-2555 -2185/-536/-2555 -2179/-539/-2555 
f -2177/-537/-2555 -2179/-539/-2555 -2185/-536/-2555 
f -2176/-538/-2967 -2186/-85/-2967 -2187/-86/-2967 -2184/-533/-2967 
f -2184/-533/-2967 -2182/-33/-2967 -2180/-532/-2967 
s 1
f -2136/-489/-2209 -2138/-32/-2209 -2140/-31/-2209 
f -2140/-31/-2209 -2142/-30/-2209 -2144/-29/-2209 -2136/-489/-2209 
f -2144/-29/-2209 -2146/-28/-2209 -2148/-27/-2209 
f -2148/-27/-2209 -2150/-26/-2209 -2152/-488/-2209 -2144/-29/-2209 
f -2136/-489/-2209 -2144/-29/-2209 -2152/-488/-2209 
f -2152/-488/-2209 -2154/-25/-2209 -2157/-487/-2209 
s 16
f -2127/-475/-1839 -2129/-84/-75 -2131/-480/-1839 
f -2126/-473/-1837 -2132/-83/-301 -2133/-485/-1837 
f -2045/-333/-1759 -2031/-81/-1746 -2033/-82/-1746 -2035/-332/-1758 
f -2035/-332/-1758 -2037/-24/-74 -2039/-23/-74 -2041/-331/-1757 
f -2038/-22/-73 -2036/-21/-73 -2034/-328/-1754 -2040/-80/-72 
f -2042/-329/-1755 -2043/-79/-71 -2040/-80/-72 -2034/-328/-1754 
f -2029/-333/-1747 -2015/-81/-1746 -2017/-82/-1746 -2019/-332/-1746 
f -2019/-332/-1746 -2021/-24/-70 -2023/-23/-70 -2025/-331/-1745 
f -2022/-22/-69 -2020/-21/-69 -2018/-328/-1743 -2024/-80/-68 
f -2026/-329/-1743 -2027/-79/-67 -2024/-80/-68 -2018/-328/-1743 
s off
f -1973/-269/-66 -1972/-247/-66 -1971/-268/-66 
f -1971/-268/-65 -1970/-20/-65 -1969/-267/-65 
s 67108864
f -1989/-265/-1715 -1983/-78/-1715 -1991/-264/-1715 
f -1991/-264/-1715 -1987/-19/-1715 -1981/-263/-1715 
s 16
f -1965/-18/-2555 -1966/-17/-2555 -1967/-220/-1697 -1964/-16/-2555 
f -1963/-15/-2555 -1964/-16/-2555 -1967/-220/-1697 -1962/-221/-1697 
f -1959/-216/-2973 -1958/-14/-2967 -1957/-13/-2967 -1956/-232/-2967 
f -1959/-216/-2973 -1956/-232/-2967 -1955/-230/-2967 -1954/-215/-2973 
f -1947/-18/-2555 -1950/-17/-2555 -1951/-220/-1697 -1945/-16/-2555 
f -1943/-15/-2555 -1945/-16/-2555 -1951/-220/-1697 -1941/-221/-1697 
f -1948/-216/-2973 -1949/-14/-2967 -1946/-13/-2967 -1944/-232/-2967 
f -1948/-216/-2973 -1944/-232/-2967 -1942/-230/-2967 -1940/-215/-2973 
f -1922/-185/-1689 -1921/-188/-1689 -1920/-193/-64 -1923/-202/-1691 
f -1923/-202/-1691 -1920/-193/-64 -1919/-201/-1690 
f -1916/-195/-1686 -1915/-182/-164 -1914/-77/-164 -1913/-190/-1688 
f -1916/-195/-1686 -1913/-190/-1688 -1912/-198/-1688 
f -1896/-185/-63 -1895/-188/-63 -1894/-193/-62 -1897/-202/-1675 
f -1897/-202/-1675 -1894/-193/-62 -1893/-201/-1674 
f -1890/-195/-1670 -1889/-182/-149 -1888/-77/-149 -1887/-190/-1672 
f -1890/-195/-1670 -1887/-190/-1672 -1886/-198/-1672 
f -1870/-185/-1689 -1869/-188/-1689 -1868/-193/-1656 -1871/-202/-1657 
f -1871/-202/-1657 -1868/-193/-1656 -1867/-201/-1656 
f -1864/-195/-1653 -1863/-182/-134 -1862/-77/-134 -1861/-190/-61 
f -1864/-195/-1653 -1861/-190/-61 -1860/-198/-1655 
f -1853/-173/-2967 -1854/-175/-2967 -1855/-179/-2967 -1852/-180/-2967 
s 1
f -117/-158/-1624 -1842/-154/-60 -1835/-157/-1623 
s 2
f -110/-151/-1619 -1833/-131/-59 -1837/-150/-1618 
f -105/-145/-1615 -102/-76/-1615 -1838/-144/-1615 
s 16
f -1835/-75/-2973 -1830/-134/-2973 -1834/-141/-2973 -1838/-142/-2973 
f -1826/-123/-2555 -1827/-12/-2555 -1828/-73/-2555 -1825/-121/-1697 
f -1825/-121/-1697 -1828/-73/-2555 -1829/-115/-1697 
f -1821/-112/-2967 -1820/-128/-2967 -1819/-124/-2967 -1818/-111/-2967 
f -1817/-110/-2967 -1816/-72/-98 -1822/-113/-2967 
f -1812/-123/-2555 -1813/-12/-2555 -1814/-73/-2555 -1811/-121/-1697 
f -1811/-121/-1697 -1814/-73/-2555 -1815/-115/-1697 
f -1807/-112/-2967 -1806/-128/-2967 -1805/-124/-2967 -1804/-111/-2967 
f -1803/-110/-2967 -1802/-72/-98 -1808/-113/-2967 
f -1798/-123/-2555 -1799/-12/-2555 -1800/-73/-2555 -1797/-121/-1697 
f -1797/-121/-1697 -1800/-73/-2555 -1801/-115/-1697 
f -1793/-112/-2967 -1792/-128/-2967 -1791/-124/-2967 -1790/-111/-2967 
f -1789/-110/-2967 -1788/-72/-98 -1794/-113/-2967 
f -1784/-123/-2555 -1785/-12/-2555 -1786/-73/-2555 -1783/-121/-1697 
f -1783/-121/-1697 -1786/-73/-2555 -1787/-115/-1697 
f -1779/-112/-2967 -1778/-128/-2967 -1777/-124/-2967 -1776/-111/-2967 
f -1775/-110/-2967 -1774/-72/-98 -1780/-113/-2967 
s 1
f -3301/-2234/-1595 -3296/-2107/-58 -3300/-2104/-1595 
s 32768
f -3234/-2038/-1593 -3240/-2044/-57 -3236/-101/-1592 
f -3236/-101/-1592 -3239/-11/-56 -1747/-100/-1591 
s 1
f -1711/-2415/-1553 -1712/-2393/-1536 -1713/-2416/-1552 
f -1639/-2337/-1484 -1644/-2342/-1488 -1643/-2341/-1487 
f -1593/-2289/-1437 -1590/-2285/-1433 -1591/-2287/-1436 
f -1569/-2232/-2127 -1570/-2113/-2127 -1571/-2233/-3030 
s 2048
f -3340/-2203/-3011 -1556/-2200/-3009 -1555/-2201/-1397 
s off
f -1540/-2181/-55 -1567/-2226/-55 -1566/-2229/-55 
s 1
f -1477/-2035/-1283 -1478/-44/-54 -1479/-2036/-1282 
f -1479/-2036/-1282 -1480/-45/-53 -1481/-2037/-1281 
f -1106/-1508/-874 -1107/-1492/-52 -1111/-1511/-875 
f -1111/-1511/-875 -1110/-1510/-876 -1108/-1509/-873 
s 2147483648
f -967/-1248/-694 -968/-1249/-51 -969/-1250/-694 
s 4
f -953/-1233/-676 -954/-1222/-50 -955/-1234/-675 
f -957/-1225/-49 -958/-1229/-48 -959/-1235/-674 -955/-1234/-675 
s 2
f -915/-1187/-654 -916/-10/-47 -917/-9/-46 
f -917/-9/-46 -918/-8/-45 -919/-41/-44 -915/-1187/-654 
f -919/-41/-44 -920/-42/-43 -921/-1188/-653 -915/-1187/-654 
f -921/-1188/-653 -922/-43/-88 -923/-1189/-652 
f -891/-1161/-2209 -892/-7/-2209 -893/-38/-2209 
f -893/-38/-2209 -894/-6/-2209 -895/-5/-2209 
f -895/-5/-2209 -896/-4/-2209 -897/-39/-2209 -893/-38/-2209 
f -891/-1161/-2209 -893/-38/-2209 -897/-39/-2209 
f -897/-39/-2209 -898/-3/-2209 -899/-2/-2209 
f -899/-2/-2209 -900/-1/-2209 -901/-1162/-2209 -897/-39/-2209 
f -891/-1161/-2209 -897/-39/-2209 -901/-1162/-2209 
f -901/-1162/-2209 -902/-40/-2209 -903/-1163/-2209 
s off
f -831/-975/-2124 -845/-974/-2124 -804/-972/-2124 
f -819/-970/-3030 -803/-1039/-3030 -848/-978/-3030 
s 16
f -776/-921/-547 -775/-918/-42 -772/-919/-42 -770/-920/-547 
f -765/-915/-41 -767/-916/-41 -769/-917/-546 -773/-914/-546 
f -753/-912/-40 -755/-913/-40 -757/-920/-539 -764/-921/-539 
f -763/-914/-537 -762/-910/-39 -760/-911/-39 -758/-917/-537 
f -746/-893/-3030 -744/-891/-3030 -752/-901/-3030 
f -747/-890/-2076 -750/-903/-2076 -749/-902/-2076 
s 1
f -707/-860/-514 -708/-840/-38 -709/-842/-37 
f -709/-842/-37 -710/-844/-36 -711/-846/-35 -707/-860/-514 
f -711/-846/-35 -712/-848/-34 -713/-850/-33 
f -713/-850/-33 -714/-852/-511 -715/-861/-513 -711/-846/-35 
f -707/-860/-514 -711/-846/-35 -715/-861/-513 
f -715/-861/-513 -716/-855/-32 -717/-862/-512 
s 16
f -696/-826/-2209 -706/-836/-2209 -705/-835/-2209 -702/-825/-2209 
f -697/-822/-2046 -699/-823/-2046 -701/-824/-2046 -695/-821/-2046 
f -684/-826/-2209 -694/-836/-2209 -693/-835/-2209 -690/-825/-2209 
f -685/-822/-2046 -687/-823/-2046 -689/-824/-2046 -683/-821/-2046 
f -672/-826/-2209 -682/-836/-2209 -681/-835/-2209 -678/-825/-2209 
f -673/-822/-31 -675/-823/-31 -677/-824/-495 -671/-821/-495 
f -660/-826/-2209 -670/-836/-2209 -669/-835/-2209 -666/-825/-2209 
f -661/-822/-2046 -663/-823/-2046 -665/-824/-2046 -659/-821/-2046 
f -648/-826/-2209 -658/-836/-2209 -657/-835/-2209 -654/-825/-2209 
f -649/-822/-2046 -651/-823/-2046 -653/-824/-2046 -647/-821/-2046 
f -636/-826/-2209 -646/-836/-2209 -645/-835/-2209 -642/-825/-2209 
f -637/-822/-2046 -639/-823/-2046 -641/-824/-2046 -635/-821/-2046 
s 4194304
f -468/-584/-1895 -463/-581/-30 -464/-582/-1894 
f -464/-582/-1894 -465/-37/-76 -466/-583/-346 
f -455/-574/-2046 -473/-35/-2046 -471/-575/-2046 
f -471/-575/-2046 -456/-36/-2046 -457/-576/-2046 
s 16
f -436/-537/-2967 -448/-534/-2967 -447/-535/-2967 -444/-536/-2967 
f -444/-536/-2967 -442/-34/-2967 -440/-87/-2967 
f -439/-532/-2555 -441/-33/-2555 -443/-533/-2555 -437/-540/-2555 
f -435/-538/-2555 -437/-540/-2555 -443/-533/-2555 
s 1
f -416/-487/-2209 -414/-25/-2209 -412/-488/-2209 
f -404/-29/-2209 -400/-31/-2209 -396/-489/-2209 -412/-488/-2209 
s 16
f -386/-475/-1838 -394/-474/-1839 -393/-482/-1838 
f -385/-473/-301 -387/-472/-29 -389/-481/-301 
f -298/-23/-28 -296/-24/-28 -294/-332/-221 -300/-331/-27 
f -304/-333/-222 -303/-330/-26 -300/-331/-27 -294/-332/-221 
f -301/-329/-219 -289/-326/-25 -291/-327/-25 -293/-328/-218 
f -293/-328/-218 -295/-21/-24 -297/-22/-24 -299/-80/-217 
f -282/-23/-23 -280/-24/-23 -278/-332/-209 -284/-331/-22 
f -288/-333/-210 -287/-330/-21 -284/-331/-22 -278/-332/-209 
f -285/-329/-208 -273/-326/-25 -275/-327/-25 -277/-328/-208 
f -277/-328/-208 -279/-21/-20 -281/-22/-20 -283/-80/-207 
s off
f -233/-267/-19 -234/-20/-19 -235/-268/-19 
f -235/-268/-66 -236/-247/-66 -237/-269/-66 
s 67108864
f -249/-265/-182 -243/-262/-1715 -246/-263/-182 
f -246/-263/-182 -239/-19/-182 -242/-264/-182 
s 16
f -226/-220/-1614 -225/-17/-2967 -222/-18/-2967 -220/-16/-2967 
f -226/-220/-1614 -220/-16/-2967 -218/-15/-2967 -216/-221/-1614 
f -221/-13/-2555 -224/-14/-2555 -223/-216/-1363 -219/-232/-2555 
f -217/-230/-2555 -219/-232/-2555 -223/-216/-1363 -215/-215/-1363 
f -210/-220/-1614 -209/-17/-2967 -206/-18/-2967 -204/-16/-2967 
f -210/-220/-1614 -204/-16/-2967 -202/-15/-2967 -200/-221/-1614 
f -205/-13/-2555 -208/-14/-2555 -207/-216/-1363 -203/-232/-2555 
f -201/-230/-2555 -203/-232/-2555 -207/-216/-1363 -199/-215/-1363 
f -184/-202/-167 -1917/-199/-1689 -1918/-200/-1689 -180/-201/-18 
f -184/-202/-167 -180/-201/-18 -181/-193/-169 
f -175/-196/-1671 -176/-197/-1671 -177/-198/-165 -179/-195/-166 
f -179/-195/-166 -177/-198/-165 -178/-190/-165 
f -164/-202/-152 -1891/-199/-1673 -1892/-200/-1673 -160/-201/-17 
f -164/-202/-152 -160/-201/-17 -161/-193/-154 
f -155/-196/-1687 -156/-197/-1687 -157/-198/-150 -159/-195/-151 
f -159/-195/-151 -157/-198/-150 -158/-190/-150 
f -144/-202/-137 -1865/-199/-1689 -1866/-200/-1689 -140/-201/-138 
f -144/-202/-137 -140/-201/-138 -141/-193/-138 
f -135/-196/-16 -136/-197/-16 -137/-198/-15 -139/-195/-136 
f -139/-195/-136 -137/-198/-15 -138/-190/-135 
f -130/-179/-2555 -131/-175/-2555 -132/-173/-2555 -133/-180/-2555 
s 1
f -118/-159/-1625 -114/-156/-14 -115/-157/-1625 
s 2
f -111/-152/-1620 -107/-149/-1620 -108/-150/-1620 
f -104/-148/-114 -100/-143/-13 -101/-144/-114 
s 16
f -101/-142/-1363 -100/-139/-1697 -97/-140/-1697 -98/-141/-1356 
f -98/-141/-1356 -99/-134/-12 -115/-75/-1356 
f -96/-73/-2967 -95/-12/-2967 -92/-123/-2967 -90/-121/-2967 
f -88/-116/-1614 -86/-114/-2975 -84/-115/-1614 
f -91/-124/-2555 -94/-128/-2555 -93/-112/-2555 -89/-111/-2555 
f -89/-111/-2555 -93/-112/-2555 -83/-113/-2555 
f -82/-73/-2967 -81/-12/-2967 -78/-123/-2967 -76/-121/-2967 
f -74/-116/-1614 -72/-114/-2975 -70/-115/-1614 
f -77/-124/-2555 -80/-128/-2555 -79/-112/-2555 -75/-111/-2555 
f -75/-111/-2555 -79/-112/-2555 -69/-113/-2555 
f -68/-73/-2967 -67/-12/-2967 -64/-123/-2967 -62/-121/-2967 
f -60/-116/-1614 -58/-114/-2975 -56/-115/-1614 
f -63/-124/-2555 -66/-128/-2555 -65/-112/-2555 -61/-111/-2555 
f -61/-111/-2555 -65/-112/-2555 -55/-113/-2555 
f -54/-73/-2967 -53/-12/-2967 -50/-123/-2967 -48/-121/-2967 
f -46/-116/-1614 -44/-114/-2975 -42/-115/-1614 
f -49/-124/-2555 -52/-128/-2555 -51/-112/-2555 -47/-111/-2555 
f -47/-111/-2555 -51/-112/-2555 -41/-113/-2555 
s 1
f -1512/-2104/-107 -1513/-2107/-11 -1574/-2234/-107 
s 32768
f -1747/-100/-1591 -1484/-11/-10 -1486/-101/-106 
f -1486/-101/-106 -1485/-2044/-9 -1483/-2038/-105 
s 2
f -2658/-9/-8 -2657/-10/-7 -2656/-1187/-2231 -2660/-41/-86 
f -2642/-1162/-2209 -2641/-1/-2209 -2640/-2/-2209 
f -2640/-2/-2209 -2639/-3/-2209 -2638/-39/-2209 -2642/-1162/-2209 
f -2638/-39/-2209 -2637/-4/-2209 -2636/-5/-2209 
f -2636/-5/-2209 -2635/-6/-2209 -2634/-38/-2209 -2638/-39/-2209 
f -2634/-38/-2209 -2633/-7/-2209 -2632/-1161/-2209 
s 1
f -2456/-861/-2062 -2455/-852/-6 -2454/-850/-5 
f -2454/-850/-5 -2453/-848/-5 -2452/-846/-80 -2456/-861/-2062 
f -2452/-846/-80 -2451/-844/-4 -2450/-842/-79 
f -2450/-842/-79 -2449/-840/-3 -2448/-860/-2061 
s 16
f -1838/-142/-2973 -1843/-74/-2973 -1835/-75/-2973 
s 4
f -955/-1234/-675 -956/-1226/-2 -957/-1225/-49 
s 1
f -412/-488/-2209 -410/-26/-2209 -408/-27/-2209 
f -408/-27/-2209 -406/-28/-2209 -404/-29/-2209 -412/-488/-2209 
f -404/-29/-2209 -402/-30/-2209 -400/-31/-2209 
f -400/-31/-2209 -398/-32/-2209 -396/-489/-2209 
s 2
f -2660/-41/-86 -2659/-8/-1 -2658/-9/-8 
# 2897 polygons - 380 triangles

