# Blender v2.93.6 OBJ File: 'ReconnaissanceDroneLRR5.blend'
# www.blender.org
o ReconnaissanceDroneLRR5_Circle.021
v -0.000005 2.783916 5.301111
v -0.543117 2.730423 5.301111
v -1.065359 2.572003 5.301111
v -1.546659 2.314743 5.301111
v -1.968523 1.968529 5.301111
v -2.314737 1.546665 5.301111
v -2.571997 1.065365 5.301111
v -2.730417 0.543124 5.301111
v -2.783909 0.000011 5.301111
v -2.730417 -0.543102 5.301111
v -2.571997 -1.065343 5.301111
v -2.314737 -1.546644 5.301111
v -1.968523 -1.968507 5.301111
v -1.546659 -2.314722 5.301111
v -1.065358 -2.571982 5.301111
v -0.543117 -2.730402 5.301111
v -0.000004 -2.783894 5.301111
v 0.543109 -2.730402 5.301111
v 1.065351 -2.571981 5.301111
v 1.546652 -2.314721 5.301111
v 1.968515 -1.968506 5.301111
v 2.314729 -1.546642 5.301111
v 2.571989 -1.065342 5.301111
v 2.730409 -0.543100 5.301111
v 2.783900 0.000013 5.301111
v 2.730408 0.543126 5.301111
v 2.571987 1.065368 5.301111
v 2.314726 1.546668 5.301111
v 1.968511 1.968531 5.301111
v 1.546647 2.314745 5.301111
v 1.065346 2.572005 5.301111
v 0.543104 2.730424 5.301111
v -0.000005 2.100494 6.064319
v -0.409789 2.060134 6.064319
v -0.803825 1.940604 6.064319
v -1.166971 1.746499 6.064319
v -1.485271 1.485277 6.064319
v -1.746493 1.166977 6.064319
v -1.940598 0.803831 6.064319
v -2.060128 0.409795 6.064319
v -2.100488 0.000011 6.064319
v -2.060128 -0.409773 6.064319
v -1.940599 -0.803810 6.064319
v -1.746493 -1.166956 6.064319
v -1.485271 -1.485256 6.064319
v -1.166971 -1.746478 6.064319
v -0.803825 -1.940584 6.064319
v -0.409788 -2.060113 6.064319
v -0.000004 -2.100473 6.064319
v 0.409780 -2.060113 6.064319
v 0.803817 -1.940583 6.064319
v 1.166963 -1.746477 6.064319
v 1.485263 -1.485255 6.064319
v 1.746485 -1.166955 6.064319
v 1.940590 -0.803808 6.064319
v 2.060120 -0.409772 6.064319
v 2.100479 0.000013 6.064319
v 2.060119 0.409797 6.064319
v 1.940589 0.803833 6.064319
v 1.746483 1.166979 6.064319
v 1.485260 1.485279 6.064319
v 1.166960 1.746500 6.064319
v 0.803813 1.940606 6.064319
v 0.409776 2.060135 6.064319
v -0.000005 1.909094 6.064319
v -0.372448 1.872411 6.064319
v -0.730579 1.763773 6.064319
v -1.060634 1.587355 6.064319
v -1.349930 1.349936 6.064319
v -1.587349 1.060640 6.064319
v -1.763767 0.730585 6.064319
v -1.872406 0.372454 6.064319
v -1.909088 0.000011 6.064319
v -1.872406 -0.372433 6.064319
v -1.763768 -0.730564 6.064319
v -1.587349 -1.060619 6.064319
v -1.349930 -1.349915 6.064319
v -1.060634 -1.587335 6.064319
v -0.730579 -1.763753 6.064319
v -0.372448 -1.872390 6.064319
v -0.000004 -1.909073 6.064319
v 0.372440 -1.872390 6.064319
v 0.730571 -1.763752 6.064319
v 1.060627 -1.587334 6.064319
v 1.349922 -1.349915 6.064319
v 1.587341 -1.060618 6.064319
v 1.763759 -0.730563 6.064319
v 1.872397 -0.372431 6.064319
v 1.909079 0.000012 6.064319
v 1.872396 0.372456 6.064319
v 1.763758 0.730587 6.064319
v 1.587339 1.060642 6.064319
v 1.349920 1.349938 6.064319
v 1.060623 1.587357 6.064319
v 0.730568 1.763775 6.064319
v 0.372436 1.872412 6.064319
v -0.000005 2.472440 5.301111
v -0.482352 2.424933 5.301111
v -0.946162 2.284237 5.301111
v -1.373613 2.055761 5.301111
v -1.748276 1.748282 5.301111
v -2.055755 1.373619 5.301111
v -2.284231 0.946168 5.301111
v -2.424927 0.482358 5.301111
v -2.472434 0.000011 5.301111
v -2.424927 -0.482336 5.301111
v -2.284231 -0.946147 5.301111
v -2.055755 -1.373597 5.301111
v -1.748276 -1.748261 5.301111
v -1.373612 -2.055739 5.301111
v -0.946162 -2.284216 5.301111
v -0.482351 -2.424912 5.301111
v -0.000004 -2.472419 5.301111
v 0.482343 -2.424911 5.301111
v 0.946154 -2.284216 5.301111
v 1.373605 -2.055738 5.301111
v 1.748268 -1.748260 5.301111
v 2.055746 -1.373596 5.301111
v 2.284223 -0.946145 5.301111
v 2.424918 -0.482334 5.301111
v 2.472425 0.000013 5.301111
v 2.424917 0.482360 5.301111
v 2.284221 0.946171 5.301111
v 2.055744 1.373621 5.301111
v 1.748265 1.748284 5.301111
v 1.373601 2.055762 5.301111
v 0.946150 2.284239 5.301111
v 0.482339 2.424934 5.301111
v -0.000005 1.955359 5.585131
v -0.381474 1.917787 5.585131
v -0.748284 1.806517 5.585131
v -1.086338 1.625823 5.585131
v -1.382644 1.382651 5.585131
v -1.625817 1.086344 5.585131
v -1.806510 0.748290 5.585131
v -1.917781 0.381480 5.585131
v -1.955353 0.000011 5.585131
v -1.917781 -0.381459 5.585131
v -1.806511 -0.748268 5.585131
v -1.625817 -1.086322 5.585131
v -1.382644 -1.382629 5.585131
v -1.086338 -1.625802 5.585131
v -0.748284 -1.806496 5.585131
v -0.381474 -1.917766 5.585131
v -0.000004 -1.955337 5.585131
v 0.381466 -1.917766 5.585131
v 0.748276 -1.806495 5.585131
v 1.086330 -1.625801 5.585131
v 1.382636 -1.382628 5.585131
v 1.625809 -1.086321 5.585131
v 1.806502 -0.748267 5.585131
v 1.917773 -0.381457 5.585131
v 1.955343 0.000013 5.585131
v 1.917772 0.381482 5.585131
v 1.806501 0.748292 5.585131
v 1.625807 1.086346 5.585131
v 1.382634 1.382652 5.585131
v 1.086326 1.625825 5.585131
v 0.748272 1.806518 5.585131
v 0.381462 1.917788 5.585131
v 0.000000 2.028306 5.994786
v -0.395703 1.989333 5.994786
v -0.776199 1.873910 5.994786
v -1.126867 1.686475 5.994786
v -1.434229 1.434229 5.994786
v -1.686475 1.126866 5.994786
v -1.873911 0.776199 5.994786
v -1.989333 0.395703 5.994786
v -2.028306 -0.000000 5.994786
v -1.989333 -0.395703 5.994786
v -1.873911 -0.776200 5.994786
v -1.686475 -1.126867 5.994786
v -1.434229 -1.434230 5.994786
v -1.126866 -1.686476 5.994786
v -0.776199 -1.873912 5.994786
v -0.395702 -1.989334 5.994786
v 0.000001 -2.028307 5.994786
v 0.395704 -1.989334 5.994786
v 0.776200 -1.873911 5.994786
v 1.126868 -1.686475 5.994786
v 1.434231 -1.434229 5.994786
v 1.686476 -1.126866 5.994786
v 1.873912 -0.776198 5.994786
v 1.989334 -0.395702 5.994786
v 2.028307 0.000001 5.994786
v 1.989333 0.395705 5.994786
v 1.873910 0.776201 5.994786
v 1.686474 1.126868 5.994786
v 1.434228 1.434231 5.994786
v 1.126865 1.686476 5.994786
v 0.776197 1.873912 5.994786
v 0.395700 1.989333 5.994786
v 0.000000 2.028306 6.539659
v -0.395703 1.989333 6.539659
v -0.776199 1.873910 6.539659
v -1.126867 1.686475 6.539659
v -1.434229 1.434229 6.539659
v -1.686475 1.126866 6.539659
v -1.873911 0.776199 6.539659
v -1.989333 0.395703 6.539659
v -2.028306 -0.000000 6.539659
v -1.989333 -0.395703 6.539659
v -1.873911 -0.776200 6.539659
v -1.686475 -1.126867 6.539659
v -1.434229 -1.434230 6.539659
v -1.126866 -1.686476 6.539659
v -0.776199 -1.873912 6.539659
v -0.395702 -1.989334 6.539659
v 0.000001 -2.028307 6.539659
v 0.395704 -1.989334 6.539659
v 0.776200 -1.873911 6.539659
v 1.126868 -1.686475 6.539659
v 1.434231 -1.434229 6.539659
v 1.686476 -1.126866 6.539659
v 1.873912 -0.776198 6.539659
v 1.989334 -0.395702 6.539659
v 2.028307 0.000001 6.539659
v 1.989333 0.395705 6.539659
v 1.873910 0.776201 6.539659
v 1.686474 1.126868 6.539659
v 1.434228 1.434231 6.539659
v 1.126865 1.686476 6.539659
v 0.776197 1.873911 6.539659
v 0.395700 1.989333 6.539659
v 0.000000 1.804457 6.539659
v -0.352032 1.769785 6.539659
v -0.690536 1.667101 6.539659
v -1.002503 1.500351 6.539659
v -1.275944 1.275944 6.539659
v -1.500352 1.002502 6.539659
v -1.667101 0.690535 6.539659
v -1.769785 0.352032 6.539659
v -1.804457 -0.000000 6.539659
v -1.769785 -0.352033 6.539659
v -1.667101 -0.690536 6.539659
v -1.500352 -1.002504 6.539659
v -1.275944 -1.275945 6.539659
v -1.002503 -1.500352 6.539659
v -0.690536 -1.667102 6.539659
v -0.352032 -1.769786 6.539659
v 0.000001 -1.804458 6.539659
v 0.352033 -1.769786 6.539659
v 0.690537 -1.667102 6.539659
v 1.002504 -1.500352 6.539659
v 1.275945 -1.275944 6.539659
v 1.500353 -1.002503 6.539659
v 1.667102 -0.690535 6.539659
v 1.769786 -0.352031 6.539659
v 1.804458 0.000001 6.539659
v 1.769786 0.352034 6.539659
v 1.667101 0.690537 6.539659
v 1.500351 1.002504 6.539659
v 1.275943 1.275945 6.539659
v 1.002501 1.500352 6.539659
v 0.690534 1.667102 6.539659
v 0.352030 1.769786 6.539659
v 0.000000 1.804457 5.742842
v -0.352032 1.769785 5.742842
v -0.690536 1.667101 5.742842
v -1.002503 1.500351 5.742842
v -1.275944 1.275944 5.742842
v -1.500352 1.002502 5.742842
v -1.667101 0.690535 5.742842
v -1.769785 0.352032 5.742842
v -1.804457 -0.000000 5.742842
v -1.769785 -0.352033 5.742842
v -1.667101 -0.690536 5.742842
v -1.500352 -1.002504 5.742842
v -1.275944 -1.275945 5.742842
v -1.002503 -1.500352 5.742842
v -0.690536 -1.667102 5.742842
v -0.352032 -1.769786 5.742842
v 0.000001 -1.804458 5.742842
v 0.352033 -1.769786 5.742842
v 0.690537 -1.667102 5.742842
v 1.002504 -1.500352 5.742842
v 1.275945 -1.275944 5.742842
v 1.500353 -1.002503 5.742842
v 1.667102 -0.690535 5.742842
v 1.769786 -0.352031 5.742842
v 1.804458 0.000001 5.742842
v 1.769786 0.352034 5.742842
v 1.667101 0.690537 5.742842
v 1.500351 1.002504 5.742842
v 1.275943 1.275945 5.742842
v 1.002501 1.500352 5.742842
v 0.690534 1.667102 5.742842
v 0.352030 1.769786 5.742842
v 0.000000 1.886181 5.742842
v -0.367976 1.849939 5.742842
v -0.721810 1.742604 5.742842
v -1.047906 1.568302 5.742842
v -1.333732 1.333731 5.742842
v -1.568303 1.047906 5.742842
v -1.742604 0.721810 5.742842
v -1.849939 0.367975 5.742842
v -1.886181 -0.000000 5.742842
v -1.849939 -0.367976 5.742842
v -1.742604 -0.721811 5.742842
v -1.568303 -1.047907 5.742842
v -1.333732 -1.333732 5.742842
v -1.047906 -1.568303 5.742842
v -0.721810 -1.742605 5.742842
v -0.367975 -1.849940 5.742842
v 0.000001 -1.886182 5.742842
v 0.367977 -1.849939 5.742842
v 0.721811 -1.742605 5.742842
v 1.047907 -1.568303 5.742842
v 1.333733 -1.333732 5.742842
v 1.568304 -1.047906 5.742842
v 1.742605 -0.721810 5.742842
v 1.849940 -0.367975 5.742842
v 1.886182 0.000001 5.742842
v 1.849939 0.367977 5.742842
v 1.742604 0.721812 5.742842
v 1.568302 1.047908 5.742842
v 1.333730 1.333733 5.742842
v 1.047904 1.568303 5.742842
v 0.721808 1.742605 5.742842
v 0.367973 1.849939 5.742842
v 0.000000 1.446360 5.900389
v -0.282171 1.418568 5.900389
v -0.553498 1.336262 5.900389
v -0.803554 1.202604 5.900389
v -1.022731 1.022730 5.900389
v -1.202604 0.803554 5.900389
v -1.336262 0.553497 5.900389
v -1.418568 0.282170 5.900389
v -1.446360 -0.000000 5.900389
v -1.418568 -0.282171 5.900389
v -1.336262 -0.553498 5.900389
v -1.202604 -0.803555 5.900389
v -1.022731 -1.022732 5.900389
v -0.803554 -1.202605 5.900389
v -0.553498 -1.336263 5.900389
v -0.282170 -1.418569 5.900389
v 0.000001 -1.446361 5.900389
v 0.282172 -1.418569 5.900389
v 0.553499 -1.336263 5.900389
v 0.803556 -1.202605 5.900389
v 1.022732 -1.022731 5.900389
v 1.202605 -0.803554 5.900389
v 1.336263 -0.553497 5.900389
v 1.418569 -0.282170 5.900389
v 1.446360 0.000001 5.900389
v 1.418569 0.282172 5.900389
v 1.336262 0.553499 5.900389
v 1.202604 0.803556 5.900389
v 1.022730 1.022732 5.900389
v 0.803553 1.202605 5.900389
v 0.553496 1.336263 5.900389
v 0.282169 1.418569 5.900389
v 0.000000 0.876952 6.006723
v -0.171085 0.860101 6.006723
v -0.335595 0.810198 6.006723
v -0.487208 0.729158 6.006723
v -0.620099 0.620098 6.006723
v -0.729159 0.487208 6.006723
v -0.810198 0.335594 6.006723
v -0.860101 0.171084 6.006723
v -0.876952 -0.000001 6.006723
v -0.860101 -0.171085 6.006723
v -0.810198 -0.335595 6.006723
v -0.729159 -0.487209 6.006723
v -0.620099 -0.620099 6.006723
v -0.487208 -0.729160 6.006723
v -0.335595 -0.810199 6.006723
v -0.171084 -0.860102 6.006723
v 0.000001 -0.876953 6.006723
v 0.171085 -0.860102 6.006723
v 0.335596 -0.810198 6.006723
v 0.487209 -0.729159 6.006723
v 0.620099 -0.620099 6.006723
v 0.729160 -0.487209 6.006723
v 0.810199 -0.335595 6.006723
v 0.860102 -0.171085 6.006723
v 0.876952 0.000000 6.006723
v 0.860102 0.171085 6.006723
v 0.810198 0.335595 6.006723
v 0.729159 0.487209 6.006723
v 0.620098 0.620099 6.006723
v 0.487208 0.729159 6.006723
v 0.335594 0.810198 6.006723
v 0.171084 0.860101 6.006723
v 0.000000 0.295893 6.068645
v -0.057726 0.290207 6.068645
v -0.113233 0.273369 6.068645
v -0.164389 0.246026 6.068645
v -0.209228 0.209227 6.068645
v -0.246026 0.164389 6.068645
v -0.273369 0.113233 6.068645
v -0.290207 0.057725 6.068645
v -0.295893 -0.000001 6.068645
v -0.290207 -0.057726 6.068645
v -0.273369 -0.113234 6.068645
v -0.246026 -0.164390 6.068645
v -0.209228 -0.209229 6.068645
v -0.164389 -0.246027 6.068645
v -0.113233 -0.273370 6.068645
v -0.057726 -0.290208 6.068645
v 0.000000 -0.295894 6.068645
v 0.057726 -0.290208 6.068645
v 0.113234 -0.273370 6.068645
v 0.164390 -0.246027 6.068645
v 0.209228 -0.209228 6.068645
v 0.246026 -0.164390 6.068645
v 0.273370 -0.113234 6.068645
v 0.290208 -0.057726 6.068645
v 0.295893 -0.000000 6.068645
v 0.290208 0.057726 6.068645
v 0.273370 0.113233 6.068645
v 0.246026 0.164389 6.068645
v 0.209228 0.209228 6.068645
v 0.164389 0.246026 6.068645
v 0.113233 0.273369 6.068645
v 0.057726 0.290207 6.068645
v 0.000000 -0.000000 6.080906
v -0.000005 3.050190 4.787913
v -0.595065 2.991582 4.787913
v -1.167258 2.818010 4.787913
v -1.694594 2.536143 4.787913
v -2.156807 2.156814 4.787913
v -2.536136 1.694600 4.787913
v -2.818003 1.167264 4.787913
v -2.991576 0.595071 4.787913
v -3.050184 0.000011 4.787913
v -2.991576 -0.595050 4.787913
v -2.818003 -1.167242 4.787913
v -2.536136 -1.694578 4.787913
v -2.156807 -2.156792 4.787913
v -1.694593 -2.536121 4.787913
v -1.167257 -2.817988 4.787913
v -0.595064 -2.991561 4.787913
v -0.000004 -3.050169 4.787913
v 0.595057 -2.991561 4.787913
v 1.167250 -2.817987 4.787913
v 1.694586 -2.536120 4.787913
v 2.156800 -2.156791 4.787913
v 2.536129 -1.694577 4.787913
v 2.817995 -1.167240 4.787913
v 2.991567 -0.595047 4.787913
v 3.050175 0.000014 4.787913
v 2.991566 0.595074 4.787913
v 2.817993 1.167267 4.787913
v 2.536125 1.694603 4.787913
v 2.156796 2.156816 4.787913
v 1.694581 2.536145 4.787913
v 1.167245 2.818011 4.787913
v 0.595051 2.991583 4.787913
v -0.000005 2.007895 5.645668
v -0.391723 1.969314 5.645668
v -0.768389 1.855053 5.645668
v -1.115525 1.669505 5.645668
v -1.419793 1.419799 5.645668
v -1.669499 1.115531 5.645668
v -1.855047 0.768394 5.645668
v -1.969307 0.391730 5.645668
v -2.007889 0.000011 5.645668
v -1.969308 -0.391708 5.645668
v -1.855047 -0.768373 5.645668
v -1.669499 -1.115510 5.645668
v -1.419793 -1.419778 5.645668
v -1.115525 -1.669484 5.645668
v -0.768388 -1.855033 5.645668
v -0.391723 -1.969292 5.645668
v -0.000004 -2.007873 5.645668
v 0.391715 -1.969292 5.645668
v 0.768380 -1.855032 5.645668
v 1.115517 -1.669483 5.645668
v 1.419785 -1.419777 5.645668
v 1.669491 -1.115509 5.645668
v 1.855039 -0.768372 5.645668
v 1.969299 -0.391706 5.645668
v 2.007879 0.000013 5.645668
v 1.969298 0.391731 5.645668
v 1.855037 0.768397 5.645668
v 1.669489 1.115533 5.645668
v 1.419782 1.419801 5.645668
v 1.115514 1.669506 5.645668
v 0.768377 1.855054 5.645668
v 0.391711 1.969314 5.645668
v -0.000005 2.438416 4.787913
v -0.475714 2.391562 4.787913
v -0.933142 2.252803 4.787913
v -1.354710 2.027470 4.787913
v -1.724217 1.724223 4.787913
v -2.027464 1.354716 4.787913
v -2.252797 0.933148 4.787913
v -2.391556 0.475720 4.787913
v -2.438409 0.000011 4.787913
v -2.391556 -0.475698 4.787913
v -2.252797 -0.933126 4.787913
v -2.027464 -1.354694 4.787913
v -1.724217 -1.724202 4.787913
v -1.354709 -2.027449 4.787913
v -0.933141 -2.252782 4.787913
v -0.475713 -2.391541 4.787913
v -0.000004 -2.438394 4.787913
v 0.475706 -2.391541 4.787913
v 0.933134 -2.252781 4.787913
v 1.354702 -2.027448 4.787913
v 1.724209 -1.724201 4.787913
v 2.027456 -1.354693 4.787913
v 2.252788 -0.933125 4.787913
v 2.391547 -0.475696 4.787913
v 2.438400 0.000013 4.787913
v 2.391546 0.475722 4.787913
v 2.252787 0.933150 4.787913
v 2.027453 1.354719 4.787913
v 1.724206 1.724225 4.787913
v 1.354698 2.027472 4.787913
v 0.933129 2.252804 4.787913
v 0.475701 2.391563 4.787913
v -0.000005 1.899890 5.407808
v -0.370653 1.863384 5.407808
v -0.727057 1.755270 5.407808
v -1.055521 1.579703 5.407808
v -1.343422 1.343428 5.407808
v -1.579696 1.055527 5.407808
v -1.755264 0.727063 5.407808
v -1.863378 0.370659 5.407808
v -1.899884 0.000011 5.407808
v -1.863378 -0.370637 5.407808
v -1.755264 -0.727041 5.407808
v -1.579696 -1.055506 5.407808
v -1.343422 -1.343406 5.407808
v -1.055521 -1.579681 5.407808
v -0.727056 -1.755249 5.407808
v -0.370652 -1.863363 5.407808
v -0.000004 -1.899869 5.407808
v 0.370644 -1.863363 5.407808
v 0.727049 -1.755248 5.407808
v 1.055513 -1.579680 5.407808
v 1.343414 -1.343406 5.407808
v 1.579688 -1.055504 5.407808
v 1.755255 -0.727040 5.407808
v 1.863369 -0.370636 5.407808
v 1.899875 0.000013 5.407808
v 1.863368 0.370661 5.407808
v 1.755254 0.727065 5.407808
v 1.579686 1.055529 5.407808
v 1.343411 1.343430 5.407808
v 1.055510 1.579704 5.407808
v 0.727045 1.755271 5.407808
v 0.370641 1.863385 5.407808
v -0.000005 0.000011 5.407808
v 0.000000 1.850170 5.890488
v -0.360950 1.814620 5.890488
v -0.708029 1.709334 5.890488
v -1.027900 1.538360 5.890488
v -1.308268 1.308268 5.890488
v -1.538361 1.027899 5.890488
v -1.709335 0.708029 5.890488
v -1.814620 0.360950 5.890488
v -1.850170 -0.000000 5.890488
v -1.814620 -0.360951 5.890488
v -1.709335 -0.708030 5.890488
v -1.538361 -1.027900 5.890488
v -1.308268 -1.308269 5.890488
v -1.027899 -1.538362 5.890488
v -0.708029 -1.709336 5.890488
v -0.360950 -1.814621 5.890488
v 0.000001 -1.850171 5.890488
v 0.360951 -1.814621 5.890488
v 0.708031 -1.709335 5.890488
v 1.027901 -1.538361 5.890488
v 1.308269 -1.308268 5.890488
v 1.538362 -1.027899 5.890488
v 1.709336 -0.708029 5.890488
v 1.814621 -0.360949 5.890488
v 1.850171 0.000001 5.890488
v 1.814620 0.360952 5.890488
v 1.709334 0.708031 5.890488
v 1.538360 1.027901 5.890488
v 1.308267 1.308270 5.890488
v 1.027898 1.538361 5.890488
v 0.708027 1.709335 5.890488
v 0.360948 1.814620 5.890488
v 0.000000 1.731328 5.890488
v -0.337765 1.698061 5.890488
v -0.662551 1.599539 5.890488
v -0.961875 1.439547 5.890488
v -1.224234 1.224234 5.890488
v -1.439547 0.961874 5.890488
v -1.599539 0.662550 5.890488
v -1.698062 0.337765 5.890488
v -1.731329 -0.000000 5.890488
v -1.698062 -0.337766 5.890488
v -1.599539 -0.662551 5.890488
v -1.439547 -0.961875 5.890488
v -1.224234 -1.224235 5.890488
v -0.961874 -1.439548 5.890488
v -0.662550 -1.599540 5.890488
v -0.337765 -1.698063 5.890488
v 0.000001 -1.731330 5.890488
v 0.337766 -1.698063 5.890488
v 0.662552 -1.599540 5.890488
v 0.961876 -1.439548 5.890488
v 1.224236 -1.224234 5.890488
v 1.439548 -0.961874 5.890488
v 1.599540 -0.662550 5.890488
v 1.698063 -0.337765 5.890488
v 1.731329 0.000001 5.890488
v 1.698062 0.337767 5.890488
v 1.599539 0.662552 5.890488
v 1.439547 0.961876 5.890488
v 1.224233 1.224236 5.890488
v 0.961873 1.439548 5.890488
v 0.662549 1.599540 5.890488
v 0.337763 1.698062 5.890488
v 0.000000 1.731328 5.744306
v -0.337765 1.698061 5.744306
v -0.662551 1.599539 5.744306
v -0.961875 1.439547 5.744306
v -1.224234 1.224234 5.744306
v -1.439547 0.961874 5.744306
v -1.599539 0.662550 5.744306
v -1.698062 0.337765 5.744306
v -1.731329 -0.000000 5.744306
v -1.698062 -0.337766 5.744306
v -1.599539 -0.662551 5.744306
v -1.439547 -0.961875 5.744306
v -1.224234 -1.224235 5.744306
v -0.961874 -1.439548 5.744306
v -0.662550 -1.599540 5.744306
v -0.337765 -1.698063 5.744306
v 0.000001 -1.731330 5.744306
v 0.337766 -1.698063 5.744306
v 0.662552 -1.599540 5.744306
v 0.961876 -1.439548 5.744306
v 1.224236 -1.224234 5.744306
v 1.439548 -0.961874 5.744306
v 1.599540 -0.662550 5.744306
v 1.698063 -0.337765 5.744306
v 1.731329 0.000001 5.744306
v 1.698062 0.337767 5.744306
v 1.599539 0.662552 5.744306
v 1.439547 0.961876 5.744306
v 1.224233 1.224236 5.744306
v 0.961873 1.439548 5.744306
v 0.662549 1.599540 5.744306
v 0.337763 1.698062 5.744306
v 0.260670 -3.246016 4.996641
v 0.260670 -2.369307 6.058573
v -0.260670 -2.369308 6.058573
v -0.260670 -3.246016 4.996640
v 0.260670 -2.729380 4.890928
v 0.260670 -2.167678 5.571302
v -0.260670 -2.167679 5.571302
v -0.260670 -2.729381 4.890928
v -0.260669 3.246016 4.996641
v -0.260669 2.369307 6.058573
v 0.260671 2.369308 6.058573
v 0.260671 3.246016 4.996640
v -0.260669 2.729380 4.890928
v -0.260669 2.167678 5.571302
v 0.260671 2.167679 5.571302
v 0.260671 2.729381 4.890928
v 3.052053 -1.135579 4.996641
v 2.257485 -0.765065 6.058573
v 2.037158 -1.237560 6.058573
v 2.831726 -1.608073 4.996640
v 2.583823 -0.917239 4.890928
v 2.074748 -0.679854 5.571302
v 1.854420 -1.152348 5.571302
v 2.363495 -1.389733 4.890928
v -3.052053 -1.135578 4.996641
v -2.257486 -0.765065 6.058573
v -2.037158 -1.237560 6.058573
v -2.831726 -1.608073 4.996640
v -2.583823 -0.917239 4.890928
v -2.074748 -0.679854 5.571302
v -1.854420 -1.152348 5.571302
v -2.363495 -1.389733 4.890928
v 0.604612 -1.158089 -1.992105
v 0.247774 -1.533724 -1.992106
v 0.318747 -2.278423 5.538071
v 0.769926 -1.803476 5.538072
v 0.250071 1.531290 -0.448224
v 0.604612 1.175272 -0.448224
v 0.769926 1.790411 5.538073
v 0.318747 2.243468 5.538072
v 0.769926 -1.223142 2.273425
v 0.318747 -1.699039 2.273424
v 0.318747 -2.278423 3.117598
v 0.769926 -1.802525 3.117598
v 0.318747 -1.699039 -1.992106
v 0.769926 -1.224093 -1.992105
v 0.769927 1.243546 -0.448224
v 0.318748 1.696604 -0.448224
v 0.247773 -1.533724 -0.143504
v 0.604611 -1.158089 -0.143503
v 0.604612 1.175272 -0.143503
v 0.250070 1.531290 -0.143503
v 0.769926 0.009727 -0.448224
v 0.604612 0.008592 -0.448225
v 0.769926 -0.748174 -1.992105
v 0.604612 -0.748174 -1.992105
v 0.979568 -0.313398 2.104877
v 0.979568 -0.749114 5.464660
v 0.979568 1.488929 5.100729
v 0.979569 1.758116 3.346534
v 0.536689 2.177925 3.127470
v 0.979568 1.735045 5.100729
v 0.536688 2.177925 5.100729
v 0.979568 1.735045 4.413553
v 0.536688 2.177925 4.728512
v 0.979568 2.369274 3.891381
v 0.536689 2.812154 3.692885
v 0.979568 2.369274 4.193163
v 0.536688 2.812154 4.508123
v 0.536689 1.964004 1.341342
v 0.979569 1.517959 1.341342
v 0.979568 0.991586 5.464661
v 0.979569 0.825203 1.341342
v 0.979569 -0.313397 0.149986
v 0.979569 0.436302 0.149986
v 0.979568 -0.749114 2.601043
v 1.053759 -0.140272 0.251824
v 1.053759 -0.140272 1.347710
v 0.754747 2.143321 -1.504425
v 0.754746 2.143321 -0.408539
v 1.384857 1.456041 -1.504425
v 1.384857 1.456041 -0.408539
v 1.261735 1.456041 -0.408539
v 1.261735 1.456041 -1.504425
v 1.384857 0.668527 -0.500626
v 1.384857 0.668527 0.595259
v 1.261735 0.668527 0.595259
v 1.261735 0.668527 -0.500626
v 1.384857 1.203852 -1.504425
v 1.384857 1.203852 -0.408539
v 1.261735 1.203852 -0.408539
v 1.261735 1.203852 -1.504425
v 0.727223 2.039050 -0.408539
v 0.727223 2.039050 -1.504425
v 1.384857 0.303247 0.035563
v 1.384857 0.303247 1.131448
v 1.261735 0.303247 1.131448
v 1.261735 0.303247 0.035563
v 0.984871 -0.067623 1.312286
v 0.984871 -0.067623 0.216401
v 0.727716 -0.140272 1.347710
v 0.727716 -0.140272 0.251824
v 0.727716 -0.067623 1.312286
v 0.727716 -0.067623 0.216401
v 0.587606 2.143321 -1.504425
v 0.587606 2.039050 -1.504425
v 0.336587 2.039051 -2.583280
v 0.336587 2.086778 -2.583280
v 0.934748 -1.619953 -0.090909
v 0.934748 -0.827454 2.989883
v 0.832063 -0.827454 2.989883
v 0.832063 -1.619953 -0.090910
v 0.934748 -0.248067 0.212522
v 0.934748 -0.248067 2.989884
v 0.832063 -0.248067 2.989883
v 0.832063 -0.248067 0.212521
v 0.934748 -1.619953 1.200974
v 0.832063 -1.619953 1.200974
v 0.451168 -2.155538 0.636385
v 0.611330 -1.864424 -0.090910
v 0.714015 -1.864424 -0.090909
v 0.451173 -2.155543 -2.868254
v 0.480708 -2.009104 -2.868254
v 0.583393 -2.009104 -2.868254
v 0.406572 -2.091202 0.704206
v 0.406578 -2.091206 -2.868254
v 0.934748 -0.994209 -0.090909
v 0.832063 -0.994209 -0.090910
v 0.934748 -0.738508 0.212522
v 0.832063 -0.738508 0.212521
v 1.305266 -1.233378 3.156337
v 1.362948 -1.249125 3.214019
v 1.305266 -1.233378 3.817107
v 1.362948 -1.249125 3.759426
v 0.702178 -1.474862 3.759426
v 0.702178 -1.410823 3.817107
v 0.702178 -1.410823 3.156337
v 0.702178 -1.474862 3.214019
v 1.305267 0.245354 3.156337
v 1.362948 0.261101 3.214019
v 1.305266 0.245354 3.817107
v 1.362948 0.261101 3.759426
v 0.702178 0.422799 3.817107
v 0.702178 0.486838 3.759426
v 0.702178 0.486838 3.214019
v 0.702178 0.422799 3.156337
v 1.097129 -1.410568 3.156337
v 1.097129 -1.474862 3.214019
v 1.097129 -1.474862 3.759426
v 1.097129 -1.410568 3.817107
v 1.097129 0.486838 3.214019
v 1.097129 0.422544 3.156337
v 1.097129 0.422544 3.817107
v 1.097129 0.486838 3.759426
v 0.571286 -0.074985 -9.703630
v 0.571286 -0.992784 -0.052918
v 0.354295 -0.992784 -0.052918
v 0.354295 -0.074985 -9.703630
v 0.571286 -0.324517 -3.116345
v 0.354295 -0.324517 -3.116346
v 0.571286 -0.992784 -1.571351
v 0.354295 -0.992784 -1.571351
v 0.571286 0.814557 -0.052918
v 0.508708 0.877136 -0.052918
v 0.416873 0.877136 -0.052918
v 0.354295 0.814557 -0.052918
v 0.354295 -0.215188 -8.085207
v 0.571286 -0.215188 -8.085207
v 0.354295 0.814557 -8.423197
v 0.571286 0.814557 -8.423197
v 0.571286 -0.207397 -4.775038
v 0.354295 -0.207397 -4.775039
v 0.354295 0.100206 -5.161535
v 0.571286 0.100206 -5.161535
v 0.354295 0.259466 -7.417044
v 0.416873 0.877136 -8.423197
v 0.571286 0.259466 -7.417044
v 0.508708 0.877136 -8.423197
v 0.571286 0.422495 -10.187489
v 0.354295 0.422495 -10.187489
v 0.416873 0.877136 -11.671515
v 0.354295 0.814557 -11.593073
v 0.571286 0.814557 -11.593073
v 0.508708 0.877136 -11.671511
v 0.571286 0.674060 -11.436205
v 0.354295 0.674060 -11.436205
v 0.332934 0.870397 -8.718803
v 0.332934 0.870397 -0.003815
v 0.332934 0.907680 -8.764668
v 0.332934 1.268049 -0.003815
v 0.218895 0.992392 -8.868876
v 0.218895 1.352760 -0.003814
v 0.332934 1.069351 -3.158398
v 0.218895 1.154063 -3.158398
v 0.332934 1.268049 -2.646859
v 0.218895 1.352760 -2.646858
v 0.971985 6.975592 0.031302
v 0.979445 7.007105 0.028401
v 0.985323 2.113541 6.254442
v 0.979689 2.118258 6.287861
v 0.692815 6.939536 0.379439
v 0.979449 7.099000 0.100198
v 0.979695 2.325911 6.450100
v 1.056231 3.469811 5.286286
v 1.567733 3.622939 4.360174
v 1.561298 3.588176 4.366974
v 1.250020 4.040809 4.688127
v 1.567745 4.020622 4.670880
v 2.367490 2.626448 4.440988
v 2.379604 2.654555 4.435053
v 2.465719 2.200859 4.722117
v 2.481214 2.203947 4.735133
v 2.456643 2.494864 4.471403
v 2.468799 2.523075 4.465397
v 2.507111 2.362874 4.539366
v 2.519430 2.391214 4.533036
v 2.510184 2.279424 4.610087
v 2.523790 2.279135 4.627743
v 1.737960 1.608577 5.945241
v 1.750768 1.609609 5.962102
v 1.292097 1.788166 6.262425
v 1.303352 1.777839 6.228437
v 1.665543 1.582433 6.069605
v 1.647300 1.579415 6.059389
v 1.548449 1.606881 6.164474
v 1.560067 1.597197 6.130053
v 1.417312 1.679148 6.232203
v 1.428718 1.669033 6.197980
v 1.303326 2.024295 6.421068
v 1.292103 1.995487 6.424405
v 1.737967 1.854579 6.137442
v 1.750774 1.818307 6.125158
v 1.428691 1.915318 6.390480
v 1.417318 1.886498 6.394205
v 1.560057 1.843347 6.322411
v 1.548455 1.814609 6.326772
v 1.647475 1.825520 6.251589
v 1.665549 1.790694 6.232320
v 2.494514 2.470277 4.869705
v 2.481219 2.412905 4.898391
v 2.379611 2.909714 4.634407
v 2.367800 2.918702 4.668631
v 2.523796 2.491683 4.793805
v 2.511200 2.500043 4.829488
v 2.519436 2.613709 4.706871
v 2.507238 2.622427 4.741876
v 2.468806 2.760456 4.650862
v 2.456861 2.769424 4.685432
v 0.959954 7.105392 0.132647
v 0.985354 2.361422 6.447981
v 1.550996 4.025696 4.699755
v 1.167415 4.393935 4.605029
v 0.999106 3.898011 5.124543
v 0.307682 -6.398359 3.813874
v 0.595649 -2.300857 6.465665
v 0.540882 -7.341635 2.801592
v 0.953754 -2.117573 6.182462
v 0.595649 -3.630675 5.605043
v 1.509714 -3.168569 4.891007
v 0.459292 -2.300857 6.465665
v 0.143431 -7.341635 2.801592
v 0.459292 -2.117574 6.182462
v 0.459292 -3.168569 4.891007
v 0.345025 -2.490134 6.343170
v 0.082453 -7.341635 2.801592
v 0.345024 -2.306851 6.059967
v 0.345025 -3.357846 4.768512
v 5.928915 -2.425209 3.813874
v 2.337017 -0.432543 6.465665
v 6.882367 -2.612503 2.801592
v 2.322247 -0.030530 6.182462
v 3.542242 -0.994548 5.605043
v 3.509731 0.029171 4.891007
v 2.279390 -0.556124 6.465665
v 6.714398 -2.972716 2.801592
v 2.113279 -0.478665 6.182462
v 3.065804 -0.922835 4.891007
v 2.402642 -0.739677 6.343170
v 6.688628 -3.027981 2.801592
v 2.236531 -0.662219 6.059967
v 3.189057 -1.106388 4.768512
v 5.668851 -2.982917 3.813874
v 1.833553 -1.512226 6.465665
v 6.425195 -3.592914 2.801592
v 1.516100 -1.759319 6.182462
v 3.038778 -2.074231 5.605043
v 2.233666 -2.707360 4.891007
v 1.891180 -1.388644 6.465665
v 6.593165 -3.232701 2.801592
v 1.725069 -1.311185 6.182461
v 2.677594 -1.755355 4.891006
v 2.111015 -1.365075 6.343170
v 6.618935 -3.177437 2.801592
v 1.944904 -1.287615 6.059967
v 2.897429 -1.731786 4.768511
v 0.801417 4.073317 4.443142
v 0.263596 4.073317 4.443142
v 0.801417 4.347016 4.684508
v 0.263596 4.347016 4.684508
v 0.801417 4.248961 4.914682
v 0.263596 4.248961 4.914681
v 0.801417 2.689815 6.011981
v 0.630165 2.385163 6.357446
v 0.434849 2.385163 6.357446
v 0.263596 2.689815 6.011981
v 0.630165 3.450498 5.820109
v 0.801417 3.755151 5.474645
v 0.263596 3.755151 5.474644
v 0.434849 3.450499 5.820108
v 0.690245 0.740500 -3.803739
v 0.690245 0.740500 -3.351489
v 0.282520 0.912389 -3.351490
v 0.282520 0.912389 -3.803740
v 0.690245 0.794338 -3.803739
v 0.690244 0.794338 -3.351489
v 0.282520 0.951177 -3.351490
v 0.282520 0.951177 -3.803739
v 0.543102 0.912389 -3.803739
v 0.543102 0.912389 -3.351490
v 0.543102 0.951177 -3.803739
v 0.543102 0.951177 -3.351490
v 0.662112 0.785537 -3.803739
v 0.662112 0.785537 -3.351490
v 0.662112 0.740500 -3.803739
v 0.662112 0.740500 -3.351490
v 0.690245 0.565671 -3.713810
v 0.690245 0.565671 -3.441417
v 0.662112 0.565671 -3.713810
v 0.662112 0.565671 -3.441417
v 0.283742 2.024395 3.731531
v 0.171055 1.601056 0.181687
v 0.283742 1.619800 0.338863
v 0.171055 2.230837 0.670355
v 0.283742 2.124523 0.730494
v 0.283742 2.475992 3.677676
v 0.171055 2.587886 3.664332
v 0.753593 -1.919209 4.986685
v 0.399160 -2.216613 4.986685
v 0.672281 -1.822305 4.986685
v 0.317849 -2.119709 4.986685
v 1.128177 -2.365620 4.201686
v 0.773744 -2.663024 4.201686
v 0.887099 -2.078315 4.476771
v 0.532666 -2.375719 4.476771
v 1.025413 -2.451849 3.600819
v 1.128177 -2.365620 3.739189
v 0.773744 -2.663024 3.739188
v 0.876508 -2.576795 3.600819
v 0.672281 -1.822305 3.360928
v 0.569517 -1.908534 3.222558
v 0.420612 -2.033480 3.222558
v 0.317849 -2.119709 3.360928
v 1.229489 -2.566936 4.242575
v 0.954409 -2.797755 4.242575
v 0.731814 -1.973831 4.805057
v 0.456735 -2.204650 4.805057
v 1.189666 -2.600351 4.165856
v 0.994232 -2.764339 4.165856
v 0.757185 -2.084940 3.721283
v 0.561751 -2.248928 3.721283
v 0.994232 -2.764339 3.946775
v 0.954409 -2.797755 3.946775
v 1.229489 -2.566936 3.946775
v 0.797007 -2.051524 3.502203
v 0.521927 -2.282344 3.502203
v 0.561751 -2.248928 3.502203
v 1.189666 -2.600351 3.946775
v 0.757185 -2.084940 3.502203
v 3.866282 -5.840205 -0.531715
v 3.908487 -5.890503 -0.466056
v 3.762280 -6.013186 -0.466056
v 3.720074 -5.962888 -0.531715
v 1.034013 -2.464837 3.998483
v 1.103445 -2.547583 4.106500
v 0.957237 -2.670266 4.106500
v 0.887805 -2.587520 3.998483
v 1.055245 -2.490140 3.841483
v 1.204363 -2.667852 4.073469
v 1.058155 -2.790535 4.073469
v 0.909037 -2.612823 3.841483
v 3.037151 -4.852084 1.222157
v 2.890943 -4.974767 1.222157
v 2.025763 -3.646758 2.331625
v 1.879555 -3.769441 2.331625
v 1.293540 -2.774129 3.470762
v 1.147332 -2.896812 3.470762
v 1.989864 -3.603976 2.646682
v 1.496054 -3.015476 3.414914
v 1.843656 -3.726659 2.646682
v 1.349846 -3.138159 3.414914
v 2.004026 -3.670567 2.629924
v 1.906776 -3.752170 2.629924
v 1.465262 -3.028493 3.468093
v 1.368012 -3.110096 3.468093
v 2.002887 -3.735649 2.320704
v 1.971067 -3.762348 2.320704
v 1.233785 -2.819068 3.517216
v 1.201965 -2.845768 3.517216
v 1.669956 0.861647 3.585231
v 1.669956 0.861647 4.150977
v 0.913295 0.615063 4.276691
v 0.913295 0.615063 3.459516
v 1.669956 1.991530 3.919342
v 1.669956 1.991530 4.031997
v 0.913295 2.238113 4.148389
v 0.913295 2.238113 3.881711
v 1.669956 1.546054 3.556167
v 1.669956 1.562060 4.180041
v 0.913295 1.613524 4.363693
v 0.913295 1.613524 3.372514
v 1.669956 0.903340 3.556167
v 1.669956 0.903340 4.180041
v 0.913295 0.739871 4.363694
v 0.913295 0.739871 3.372514
v 1.669956 0.776711 3.540903
v 1.669956 0.776711 4.195305
v 1.669956 1.576288 3.471231
v 1.669956 2.076466 3.879001
v 1.669956 1.576288 4.264977
v 1.669956 2.076466 4.092560
v 1.669956 0.876658 3.471231
v 1.669956 0.876658 4.264977
v 1.571679 1.525620 3.609521
v 1.571679 1.538888 4.126687
v 1.571679 0.992838 3.609521
v 1.571679 0.992838 4.126687
v 1.571679 0.958276 3.633614
v 1.571679 0.958276 4.102593
v 1.571679 1.894900 3.910578
v 1.571679 1.894900 4.003964
v 0.485971 0.062691 -7.958053
v 0.485971 -0.148093 -4.670662
v 0.439610 -0.148093 -4.670662
v 0.439610 0.062691 -7.958054
v 0.530100 0.313249 -7.511957
v 0.530100 0.157385 -5.081106
v 0.395481 0.157385 -5.081107
v 0.395481 0.313249 -7.511958
v 1.347338 1.129146 0.963127
v 1.347338 1.140925 1.124527
v 0.479076 0.994886 1.135184
v 0.479077 0.983107 0.973785
v 1.347338 1.437333 0.940635
v 1.347337 1.449112 1.102035
v 0.479076 1.595150 1.091377
v 0.479076 1.583371 0.929977
v 0.590318 1.881227 2.110365
v 0.590318 1.920041 2.431181
v 0.544926 1.951595 2.427363
v 0.544926 1.912781 2.106548
v 1.169546 2.738924 2.053098
v 1.169546 2.766648 2.282255
v 1.153419 2.777858 2.280899
v 1.153419 2.750134 2.051742
v 0.760827 2.113598 2.003597
v 0.760827 2.171169 2.479454
v 0.715435 2.202722 2.475636
v 0.715435 2.145152 1.999780
v 0.200664 -1.162348 -0.663179
v 0.281713 -1.196153 -0.099753
v 0.200664 0.583186 -0.663179
v 0.281713 0.616991 -0.099753
v 0.123156 -1.239097 -0.663179
v 0.156495 -1.320147 -0.099753
v 0.123156 0.659936 -0.663179
v 0.156495 0.740985 -0.099753
v 0.281713 -1.196153 -0.663179
v 0.281713 0.616991 -0.663179
v 0.156495 -1.320147 -0.663179
v 0.156495 0.740985 -0.663179
v 0.123156 -1.239097 -0.460272
v 0.123156 0.659936 -0.460272
v 0.200663 -1.162348 -0.460272
v 0.200664 0.583186 -0.460272
v 0.580559 1.793518 1.508353
v 0.580559 1.832331 1.829168
v 0.535167 1.863885 1.825351
v 0.535167 1.825072 1.504535
v 1.159786 2.651214 1.451086
v 1.159786 2.678938 1.680242
v 1.143659 2.690149 1.678886
v 1.143659 2.662425 1.449729
v 0.751068 2.025888 1.401585
v 0.751068 2.083459 1.877441
v 0.705676 2.115013 1.873623
v 0.705676 2.057442 1.397767
v 1.346290 1.103024 0.637774
v 1.346290 1.114803 0.799174
v 0.478028 0.968764 0.809832
v 0.478028 0.956985 0.648432
v 1.346290 1.411210 0.615283
v 1.346289 1.422989 0.776683
v 0.478028 1.569028 0.766024
v 0.478028 1.557249 0.604625
v 1.346102 1.080745 0.314278
v 1.346102 1.092525 0.475678
v 0.477841 0.946486 0.486336
v 0.477841 0.934707 0.324936
v 1.346102 1.388932 0.291787
v 1.346102 1.400711 0.453187
v 0.477841 1.546750 0.442528
v 0.477841 1.534971 0.281128
v 1.304562 -1.240458 3.932948
v 1.362243 -1.256206 3.990630
v 1.304562 -1.240458 4.593718
v 1.362243 -1.256206 4.536036
v 0.701473 -1.481943 4.536036
v 0.701473 -1.417903 4.593718
v 0.701474 -1.417903 3.932948
v 0.701474 -1.481943 3.990629
v 1.304562 0.238273 3.932948
v 1.362244 0.254020 3.990630
v 1.304562 0.238273 4.593718
v 1.362243 0.254020 4.536036
v 0.701473 0.415718 4.593718
v 0.701473 0.479757 4.536036
v 0.701473 0.479757 3.990630
v 0.701473 0.415718 3.932948
v 1.096425 -1.417649 3.932948
v 1.096425 -1.481943 3.990630
v 1.096425 -1.481943 4.536036
v 1.096425 -1.417649 4.593718
v 1.096425 0.479757 3.990630
v 1.096425 0.415464 3.932948
v 1.096425 0.415464 4.593718
v 1.096425 0.479757 4.536036
v 0.687095 0.741204 -4.405864
v 0.687095 0.741204 -3.953613
v 0.279370 0.913094 -3.953614
v 0.279371 0.913094 -4.405865
v 0.687095 0.795042 -4.405864
v 0.687095 0.795042 -3.953613
v 0.279370 0.951881 -3.953614
v 0.279370 0.951881 -4.405864
v 0.539952 0.913094 -4.405864
v 0.539952 0.913094 -3.953614
v 0.539953 0.951881 -4.405864
v 0.539952 0.951881 -3.953614
v 0.658962 0.786241 -4.405864
v 0.658962 0.786241 -3.953614
v 0.658962 0.741204 -4.405864
v 0.658962 0.741204 -3.953614
v 0.687095 0.566375 -4.315935
v 0.687095 0.566375 -4.043542
v 0.658962 0.566375 -4.315935
v 0.658962 0.566375 -4.043542
v 0.687095 0.741204 -5.005490
v 0.687095 0.741204 -4.553240
v 0.279370 0.913094 -4.553241
v 0.279371 0.913094 -5.005491
v 0.687095 0.795042 -5.005490
v 0.687095 0.795042 -4.553240
v 0.279370 0.951881 -4.553241
v 0.279370 0.951881 -5.005490
v 0.539952 0.913094 -5.005490
v 0.539952 0.913094 -4.553241
v 0.539953 0.951881 -5.005490
v 0.539952 0.951881 -4.553241
v 0.658962 0.786241 -5.005490
v 0.658962 0.786241 -4.553241
v 0.658962 0.741204 -5.005490
v 0.658962 0.741204 -4.553241
v 0.687095 0.566375 -4.915562
v 0.687095 0.566375 -4.643168
v 0.658962 0.566375 -4.915562
v 0.658962 0.566375 -4.643168
v 0.685821 0.740827 -5.631278
v 0.685821 0.740827 -5.179028
v 0.278097 0.912716 -5.179029
v 0.278097 0.912716 -5.631279
v 0.685821 0.794665 -5.631278
v 0.685821 0.794665 -5.179028
v 0.278097 0.951504 -5.179029
v 0.278097 0.951504 -5.631278
v 0.538679 0.912716 -5.631278
v 0.538679 0.912716 -5.179029
v 0.538679 0.951504 -5.631278
v 0.538679 0.951504 -5.179029
v 0.657688 0.785864 -5.631278
v 0.657688 0.785864 -5.179029
v 0.657688 0.740827 -5.631278
v 0.657688 0.740827 -5.179029
v 0.685821 0.565998 -5.541349
v 0.685821 0.565998 -5.268956
v 0.657688 0.565998 -5.541349
v 0.657688 0.565998 -5.268956
v 0.682653 0.744422 -6.233756
v 0.682653 0.744422 -5.781505
v 0.274929 0.916312 -5.781506
v 0.274929 0.916312 -6.233757
v 0.682653 0.798261 -6.233756
v 0.682653 0.798261 -5.781505
v 0.274929 0.955100 -5.781506
v 0.274929 0.955100 -6.233756
v 0.535511 0.916312 -6.233756
v 0.535511 0.916312 -5.781506
v 0.535511 0.955100 -6.233756
v 0.535511 0.955100 -5.781506
v 0.654520 0.789460 -6.233756
v 0.654520 0.789460 -5.781506
v 0.654520 0.744422 -6.233756
v 0.654520 0.744422 -5.781506
v 0.682653 0.569593 -6.143827
v 0.682653 0.569593 -5.871434
v 0.654520 0.569593 -6.143827
v 0.654520 0.569593 -5.871434
v 0.689315 0.740165 -6.830732
v 0.689315 0.740165 -6.378482
v 0.281591 0.912055 -6.378483
v 0.281591 0.912055 -6.830733
v 0.689315 0.794003 -6.830732
v 0.689315 0.794003 -6.378482
v 0.281591 0.950842 -6.378483
v 0.281591 0.950842 -6.830732
v 0.542173 0.912055 -6.830732
v 0.542173 0.912055 -6.378483
v 0.542173 0.950842 -6.830732
v 0.542173 0.950842 -6.378483
v 0.661182 0.785202 -6.830732
v 0.661182 0.785202 -6.378483
v 0.661182 0.740165 -6.830732
v 0.661182 0.740165 -6.378483
v 0.689315 0.565336 -6.740804
v 0.689315 0.565336 -6.468410
v 0.661182 0.565336 -6.740804
v 0.661182 0.565336 -6.468410
v 0.000000 -1.699039 -1.992106
v 0.000000 -2.278423 5.538071
v 0.000000 1.696604 -0.448225
v 0.000000 2.243468 5.538072
v 0.000000 -1.699039 2.273424
v 0.000000 -2.278423 3.117598
v -0.604612 -1.158089 -1.992105
v -0.247774 -1.533724 -1.992106
v -0.318747 -2.278423 5.538071
v -0.769926 -1.803476 5.538072
v -0.250071 1.531290 -0.448224
v -0.604612 1.175272 -0.448224
v -0.769926 1.790411 5.538073
v -0.318747 2.243468 5.538072
v -0.769926 -1.223142 2.273425
v -0.318747 -1.699039 2.273424
v -0.318747 -2.278423 3.117598
v -0.769926 -1.802525 3.117598
v -0.318747 -1.699039 -1.992106
v -0.769926 -1.224093 -1.992105
v -0.769927 1.243546 -0.448224
v -0.318748 1.696604 -0.448224
v 0.000000 1.531290 -0.448225
v 0.000000 -1.533724 -1.992106
v 0.000000 -1.533725 -0.143504
v 0.000000 1.531290 -0.143503
v -0.247773 -1.533724 -0.143504
v -0.604611 -1.158089 -0.143503
v -0.604612 1.175272 -0.143503
v -0.250070 1.531290 -0.143503
v -0.769926 0.009727 -0.448224
v -0.604612 0.008592 -0.448225
v -0.769926 -0.748174 -1.992105
v -0.604612 -0.748174 -1.992105
v -0.979568 -0.313398 2.104877
v -0.979568 -0.749114 5.464660
v 0.000000 -0.313398 2.104876
v 0.000000 -0.749114 5.464660
v 0.000000 2.177925 3.127470
v 0.000000 2.177925 5.100729
v 0.000000 2.177925 4.728512
v 0.000000 2.812154 3.692885
v 0.000000 2.812154 4.508122
v -0.979568 1.488929 5.100729
v 0.000000 1.488929 5.100729
v 0.000000 1.964004 1.341342
v -0.979569 1.758116 3.346534
v -0.536689 2.177925 3.127470
v -0.979568 1.735045 5.100729
v -0.536688 2.177925 5.100729
v -0.979568 1.735045 4.413553
v -0.536688 2.177925 4.728512
v -0.979568 2.369274 3.891381
v -0.536689 2.812154 3.692885
v -0.979568 2.369274 4.193163
v -0.536688 2.812154 4.508123
v -0.536689 1.964004 1.341342
v -0.979569 1.517959 1.341342
v 0.000000 0.991586 5.464661
v -0.979568 0.991586 5.464661
v -0.979569 0.825203 1.341342
v 0.000000 0.825203 1.341342
v -0.979569 -0.313397 0.149986
v 0.000000 -0.313397 0.149986
v -0.979569 0.436302 0.149986
v 0.000000 0.436302 0.149987
v 0.000000 -0.749114 2.601043
v -0.979568 -0.749114 2.601043
v -1.053759 -0.140272 0.251824
v -1.053759 -0.140272 1.347710
v -0.754747 2.143321 -1.504425
v -0.754746 2.143321 -0.408539
v -1.384857 1.456041 -1.504425
v -1.384857 1.456041 -0.408539
v -1.261735 1.456041 -0.408539
v -1.261735 1.456041 -1.504425
v -1.384857 0.668527 -0.500626
v -1.384857 0.668527 0.595259
v -1.261735 0.668527 0.595259
v -1.261735 0.668527 -0.500626
v -1.384857 1.203852 -1.504425
v -1.384857 1.203852 -0.408539
v -1.261735 1.203852 -0.408539
v -1.261735 1.203852 -1.504425
v -0.727223 2.039050 -0.408539
v -0.727223 2.039050 -1.504425
v 0.000000 2.039050 -0.408539
v 0.000000 2.143321 -0.408539
v 0.000000 2.039050 -1.504425
v 0.000000 2.143321 -1.504425
v -1.384857 0.303247 0.035563
v -1.384857 0.303247 1.131448
v -1.261735 0.303247 1.131448
v -1.261735 0.303247 0.035563
v -0.984871 -0.067623 1.312286
v -0.984871 -0.067623 0.216401
v -0.727716 -0.140272 1.347710
v -0.727716 -0.140272 0.251824
v -0.727716 -0.067623 1.312286
v -0.727716 -0.067623 0.216401
v -0.587606 2.143321 -1.504425
v -0.587606 2.039050 -1.504425
v 0.000000 2.039051 -2.583280
v 0.000000 2.086778 -2.583280
v -0.336587 2.039051 -2.583280
v -0.336587 2.086778 -2.583280
v -0.934748 -1.619953 -0.090909
v -0.934748 -0.827454 2.989883
v -0.832063 -0.827454 2.989883
v -0.832063 -1.619953 -0.090910
v -0.934748 -0.248067 0.212522
v -0.934748 -0.248067 2.989884
v -0.832063 -0.248067 2.989883
v -0.832063 -0.248067 0.212521
v -0.934748 -1.619953 1.200974
v -0.832063 -1.619953 1.200974
v -0.451168 -2.155538 0.636385
v -0.611330 -1.864424 -0.090910
v -0.714015 -1.864424 -0.090909
v -0.451173 -2.155543 -2.868254
v -0.480708 -2.009104 -2.868254
v -0.583393 -2.009104 -2.868254
v -0.406572 -2.091202 0.704206
v -0.406578 -2.091206 -2.868254
v 0.000000 -2.155538 0.636385
v 0.000000 -2.091201 0.704205
v 0.000000 -2.091206 -2.868255
v 0.000000 -2.155543 -2.868255
v -0.934748 -0.994209 -0.090909
v -0.832063 -0.994209 -0.090910
v -0.934748 -0.738508 0.212522
v -0.832063 -0.738508 0.212521
v -1.305266 -1.233378 3.156337
v -1.362948 -1.249125 3.214019
v -1.305266 -1.233378 3.817107
v -1.362948 -1.249125 3.759426
v -0.702178 -1.474862 3.759426
v -0.702178 -1.410823 3.817107
v -0.702178 -1.410823 3.156337
v -0.702178 -1.474862 3.214019
v -1.305267 0.245354 3.156337
v -1.362948 0.261101 3.214019
v -1.305266 0.245354 3.817107
v -1.362948 0.261101 3.759426
v -0.702178 0.422799 3.817107
v -0.702178 0.486838 3.759426
v -0.702178 0.486838 3.214019
v -0.702178 0.422799 3.156337
v -1.097129 -1.410568 3.156337
v -1.097129 -1.474862 3.214019
v -1.097129 -1.474862 3.759426
v -1.097129 -1.410568 3.817107
v -1.097129 0.486838 3.214019
v -1.097129 0.422544 3.156337
v -1.097129 0.422544 3.817107
v -1.097129 0.486838 3.759426
v -0.571286 -0.074985 -9.703630
v -0.571286 -0.992784 -0.052918
v -0.354295 -0.992784 -0.052918
v -0.354295 -0.074985 -9.703630
v -0.571286 -0.324517 -3.116345
v -0.354295 -0.324517 -3.116346
v -0.571286 -0.992784 -1.571351
v -0.354295 -0.992784 -1.571351
v -0.571286 0.814557 -0.052918
v -0.508708 0.877136 -0.052918
v -0.416873 0.877136 -0.052918
v -0.354295 0.814557 -0.052918
v -0.354295 -0.215188 -8.085207
v -0.571286 -0.215188 -8.085207
v -0.354295 0.814557 -8.423197
v -0.571286 0.814557 -8.423197
v -0.571286 -0.207397 -4.775038
v -0.354295 -0.207397 -4.775039
v -0.354295 0.100206 -5.161535
v -0.571286 0.100206 -5.161535
v -0.354295 0.259466 -7.417044
v -0.416873 0.877136 -8.423197
v -0.571286 0.259466 -7.417044
v -0.508708 0.877136 -8.423197
v -0.571286 0.422495 -10.187489
v -0.354295 0.422495 -10.187489
v -0.416873 0.877136 -11.671515
v -0.354295 0.814557 -11.593073
v -0.571286 0.814557 -11.593073
v -0.508708 0.877136 -11.671511
v -0.571286 0.674060 -11.436205
v -0.354295 0.674060 -11.436205
v -0.332934 0.870397 -8.718803
v -0.332934 0.870397 -0.003815
v -0.332934 0.907680 -8.764668
v -0.332934 1.268049 -0.003815
v 0.000000 0.870397 -8.718803
v 0.000000 0.870397 -0.003816
v 0.000000 0.992392 -8.868876
v 0.000000 1.352760 -0.003815
v -0.218895 0.992392 -8.868876
v -0.218895 1.352760 -0.003814
v -0.332934 1.069351 -3.158398
v 0.000000 1.154063 -3.158398
v -0.218895 1.154063 -3.158398
v -0.332934 1.268049 -2.646859
v 0.000000 1.352760 -2.646859
v -0.218895 1.352760 -2.646858
v 0.000000 3.604652 4.345923
v -0.971985 6.975592 0.031302
v -0.979445 7.007105 0.028401
v -0.985323 2.113541 6.254442
v -0.979689 2.118258 6.287861
v -0.692815 6.939536 0.379439
v -0.979449 7.099000 0.100198
v -0.979695 2.325911 6.450100
v -1.056231 3.469811 5.286286
v 0.000000 7.007064 0.028406
v 0.000000 6.975593 0.031339
v 0.000000 2.113501 6.254532
v 0.000000 2.118180 6.287836
v 0.000000 6.939302 0.379308
v 0.000000 7.099054 0.100279
v 0.000000 2.325995 6.450199
v 0.000000 3.468868 5.284707
v -1.567733 3.622939 4.360174
v -1.561298 3.588176 4.366974
v -1.250020 4.040809 4.688127
v -1.567745 4.020622 4.670880
v -2.367490 2.626448 4.440988
v -2.379604 2.654555 4.435053
v -2.465719 2.200859 4.722117
v -2.481214 2.203947 4.735133
v -2.456643 2.494864 4.471403
v -2.468799 2.523075 4.465397
v -2.507111 2.362874 4.539366
v -2.519430 2.391214 4.533036
v -2.510184 2.279424 4.610087
v -2.523790 2.279135 4.627743
v -1.737960 1.608577 5.945241
v -1.750768 1.609609 5.962102
v -1.292097 1.788166 6.262425
v -1.303352 1.777839 6.228437
v -1.665543 1.582433 6.069605
v -1.647300 1.579415 6.059389
v -1.548449 1.606881 6.164474
v -1.560067 1.597197 6.130053
v -1.417312 1.679148 6.232203
v -1.428718 1.669033 6.197980
v -1.303326 2.024295 6.421068
v -1.292103 1.995487 6.424405
v -1.737967 1.854579 6.137442
v -1.750774 1.818307 6.125158
v -1.428691 1.915318 6.390480
v -1.417318 1.886498 6.394205
v -1.560057 1.843347 6.322411
v -1.548455 1.814609 6.326772
v -1.647475 1.825520 6.251589
v -1.665549 1.790694 6.232320
v -2.494514 2.470277 4.869705
v -2.481219 2.412905 4.898391
v -2.379611 2.909714 4.634407
v -2.367800 2.918702 4.668631
v -2.523796 2.491683 4.793805
v -2.511200 2.500043 4.829488
v -2.519436 2.613709 4.706871
v -2.507238 2.622427 4.741876
v -2.468806 2.760456 4.650862
v -2.456861 2.769424 4.685432
v 0.000000 7.105392 0.132684
v -0.959954 7.105392 0.132647
v -0.985354 2.361422 6.447981
v 0.000000 2.361372 6.448071
v -1.550996 4.025696 4.699755
v 0.000000 4.392621 4.602753
v -1.167415 4.393935 4.605029
v 0.000000 3.897193 5.123172
v -0.999106 3.898011 5.124543
v -0.307682 -6.398359 3.813874
v -0.595649 -2.300857 6.465665
v -0.540882 -7.341635 2.801592
v -0.953754 -2.117573 6.182462
v 0.000000 -6.398359 3.813873
v 0.000000 -2.490134 6.343171
v 0.000000 -7.341635 2.801592
v 0.000000 -2.306850 6.059967
v -0.595649 -3.630675 5.605043
v -1.509714 -3.168569 4.891007
v 0.000000 -3.357846 4.768512
v 0.000000 -3.630676 5.605043
v -0.459292 -2.300857 6.465665
v -0.143431 -7.341635 2.801592
v -0.459292 -2.117574 6.182462
v -0.459292 -3.168569 4.891007
v -0.345025 -2.490134 6.343170
v -0.082453 -7.341635 2.801592
v -0.345024 -2.306851 6.059967
v -0.345025 -3.357846 4.768512
v -5.928915 -2.425209 3.813874
v -2.337017 -0.432543 6.465665
v -6.882367 -2.612503 2.801592
v -2.322247 -0.030530 6.182462
v -3.542242 -0.994548 5.605043
v -3.509731 0.029171 4.891007
v -2.279390 -0.556124 6.465665
v -6.714398 -2.972716 2.801592
v -2.113279 -0.478665 6.182462
v -3.065804 -0.922835 4.891007
v -2.402642 -0.739677 6.343170
v -6.688628 -3.027981 2.801592
v -2.236531 -0.662219 6.059967
v -3.189057 -1.106388 4.768512
v -5.668851 -2.982917 3.813874
v -1.833553 -1.512226 6.465665
v -6.425195 -3.592914 2.801592
v -1.516100 -1.759319 6.182462
v -3.038778 -2.074231 5.605043
v -2.233666 -2.707360 4.891007
v -1.891180 -1.388644 6.465665
v -6.593165 -3.232701 2.801592
v -1.725069 -1.311185 6.182461
v -2.677594 -1.755355 4.891006
v -2.111015 -1.365075 6.343170
v -6.618935 -3.177437 2.801592
v -1.944904 -1.287615 6.059967
v -2.897429 -1.731786 4.768511
v -0.801417 4.073317 4.443142
v -0.263596 4.073317 4.443142
v -0.801417 4.347016 4.684508
v -0.263596 4.347016 4.684508
v -0.801417 4.248961 4.914682
v -0.263596 4.248961 4.914681
v -0.801417 2.689815 6.011981
v -0.630165 2.385163 6.357446
v -0.434849 2.385163 6.357446
v -0.263596 2.689815 6.011981
v -0.630165 3.450498 5.820109
v -0.801417 3.755151 5.474645
v -0.263596 3.755151 5.474644
v -0.434849 3.450499 5.820108
v -0.690245 0.740500 -3.803739
v -0.690245 0.740500 -3.351489
v -0.282520 0.912389 -3.351490
v -0.282520 0.912389 -3.803740
v -0.690245 0.794338 -3.803739
v -0.690244 0.794338 -3.351489
v -0.282520 0.951177 -3.351490
v -0.282520 0.951177 -3.803739
v -0.543102 0.912389 -3.803739
v -0.543102 0.912389 -3.351490
v -0.543102 0.951177 -3.803739
v -0.543102 0.951177 -3.351490
v -0.662112 0.785537 -3.803739
v -0.662112 0.785537 -3.351490
v -0.662112 0.740500 -3.803739
v -0.662112 0.740500 -3.351490
v -0.690245 0.565671 -3.713810
v -0.690245 0.565671 -3.441417
v -0.662112 0.565671 -3.713810
v -0.662112 0.565671 -3.441417
v -0.283742 2.024395 3.731531
v 0.000000 1.601056 0.181687
v 0.000000 2.230836 0.670355
v 0.000000 2.587886 3.664332
v -0.171055 1.601056 0.181687
v -0.283742 1.619800 0.338863
v -0.171055 2.230837 0.670355
v -0.283742 2.124523 0.730494
v -0.283742 2.475992 3.677676
v -0.171055 2.587886 3.664332
v -0.753593 -1.919209 4.986685
v -0.399160 -2.216613 4.986685
v -0.672281 -1.822305 4.986685
v -0.317849 -2.119709 4.986685
v -1.128177 -2.365620 4.201686
v -0.773744 -2.663024 4.201686
v -0.887099 -2.078315 4.476771
v -0.532666 -2.375719 4.476771
v -1.025413 -2.451849 3.600819
v -1.128177 -2.365620 3.739189
v -0.773744 -2.663024 3.739188
v -0.876508 -2.576795 3.600819
v -0.672281 -1.822305 3.360928
v -0.569517 -1.908534 3.222558
v -0.420612 -2.033480 3.222558
v -0.317849 -2.119709 3.360928
v -1.229489 -2.566936 4.242575
v -0.954409 -2.797755 4.242575
v -0.731814 -1.973831 4.805057
v -0.456735 -2.204650 4.805057
v -1.189666 -2.600351 4.165856
v -0.994232 -2.764339 4.165856
v -0.757185 -2.084940 3.721283
v -0.561751 -2.248928 3.721283
v -0.994232 -2.764339 3.946775
v -0.954409 -2.797755 3.946775
v -1.229489 -2.566936 3.946775
v -0.797007 -2.051524 3.502203
v -0.521927 -2.282344 3.502203
v -0.561751 -2.248928 3.502203
v -1.189666 -2.600351 3.946775
v -0.757185 -2.084940 3.502203
v -3.866282 -5.840205 -0.531715
v -3.908487 -5.890503 -0.466056
v -3.762280 -6.013186 -0.466056
v -3.720074 -5.962888 -0.531715
v -1.034013 -2.464837 3.998483
v -1.103445 -2.547583 4.106500
v -0.957237 -2.670266 4.106500
v -0.887805 -2.587520 3.998483
v -1.055245 -2.490140 3.841483
v -1.204363 -2.667852 4.073469
v -1.058155 -2.790535 4.073469
v -0.909037 -2.612823 3.841483
v -3.037151 -4.852084 1.222157
v -2.890943 -4.974767 1.222157
v -2.025763 -3.646758 2.331625
v -1.879555 -3.769441 2.331625
v -1.293540 -2.774129 3.470762
v -1.147332 -2.896812 3.470762
v -1.989864 -3.603976 2.646682
v -1.496054 -3.015476 3.414914
v -1.843656 -3.726659 2.646682
v -1.349846 -3.138159 3.414914
v -2.004026 -3.670567 2.629924
v -1.906776 -3.752170 2.629924
v -1.465262 -3.028493 3.468093
v -1.368012 -3.110096 3.468093
v -2.002887 -3.735649 2.320704
v -1.971067 -3.762348 2.320704
v -1.233785 -2.819068 3.517216
v -1.201965 -2.845768 3.517216
v -1.669956 0.861647 3.585231
v -1.669956 0.861647 4.150977
v -0.913295 0.615063 4.276691
v -0.913295 0.615063 3.459516
v -1.669956 1.991530 3.919342
v -1.669956 1.991530 4.031997
v -0.913295 2.238113 4.148389
v -0.913295 2.238113 3.881711
v -1.669956 1.546054 3.556167
v -1.669956 1.562060 4.180041
v -0.913295 1.613524 4.363693
v -0.913295 1.613524 3.372514
v -1.669956 0.903340 3.556167
v -1.669956 0.903340 4.180041
v -0.913295 0.739871 4.363694
v -0.913295 0.739871 3.372514
v -1.669956 0.776711 3.540903
v -1.669956 0.776711 4.195305
v -1.669956 1.576288 3.471231
v -1.669956 2.076466 3.879001
v -1.669956 1.576288 4.264977
v -1.669956 2.076466 4.092560
v -1.669956 0.876658 3.471231
v -1.669956 0.876658 4.264977
v -1.571679 1.525620 3.609521
v -1.571679 1.538888 4.126687
v -1.571679 0.992838 3.609521
v -1.571679 0.992838 4.126687
v -1.571679 0.958276 3.633614
v -1.571679 0.958276 4.102593
v -1.571679 1.894900 3.910578
v -1.571679 1.894900 4.003964
v -0.485971 0.062691 -7.958053
v -0.485971 -0.148093 -4.670662
v -0.439610 -0.148093 -4.670662
v -0.439610 0.062691 -7.958054
v -0.530100 0.313249 -7.511957
v -0.530100 0.157385 -5.081106
v -0.395481 0.157385 -5.081107
v -0.395481 0.313249 -7.511958
v -1.347338 1.129146 0.963127
v -1.347338 1.140925 1.124527
v -0.479076 0.994886 1.135184
v -0.479077 0.983107 0.973785
v -1.347338 1.437333 0.940635
v -1.347337 1.449112 1.102035
v -0.479076 1.595150 1.091377
v -0.479076 1.583371 0.929977
v -0.590318 1.881227 2.110365
v -0.590318 1.920041 2.431181
v -0.544926 1.951595 2.427363
v -0.544926 1.912781 2.106548
v -1.169546 2.738924 2.053098
v -1.169546 2.766648 2.282255
v -1.153419 2.777858 2.280899
v -1.153419 2.750134 2.051742
v -0.760827 2.113598 2.003597
v -0.760827 2.171169 2.479454
v -0.715435 2.202722 2.475636
v -0.715435 2.145152 1.999780
v -0.200664 -1.162348 -0.663179
v -0.281713 -1.196153 -0.099753
v -0.200664 0.583186 -0.663179
v -0.281713 0.616991 -0.099753
v 0.000000 -1.239097 -0.663179
v 0.000000 -1.320147 -0.099753
v 0.000000 0.659936 -0.663179
v 0.000000 0.740985 -0.099753
v -0.123156 -1.239097 -0.663179
v -0.156495 -1.320147 -0.099753
v -0.123156 0.659936 -0.663179
v -0.156495 0.740985 -0.099753
v -0.281713 -1.196153 -0.663179
v -0.281713 0.616991 -0.663179
v -0.156495 -1.320147 -0.663179
v 0.000000 -1.320147 -0.663179
v -0.156495 0.740985 -0.663179
v 0.000000 0.740985 -0.663179
v 0.000000 -1.239097 -0.460272
v 0.000000 0.659936 -0.460272
v -0.123156 -1.239097 -0.460272
v -0.123156 0.659936 -0.460272
v -0.200663 -1.162348 -0.460272
v -0.200664 0.583186 -0.460272
v -0.580559 1.793518 1.508353
v -0.580559 1.832331 1.829168
v -0.535167 1.863885 1.825351
v -0.535167 1.825072 1.504535
v -1.159786 2.651214 1.451086
v -1.159786 2.678938 1.680242
v -1.143659 2.690149 1.678886
v -1.143659 2.662425 1.449729
v -0.751068 2.025888 1.401585
v -0.751068 2.083459 1.877441
v -0.705676 2.115013 1.873623
v -0.705676 2.057442 1.397767
v -1.346290 1.103024 0.637774
v -1.346290 1.114803 0.799174
v -0.478028 0.968764 0.809832
v -0.478028 0.956985 0.648432
v -1.346290 1.411210 0.615283
v -1.346289 1.422989 0.776683
v -0.478028 1.569028 0.766024
v -0.478028 1.557249 0.604625
v -1.346102 1.080745 0.314278
v -1.346102 1.092525 0.475678
v -0.477841 0.946486 0.486336
v -0.477841 0.934707 0.324936
v -1.346102 1.388932 0.291787
v -1.346102 1.400711 0.453187
v -0.477841 1.546750 0.442528
v -0.477841 1.534971 0.281128
v -1.304562 -1.240458 3.932948
v -1.362243 -1.256206 3.990630
v -1.304562 -1.240458 4.593718
v -1.362243 -1.256206 4.536036
v -0.701473 -1.481943 4.536036
v -0.701473 -1.417903 4.593718
v -0.701474 -1.417903 3.932948
v -0.701474 -1.481943 3.990629
v -1.304562 0.238273 3.932948
v -1.362244 0.254020 3.990630
v -1.304562 0.238273 4.593718
v -1.362243 0.254020 4.536036
v -0.701473 0.415718 4.593718
v -0.701473 0.479757 4.536036
v -0.701473 0.479757 3.990630
v -0.701473 0.415718 3.932948
v -1.096425 -1.417649 3.932948
v -1.096425 -1.481943 3.990630
v -1.096425 -1.481943 4.536036
v -1.096425 -1.417649 4.593718
v -1.096425 0.479757 3.990630
v -1.096425 0.415464 3.932948
v -1.096425 0.415464 4.593718
v -1.096425 0.479757 4.536036
v -0.687095 0.741204 -4.405864
v -0.687095 0.741204 -3.953613
v -0.279370 0.913094 -3.953614
v -0.279371 0.913094 -4.405865
v -0.687095 0.795042 -4.405864
v -0.687095 0.795042 -3.953613
v -0.279370 0.951881 -3.953614
v -0.279370 0.951881 -4.405864
v -0.539952 0.913094 -4.405864
v -0.539952 0.913094 -3.953614
v -0.539953 0.951881 -4.405864
v -0.539952 0.951881 -3.953614
v -0.658962 0.786241 -4.405864
v -0.658962 0.786241 -3.953614
v -0.658962 0.741204 -4.405864
v -0.658962 0.741204 -3.953614
v -0.687095 0.566375 -4.315935
v -0.687095 0.566375 -4.043542
v -0.658962 0.566375 -4.315935
v -0.658962 0.566375 -4.043542
v -0.687095 0.741204 -5.005490
v -0.687095 0.741204 -4.553240
v -0.279370 0.913094 -4.553241
v -0.279371 0.913094 -5.005491
v -0.687095 0.795042 -5.005490
v -0.687095 0.795042 -4.553240
v -0.279370 0.951881 -4.553241
v -0.279370 0.951881 -5.005490
v -0.539952 0.913094 -5.005490
v -0.539952 0.913094 -4.553241
v -0.539953 0.951881 -5.005490
v -0.539952 0.951881 -4.553241
v -0.658962 0.786241 -5.005490
v -0.658962 0.786241 -4.553241
v -0.658962 0.741204 -5.005490
v -0.658962 0.741204 -4.553241
v -0.687095 0.566375 -4.915562
v -0.687095 0.566375 -4.643168
v -0.658962 0.566375 -4.915562
v -0.658962 0.566375 -4.643168
v -0.685821 0.740827 -5.631278
v -0.685821 0.740827 -5.179028
v -0.278097 0.912716 -5.179029
v -0.278097 0.912716 -5.631279
v -0.685821 0.794665 -5.631278
v -0.685821 0.794665 -5.179028
v -0.278097 0.951504 -5.179029
v -0.278097 0.951504 -5.631278
v -0.538679 0.912716 -5.631278
v -0.538679 0.912716 -5.179029
v -0.538679 0.951504 -5.631278
v -0.538679 0.951504 -5.179029
v -0.657688 0.785864 -5.631278
v -0.657688 0.785864 -5.179029
v -0.657688 0.740827 -5.631278
v -0.657688 0.740827 -5.179029
v -0.685821 0.565998 -5.541349
v -0.685821 0.565998 -5.268956
v -0.657688 0.565998 -5.541349
v -0.657688 0.565998 -5.268956
v -0.682653 0.744422 -6.233756
v -0.682653 0.744422 -5.781505
v -0.274929 0.916312 -5.781506
v -0.274929 0.916312 -6.233757
v -0.682653 0.798261 -6.233756
v -0.682653 0.798261 -5.781505
v -0.274929 0.955100 -5.781506
v -0.274929 0.955100 -6.233756
v -0.535511 0.916312 -6.233756
v -0.535511 0.916312 -5.781506
v -0.535511 0.955100 -6.233756
v -0.535511 0.955100 -5.781506
v -0.654520 0.789460 -6.233756
v -0.654520 0.789460 -5.781506
v -0.654520 0.744422 -6.233756
v -0.654520 0.744422 -5.781506
v -0.682653 0.569593 -6.143827
v -0.682653 0.569593 -5.871434
v -0.654520 0.569593 -6.143827
v -0.654520 0.569593 -5.871434
v -0.689315 0.740165 -6.830732
v -0.689315 0.740165 -6.378482
v -0.281591 0.912055 -6.378483
v -0.281591 0.912055 -6.830733
v -0.689315 0.794003 -6.830732
v -0.689315 0.794003 -6.378482
v -0.281591 0.950842 -6.378483
v -0.281591 0.950842 -6.830732
v -0.542173 0.912055 -6.830732
v -0.542173 0.912055 -6.378483
v -0.542173 0.950842 -6.830732
v -0.542173 0.950842 -6.378483
v -0.661182 0.785202 -6.830732
v -0.661182 0.785202 -6.378483
v -0.661182 0.740165 -6.830732
v -0.661182 0.740165 -6.378483
v -0.689315 0.565336 -6.740804
v -0.689315 0.565336 -6.468410
v -0.661182 0.565336 -6.740804
v -0.661182 0.565336 -6.468410
vt 0.244449 0.637786
vt 0.244449 0.661204
vt 0.203868 0.657499
vt 0.203924 0.642067
vt 0.020213 0.593177
vt 0.033221 0.573703
vt 0.064906 0.599326
vt 0.056289 0.612126
vt 0.239882 0.684172
vt 0.200803 0.672623
vt 0.049779 0.557141
vt 0.075856 0.588454
vt 0.230922 0.705809
vt 0.194846 0.686858
vt 0.069250 0.544128
vt 0.088716 0.579928
vt 0.217913 0.725282
vt 0.186228 0.699658
vt 0.090887 0.535164
vt 0.102994 0.574074
vt 0.201356 0.741843
vt 0.175278 0.710530
vt 0.113858 0.530595
vt 0.118139 0.571120
vt 0.090888 0.763819
vt 0.069251 0.754854
vt 0.088209 0.718782
vt 0.102443 0.724741
vt 0.181885 0.754856
vt 0.162418 0.719057
vt 0.137278 0.530596
vt 0.133570 0.571178
vt 0.049781 0.741840
vt 0.075412 0.710160
vt 0.160248 0.763820
vt 0.148141 0.724910
vt 0.160248 0.535167
vt 0.148692 0.574245
vt 0.033223 0.725278
vt 0.064543 0.699207
vt 0.137278 0.768390
vt 0.132996 0.727866
vt 0.181884 0.544132
vt 0.162926 0.580204
vt 0.020215 0.705804
vt 0.056019 0.686343
vt 0.113858 0.768390
vt 0.117566 0.727808
vt 0.201355 0.557145
vt 0.175723 0.588826
vt 0.011255 0.684168
vt 0.050167 0.672064
vt 0.217913 0.573707
vt 0.186593 0.599779
vt 0.006687 0.661199
vt 0.047213 0.656918
vt 0.230921 0.593180
vt 0.195118 0.612642
vt 0.006687 0.637781
vt 0.047269 0.641486
vt 0.239882 0.614817
vt 0.200970 0.626921
vt 0.011254 0.614813
vt 0.050333 0.626362
vt 0.632344 0.238004
vt 0.632344 0.310456
vt 0.630566 0.310456
vt 0.630566 0.238004
vt 0.640429 0.299607
vt 0.640429 0.248854
vt 0.622482 0.248853
vt 0.622482 0.299607
vt 0.632344 0.238004
vt 0.630566 0.238004
vt 0.630566 0.310456
vt 0.632344 0.310456
vt 0.640429 0.299607
vt 0.640429 0.248854
vt 0.622482 0.248853
vt 0.622482 0.299607
vt 0.054424 0.642204
vt 0.054370 0.656226
vt 0.194085 0.628995
vt 0.188769 0.616019
vt 0.057211 0.628461
vt 0.196767 0.642759
vt 0.062624 0.615527
vt 0.196713 0.656781
vt 0.070457 0.603897
vt 0.193925 0.670523
vt 0.080407 0.594020
vt 0.188511 0.683457
vt 0.092094 0.586275
vt 0.180678 0.695087
vt 0.105068 0.580959
vt 0.170727 0.704964
vt 0.118830 0.578277
vt 0.091612 0.712447
vt 0.104544 0.717864
vt 0.159040 0.712710
vt 0.132851 0.578332
vt 0.079985 0.704611
vt 0.146067 0.718026
vt 0.146592 0.581122
vt 0.070110 0.694656
vt 0.132305 0.720709
vt 0.159524 0.586539
vt 0.062367 0.682966
vt 0.118284 0.720654
vt 0.171151 0.594375
vt 0.057052 0.669990
vt 0.181026 0.604330
vt 0.184950 0.799388
vt 0.200293 0.814725
vt 0.190723 0.822566
vt 0.177096 0.808945
vt 0.104018 0.995051
vt 0.082811 0.990845
vt 0.086400 0.979046
vt 0.105234 0.982786
vt 0.017490 0.937187
vt 0.009211 0.917159
vt 0.021044 0.913589
vt 0.028398 0.931381
vt 0.166909 0.787346
vt 0.161075 0.798251
vt 0.125622 0.995041
vt 0.124427 0.982776
vt 0.029514 0.955212
vt 0.039077 0.947392
vt 0.146867 0.779062
vt 0.143278 0.790895
vt 0.146807 0.990844
vt 0.143253 0.979023
vt 0.044821 0.970537
vt 0.052668 0.961004
vt 0.125597 0.774857
vt 0.124390 0.787160
vt 0.166845 0.982622
vt 0.161045 0.971709
vt 0.103922 0.774891
vt 0.105143 0.787188
vt 0.184917 0.970580
vt 0.177077 0.960997
vt 0.082680 0.779161
vt 0.086279 0.790978
vt 0.200281 0.955223
vt 0.190715 0.947356
vt 0.062688 0.787494
vt 0.068526 0.798377
vt 0.212344 0.937163
vt 0.201427 0.931315
vt 0.044713 0.799570
vt 0.052563 0.809102
vt 0.220650 0.917100
vt 0.208805 0.913496
vt 0.029443 0.814921
vt 0.039002 0.822738
vt 0.224884 0.895808
vt 0.212565 0.894582
vt 0.017460 0.832955
vt 0.028360 0.838763
vt 0.224884 0.874101
vt 0.212564 0.875302
vt 0.009208 0.852975
vt 0.021033 0.856557
vt 0.220651 0.852815
vt 0.208804 0.856395
vt 0.004995 0.874227
vt 0.017294 0.875446
vt 0.212348 0.832766
vt 0.201429 0.838588
vt 0.062819 0.982569
vt 0.068649 0.971692
vt 0.004993 0.895899
vt 0.017296 0.894702
vt 0.043087 0.906877
vt 0.048703 0.920509
vt 0.162514 0.826791
vt 0.150264 0.818596
vt 0.107446 0.959935
vt 0.122141 0.959936
vt 0.056862 0.932777
vt 0.136653 0.812955
vt 0.136563 0.957051
vt 0.067247 0.943210
vt 0.122205 0.810084
vt 0.150142 0.951380
vt 0.107477 0.810093
vt 0.162410 0.943184
vt 0.093039 0.812981
vt 0.172847 0.932750
vt 0.079459 0.818616
vt 0.181050 0.920475
vt 0.067243 0.826809
vt 0.186709 0.906839
vt 0.056864 0.837242
vt 0.189599 0.892363
vt 0.048721 0.849515
vt 0.189611 0.877604
vt 0.043126 0.863168
vt 0.186746 0.863129
vt 0.040241 0.877651
vt 0.181113 0.849494
vt 0.079462 0.951408
vt 0.040229 0.892406
vt 0.172931 0.837224
vt 0.093036 0.957055
vt 0.965718 0.407218
vt 0.965718 0.391749
vt 0.986915 0.391749
vt 0.986915 0.407218
vt 0.965718 0.113308
vt 0.965718 0.097839
vt 0.986915 0.097839
vt 0.986915 0.113308
vt 0.965718 0.376280
vt 0.986915 0.376280
vt 0.965718 0.082370
vt 0.986915 0.082370
vt 0.965718 0.360811
vt 0.986915 0.360811
vt 0.965718 0.066901
vt 0.986915 0.066901
vt 0.965718 0.345342
vt 0.986915 0.345342
vt 0.965718 0.051432
vt 0.986915 0.051432
vt 0.965718 0.329873
vt 0.986915 0.329873
vt 0.965718 0.035963
vt 0.986915 0.035963
vt 0.965718 0.252528
vt 0.965718 0.237060
vt 0.986915 0.237060
vt 0.986915 0.252528
vt 0.965717 0.314404
vt 0.986915 0.314404
vt 0.965718 0.020494
vt 0.986915 0.020494
vt 0.965718 0.221591
vt 0.986915 0.221591
vt 0.965717 0.298935
vt 0.986915 0.298935
vt 0.965718 0.005025
vt 0.986915 0.005025
vt 0.965718 0.206122
vt 0.986915 0.206122
vt 0.965717 0.283466
vt 0.986915 0.283466
vt 0.965718 0.500032
vt 0.965718 0.484563
vt 0.986915 0.484563
vt 0.986915 0.500032
vt 0.965718 0.190653
vt 0.986915 0.190653
vt 0.965718 0.267997
vt 0.986915 0.267997
vt 0.965718 0.469094
vt 0.986915 0.469094
vt 0.965718 0.175184
vt 0.986915 0.175184
vt 0.965718 0.453625
vt 0.986915 0.453625
vt 0.965718 0.159715
vt 0.986915 0.159715
vt 0.965718 0.438156
vt 0.986915 0.438156
vt 0.965718 0.144246
vt 0.986915 0.144246
vt 0.965718 0.422687
vt 0.986915 0.422687
vt 0.965718 0.128777
vt 0.986915 0.128777
vt 0.995582 0.423541
vt 0.995582 0.437302
vt 0.995582 0.129630
vt 0.995582 0.143392
vt 0.995582 0.408072
vt 0.995582 0.421833
vt 0.995582 0.114161
vt 0.995582 0.127923
vt 0.995582 0.392603
vt 0.995582 0.406364
vt 0.995582 0.098692
vt 0.995582 0.112454
vt 0.995582 0.377134
vt 0.995582 0.390896
vt 0.995582 0.083223
vt 0.995582 0.096985
vt 0.995582 0.361665
vt 0.995582 0.375427
vt 0.995582 0.067754
vt 0.995582 0.081516
vt 0.995582 0.346196
vt 0.995582 0.359958
vt 0.995582 0.052285
vt 0.995582 0.066047
vt 0.995582 0.330727
vt 0.995582 0.344489
vt 0.995582 0.036816
vt 0.995582 0.050578
vt 0.995582 0.237913
vt 0.995582 0.251675
vt 0.995582 0.315258
vt 0.995582 0.329020
vt 0.995582 0.021347
vt 0.995582 0.035109
vt 0.995582 0.222444
vt 0.995582 0.236206
vt 0.995582 0.299789
vt 0.995582 0.313551
vt 0.995582 0.005878
vt 0.995582 0.019640
vt 0.995582 0.206975
vt 0.995582 0.220737
vt 0.995582 0.284320
vt 0.995582 0.298082
vt 0.995582 0.485416
vt 0.995582 0.499178
vt 0.995582 0.191506
vt 0.995582 0.205268
vt 0.995582 0.268851
vt 0.995582 0.282613
vt 0.995582 0.469948
vt 0.995582 0.483709
vt 0.995582 0.176037
vt 0.995582 0.189799
vt 0.995582 0.253382
vt 0.995582 0.267144
vt 0.995582 0.454479
vt 0.995582 0.468240
vt 0.995582 0.160568
vt 0.995582 0.174330
vt 0.995582 0.439010
vt 0.995582 0.452772
vt 0.995582 0.145099
vt 0.995582 0.158861
vt 0.927787 0.129795
vt 0.927787 0.116033
vt 0.958787 0.116033
vt 0.958787 0.129795
vt 0.927787 0.308698
vt 0.927787 0.294936
vt 0.958786 0.294936
vt 0.958786 0.308698
vt 0.927787 0.102271
vt 0.958787 0.102271
vt 0.927787 0.281175
vt 0.958786 0.281175
vt 0.927787 0.088510
vt 0.958787 0.088510
vt 0.927787 0.267413
vt 0.958786 0.267413
vt 0.927787 0.074748
vt 0.958787 0.074748
vt 0.927787 0.253651
vt 0.958786 0.253651
vt 0.927787 0.446316
vt 0.927787 0.432554
vt 0.958787 0.432554
vt 0.958787 0.446316
vt 0.927787 0.060986
vt 0.958787 0.060986
vt 0.927787 0.239889
vt 0.958786 0.239889
vt 0.927787 0.418792
vt 0.958787 0.418792
vt 0.927787 0.047224
vt 0.958787 0.047224
vt 0.927787 0.226128
vt 0.958786 0.226128
vt 0.927787 0.405031
vt 0.958787 0.405031
vt 0.927787 0.033463
vt 0.958787 0.033463
vt 0.927787 0.212366
vt 0.958786 0.212366
vt 0.927787 0.391269
vt 0.958787 0.391269
vt 0.927787 0.019701
vt 0.958787 0.019701
vt 0.927787 0.198604
vt 0.958786 0.198604
vt 0.927787 0.377507
vt 0.958787 0.377507
vt 0.927787 0.005939
vt 0.958787 0.005939
vt 0.927787 0.184842
vt 0.958786 0.184842
vt 0.927787 0.363745
vt 0.958787 0.363745
vt 0.927787 0.171080
vt 0.958786 0.171080
vt 0.927787 0.349984
vt 0.958786 0.349984
vt 0.927787 0.157318
vt 0.958786 0.157319
vt 0.927787 0.336222
vt 0.958786 0.336222
vt 0.927787 0.143557
vt 0.958787 0.143557
vt 0.927787 0.322460
vt 0.958786 0.322460
vt 0.095465 0.949014
vt 0.100269 0.933248
vt 0.110011 0.935181
vt 0.108375 0.951582
vt 0.108375 0.817936
vt 0.109969 0.834341
vt 0.100229 0.836282
vt 0.095465 0.820504
vt 0.083304 0.943977
vt 0.091092 0.929451
vt 0.121538 0.817936
vt 0.119901 0.834336
vt 0.072359 0.936664
vt 0.082831 0.923936
vt 0.134448 0.820504
vt 0.129643 0.836270
vt 0.063051 0.927356
vt 0.075805 0.916916
vt 0.146609 0.825541
vt 0.138821 0.840067
vt 0.055738 0.916411
vt 0.070284 0.908660
vt 0.157553 0.832854
vt 0.147081 0.845582
vt 0.050701 0.904250
vt 0.066480 0.899486
vt 0.166861 0.842162
vt 0.154107 0.852602
vt 0.048133 0.891340
vt 0.064538 0.889746
vt 0.174174 0.916411
vt 0.159648 0.908623
vt 0.163445 0.899446
vt 0.179211 0.904250
vt 0.174174 0.853106
vt 0.159628 0.860857
vt 0.048133 0.878178
vt 0.064534 0.879814
vt 0.166861 0.927356
vt 0.154133 0.916884
vt 0.179211 0.865267
vt 0.163433 0.870032
vt 0.050701 0.865267
vt 0.066467 0.870072
vt 0.157553 0.936663
vt 0.147113 0.923909
vt 0.181779 0.878177
vt 0.165374 0.879772
vt 0.055738 0.853106
vt 0.070264 0.860894
vt 0.146609 0.943976
vt 0.138857 0.929431
vt 0.181779 0.891340
vt 0.165378 0.889704
vt 0.063051 0.842162
vt 0.075779 0.852634
vt 0.134448 0.949014
vt 0.129683 0.933235
vt 0.072359 0.832854
vt 0.082799 0.845608
vt 0.121538 0.951582
vt 0.119943 0.935177
vt 0.083304 0.825541
vt 0.091055 0.840087
vt 0.085778 0.875934
vt 0.084617 0.881796
vt 0.134314 0.908307
vt 0.138536 0.904078
vt 0.145290 0.881746
vt 0.144120 0.875886
vt 0.088061 0.870411
vt 0.129348 0.911631
vt 0.145295 0.887722
vt 0.091376 0.865440
vt 0.123829 0.913922
vt 0.144134 0.893584
vt 0.095598 0.861211
vt 0.117969 0.915093
vt 0.100564 0.857887
vt 0.111993 0.915098
vt 0.106083 0.855595
vt 0.106131 0.913937
vt 0.111944 0.854425
vt 0.100608 0.911654
vt 0.117919 0.854420
vt 0.095637 0.908338
vt 0.123781 0.855581
vt 0.091408 0.904117
vt 0.129304 0.857863
vt 0.088084 0.899150
vt 0.134275 0.861179
vt 0.085793 0.893631
vt 0.138504 0.865401
vt 0.084622 0.887771
vt 0.141852 0.899107
vt 0.141828 0.870367
vt 0.108450 0.876849
vt 0.107032 0.878271
vt 0.115971 0.894950
vt 0.117940 0.894556
vt 0.110118 0.875732
vt 0.113964 0.894952
vt 0.111972 0.874962
vt 0.111994 0.894563
vt 0.113941 0.874568
vt 0.110139 0.893796
vt 0.115948 0.874566
vt 0.108468 0.892683
vt 0.117918 0.874955
vt 0.107047 0.891265
vt 0.119774 0.875721
vt 0.105929 0.889597
vt 0.121444 0.876835
vt 0.105159 0.887743
vt 0.122866 0.878253
vt 0.104765 0.885774
vt 0.123994 0.889576
vt 0.124760 0.887721
vt 0.123983 0.879921
vt 0.104763 0.883767
vt 0.122880 0.891247
vt 0.124753 0.881775
vt 0.105152 0.881797
vt 0.121462 0.892668
vt 0.125147 0.883743
vt 0.105919 0.879941
vt 0.119794 0.893785
vt 0.125149 0.885751
vt 0.114956 0.884759
vt 0.234610 0.217189
vt 0.216793 0.234989
vt 0.182909 0.194118
vt 0.193421 0.183716
vt 0.098394 0.013300
vt 0.123013 0.008446
vt 0.128483 0.061176
vt 0.113946 0.064033
vt 0.195841 0.248976
vt 0.170570 0.202275
vt 0.148109 0.008443
vt 0.143275 0.061196
vt 0.172558 0.258608
vt 0.156876 0.207872
vt 0.172729 0.013308
vt 0.157759 0.064084
vt 0.147842 0.263512
vt 0.142354 0.210693
vt 0.195931 0.022865
vt 0.171377 0.069718
vt 0.122645 0.263499
vt 0.127562 0.210630
vt 0.216831 0.036762
vt 0.183610 0.077903
vt 0.022003 0.196127
vt 0.012416 0.172860
vt 0.063058 0.157257
vt 0.068637 0.170915
vt 0.097938 0.258569
vt 0.113070 0.207685
vt 0.234622 0.054477
vt 0.193992 0.088327
vt 0.007564 0.148175
vt 0.060260 0.142779
vt 0.074671 0.248913
vt 0.099435 0.201973
vt 0.248611 0.075338
vt 0.202126 0.100587
vt 0.007635 0.123025
vt 0.060350 0.128040
vt 0.053742 0.234902
vt 0.087182 0.193713
vt 0.258252 0.098542
vt 0.207701 0.114211
vt 0.012623 0.098383
vt 0.063324 0.113610
vt 0.035958 0.217077
vt 0.076783 0.183226
vt 0.263169 0.123194
vt 0.210500 0.128672
vt 0.022331 0.075199
vt 0.069067 0.100048
vt 0.263169 0.148342
vt 0.210412 0.143411
vt 0.036381 0.054367
vt 0.077356 0.087878
vt 0.258251 0.173015
vt 0.207439 0.157861
vt 0.054224 0.036685
vt 0.087876 0.077569
vt 0.248608 0.196262
vt 0.201699 0.171468
vt 0.075166 0.022824
vt 0.100228 0.069518
vt 0.242772 0.337182
vt 0.252313 0.360163
vt 0.227946 0.367497
vt 0.220309 0.349138
vt 0.242789 0.456791
vt 0.228967 0.477438
vt 0.209382 0.461253
vt 0.220408 0.444737
vt 0.006218 0.409875
vt 0.006144 0.385300
vt 0.031216 0.387753
vt 0.031271 0.407447
vt 0.228919 0.316509
vt 0.209231 0.332627
vt 0.011030 0.433970
vt 0.035134 0.426742
vt 0.211287 0.298950
vt 0.195140 0.318607
vt 0.020410 0.456682
vt 0.042664 0.444918
vt 0.190558 0.285188
vt 0.178581 0.307622
vt 0.034016 0.477163
vt 0.053574 0.461296
vt 0.167537 0.275766
vt 0.160198 0.300100
vt 0.051354 0.494629
vt 0.067462 0.475244
vt 0.143126 0.271050
vt 0.140708 0.296334
vt 0.071784 0.508405
vt 0.083814 0.486227
vt 0.118280 0.271223
vt 0.120873 0.296467
vt 0.094542 0.517941
vt 0.102017 0.493813
vt 0.093975 0.276274
vt 0.101469 0.300491
vt 0.118758 0.522853
vt 0.121374 0.497699
vt 0.071165 0.285994
vt 0.083250 0.308243
vt 0.143499 0.522933
vt 0.141142 0.497724
vt 0.050738 0.299982
vt 0.066924 0.319409
vt 0.252316 0.433829
vt 0.228002 0.426375
vt 0.167804 0.518166
vt 0.160555 0.493879
vt 0.033475 0.317661
vt 0.053113 0.333538
vt 0.257175 0.409440
vt 0.231865 0.406877
vt 0.190730 0.508727
vt 0.178862 0.486306
vt 0.020006 0.338322
vt 0.042329 0.350080
vt 0.257175 0.384564
vt 0.231847 0.386995
vt 0.211386 0.494975
vt 0.195351 0.475290
vt 0.010797 0.361154
vt 0.034954 0.368390
vt 0.200075 0.403948
vt 0.200093 0.390325
vt 0.163680 0.458335
vt 0.174982 0.450796
vt 0.070522 0.364650
vt 0.065509 0.377315
vt 0.197453 0.376960
vt 0.184606 0.441188
vt 0.062821 0.390643
vt 0.192256 0.364369
vt 0.192177 0.429880
vt 0.062760 0.404181
vt 0.184703 0.353040
vt 0.065322 0.417415
vt 0.175086 0.343411
vt 0.070412 0.429870
vt 0.163778 0.335854
vt 0.077856 0.441127
vt 0.151219 0.330661
vt 0.087370 0.450716
vt 0.137898 0.328033
vt 0.098577 0.458254
vt 0.124332 0.328069
vt 0.111048 0.463460
vt 0.111051 0.330766
vt 0.124303 0.466127
vt 0.098571 0.336018
vt 0.137840 0.466147
vt 0.087378 0.343616
vt 0.197401 0.417305
vt 0.151137 0.463518
vt 0.077907 0.353278
vt 0.126439 0.337972
vt 0.138193 0.337972
vt 0.132316 0.397641
vt 0.114911 0.455017
vt 0.104052 0.450519
vt 0.114911 0.340265
vt 0.126439 0.457310
vt 0.104052 0.344763
vt 0.138193 0.457310
vt 0.094280 0.351293
vt 0.149721 0.455017
vt 0.085968 0.359605
vt 0.160580 0.450519
vt 0.079438 0.369377
vt 0.170353 0.443989
vt 0.074940 0.380236
vt 0.178664 0.435678
vt 0.072647 0.391764
vt 0.185194 0.425905
vt 0.072647 0.403518
vt 0.178664 0.359605
vt 0.185194 0.369377
vt 0.189692 0.415046
vt 0.074940 0.415046
vt 0.170353 0.351293
vt 0.191985 0.403518
vt 0.079438 0.425905
vt 0.160580 0.344763
vt 0.191985 0.391764
vt 0.085968 0.435677
vt 0.149721 0.340266
vt 0.189692 0.380236
vt 0.094279 0.443989
vt 0.198576 0.116825
vt 0.194514 0.118057
vt 0.189874 0.106856
vt 0.193618 0.104855
vt 0.072088 0.116825
vt 0.076150 0.118057
vt 0.073785 0.129948
vt 0.069560 0.129532
vt 0.084244 0.177937
vt 0.087525 0.175244
vt 0.096098 0.183817
vt 0.093405 0.187098
vt 0.201104 0.129532
vt 0.196879 0.129948
vt 0.077046 0.104855
vt 0.080790 0.106856
vt 0.077046 0.167165
vt 0.080790 0.165163
vt 0.201104 0.142488
vt 0.196879 0.142072
vt 0.084244 0.094083
vt 0.087525 0.096776
vt 0.072088 0.155195
vt 0.076150 0.153963
vt 0.198576 0.155195
vt 0.194514 0.153963
vt 0.093405 0.084922
vt 0.096098 0.088203
vt 0.069560 0.142488
vt 0.073785 0.142072
vt 0.193618 0.167165
vt 0.189874 0.165163
vt 0.104177 0.077724
vt 0.106179 0.081467
vt 0.186420 0.177937
vt 0.183139 0.175244
vt 0.116147 0.072766
vt 0.117379 0.076828
vt 0.177259 0.187098
vt 0.174566 0.183817
vt 0.128854 0.070238
vt 0.129270 0.074463
vt 0.166487 0.194296
vt 0.164485 0.190552
vt 0.141810 0.070238
vt 0.141394 0.074463
vt 0.154517 0.199254
vt 0.153285 0.195192
vt 0.154517 0.072766
vt 0.153285 0.076828
vt 0.141810 0.201782
vt 0.141394 0.197557
vt 0.166487 0.077724
vt 0.164485 0.081467
vt 0.128854 0.201782
vt 0.129270 0.197557
vt 0.177259 0.084922
vt 0.174566 0.088203
vt 0.116147 0.199254
vt 0.117379 0.195192
vt 0.186420 0.094083
vt 0.183139 0.096776
vt 0.104177 0.194296
vt 0.106179 0.190552
vt 0.918434 0.152800
vt 0.918434 0.166004
vt 0.912747 0.166004
vt 0.912747 0.152800
vt 0.918434 0.337657
vt 0.918434 0.350861
vt 0.912747 0.350861
vt 0.912747 0.337657
vt 0.918434 0.179208
vt 0.912747 0.179208
vt 0.918434 0.364065
vt 0.912747 0.364065
vt 0.918434 0.192412
vt 0.912747 0.192412
vt 0.918434 0.007555
vt 0.918434 0.020760
vt 0.912747 0.020760
vt 0.912747 0.007555
vt 0.918434 0.377269
vt 0.912747 0.377269
vt 0.918434 0.205616
vt 0.912747 0.205616
vt 0.918434 0.033964
vt 0.912747 0.033964
vt 0.918434 0.390473
vt 0.912747 0.390473
vt 0.918434 0.218820
vt 0.912747 0.218820
vt 0.918434 0.047168
vt 0.912747 0.047168
vt 0.918434 0.403677
vt 0.912747 0.403677
vt 0.918434 0.232024
vt 0.912747 0.232024
vt 0.918434 0.060372
vt 0.912747 0.060372
vt 0.918434 0.416881
vt 0.912747 0.416881
vt 0.918434 0.245228
vt 0.912747 0.245228
vt 0.918434 0.073576
vt 0.912747 0.073576
vt 0.918434 0.430085
vt 0.912747 0.430085
vt 0.918434 0.258432
vt 0.912747 0.258432
vt 0.918434 0.086780
vt 0.912747 0.086780
vt 0.918434 0.271637
vt 0.912747 0.271637
vt 0.918434 0.099984
vt 0.912747 0.099984
vt 0.918434 0.284841
vt 0.912747 0.284841
vt 0.918434 0.113188
vt 0.912747 0.113188
vt 0.918434 0.298045
vt 0.912747 0.298045
vt 0.918434 0.126392
vt 0.912747 0.126392
vt 0.918434 0.311249
vt 0.912747 0.311249
vt 0.918434 0.139596
vt 0.912747 0.139596
vt 0.918434 0.324453
vt 0.912747 0.324453
vt 0.952746 0.562583
vt 0.975069 0.562583
vt 0.975069 0.600360
vt 0.952746 0.600360
vt 0.932806 0.551991
vt 0.932806 0.610953
vt 0.952746 0.622939
vt 0.975069 0.622939
vt 0.995009 0.610953
vt 0.995009 0.551991
vt 0.952746 0.540004
vt 0.975069 0.540004
vt 0.952746 0.562583
vt 0.975069 0.562583
vt 0.975069 0.600360
vt 0.952746 0.600360
vt 0.932806 0.551991
vt 0.932806 0.610953
vt 0.952746 0.622939
vt 0.975069 0.622939
vt 0.995009 0.610953
vt 0.995009 0.551991
vt 0.952746 0.540004
vt 0.975069 0.540004
vt 0.952746 0.562583
vt 0.975069 0.562583
vt 0.975069 0.600360
vt 0.952746 0.600360
vt 0.932806 0.551991
vt 0.932806 0.610953
vt 0.952746 0.622939
vt 0.975069 0.622939
vt 0.995009 0.610953
vt 0.995009 0.551991
vt 0.952746 0.540004
vt 0.975069 0.540004
vt 0.952746 0.562583
vt 0.952746 0.600360
vt 0.975069 0.600360
vt 0.975069 0.562583
vt 0.932806 0.551991
vt 0.932806 0.610953
vt 0.952746 0.622939
vt 0.975069 0.622939
vt 0.995009 0.610953
vt 0.995009 0.551991
vt 0.975069 0.540004
vt 0.952746 0.540004
vt 0.667720 0.011080
vt 0.667720 0.193717
vt 0.654073 0.193717
vt 0.654073 0.011080
vt 0.667720 0.011080
vt 0.667720 0.193717
vt 0.853574 0.084132
vt 0.867165 0.082889
vt 0.890608 0.339204
vt 0.877017 0.340447
vt 0.853574 0.084132
vt 0.877017 0.340447
vt 0.667720 0.237557
vt 0.654073 0.237557
vt 0.667720 0.237557
vt 0.667720 0.341195
vt 0.654073 0.341195
vt 0.667720 0.341195
vt 0.339940 0.883044
vt 0.329331 0.883044
vt 0.329331 0.803892
vt 0.339940 0.803892
vt 0.339940 0.883044
vt 0.339940 0.803892
vt 0.695799 0.237557
vt 0.695769 0.341195
vt 0.695769 0.011080
vt 0.695799 0.193717
vt 0.849650 0.341178
vt 0.826207 0.084863
vt 0.720603 0.201409
vt 0.668165 0.232579
vt 0.692969 0.196431
vt 0.773378 0.084869
vt 0.740920 0.018768
vt 0.720542 0.018770
vt 0.670759 0.004001
vt 0.692943 0.004001
vt 0.654073 0.004001
vt 0.664681 0.004001
vt 0.723368 0.011692
vt 0.740919 0.011690
vt 0.670759 0.004001
vt 0.695769 0.011080
vt 0.692943 0.004001
vt 0.664681 0.004001
vt 0.723368 0.011692
vt 0.720542 0.018770
vt 0.740920 0.018768
vt 0.740919 0.011690
vt 0.828940 0.077709
vt 0.850446 0.077135
vt 0.773328 0.077791
vt 0.823283 0.077785
vt 0.855858 0.076816
vt 0.866521 0.075840
vt 0.828940 0.077709
vt 0.826207 0.084863
vt 0.850446 0.077135
vt 0.773328 0.077791
vt 0.773378 0.084869
vt 0.823283 0.077785
vt 0.855858 0.076816
vt 0.477276 0.778004
vt 0.362124 0.803891
vt 0.346040 0.778004
vt 0.477276 0.788711
vt 0.462032 0.803892
vt 0.346040 0.788613
vt 0.362124 0.803891
vt 0.462032 0.803892
vt 0.477276 0.788711
vt 0.346040 0.788613
vt 0.379676 0.883044
vt 0.362124 0.883044
vt 0.462032 0.816939
vt 0.412078 0.816939
vt 0.494253 0.816939
vt 0.483546 0.816939
vt 0.483546 0.803892
vt 0.494253 0.803891
vt 0.483546 0.803892
vt 0.483546 0.816939
vt 0.418444 0.820035
vt 0.386032 0.886159
vt 0.334492 0.206279
vt 0.334492 0.229258
vt 0.318554 0.229258
vt 0.318554 0.206279
vt 0.334492 0.206279
vt 0.318554 0.206279
vt 0.466141 0.064596
vt 0.367290 0.152305
vt 0.337867 0.152305
vt 0.337867 0.141767
vt 0.412977 0.153293
vt 0.322284 0.120472
vt 0.498834 0.113348
vt 0.498834 0.143010
vt 0.444897 0.045940
vt 0.322284 0.045940
vt 0.549844 0.064596
vt 0.549844 0.096697
vt 0.389648 0.179461
vt 0.376726 0.179461
vt 0.363241 0.206279
vt 0.363241 0.229258
vt 0.363241 0.206279
vt 0.322284 0.003998
vt 0.444897 0.003998
vt 0.444897 0.045940
vt 0.322284 0.045940
vt 0.530650 0.187316
vt 0.560312 0.187316
vt 0.560312 0.229258
vt 0.511551 0.206279
vt 0.511551 0.229258
vt 0.530650 0.187316
vt 0.560312 0.187316
vt 0.511551 0.206279
vt 0.398147 0.206279
vt 0.398147 0.229258
vt 0.398147 0.206279
vt 0.434528 0.229258
vt 0.434528 0.206279
vt 0.434528 0.206279
vt 0.262666 0.187316
vt 0.289053 0.187316
vt 0.289053 0.229258
vt 0.262666 0.229258
vt 0.262666 0.187316
vt 0.289053 0.187316
vt 0.299591 0.187316
vt 0.299591 0.187316
vt 0.613972 0.187316
vt 0.613972 0.229258
vt 0.613972 0.187316
vt 0.346097 0.183201
vt 0.330159 0.183201
vt 0.330159 0.156383
vt 0.359582 0.156383
vt 0.418306 0.159269
vt 0.427886 0.185324
vt 0.504419 0.151417
vt 0.504592 0.178331
vt 0.646072 0.187316
vt 0.646072 0.229258
vt 0.646072 0.187316
vt 0.473170 0.045940
vt 0.473170 0.003998
vt 0.556873 0.003998
vt 0.556873 0.045940
vt 0.473170 0.045940
vt 0.556873 0.045940
vt 0.732031 0.939994
vt 0.733054 0.944340
vt 0.686887 0.955203
vt 0.686420 0.953214
vt 0.315952 0.889189
vt 0.316028 0.849266
vt 0.319907 0.852836
vt 0.319843 0.886702
vt 0.316049 0.838468
vt 0.321321 0.838478
vt 0.321300 0.849276
vt 0.320415 0.890376
vt 0.320403 0.896354
vt 0.315939 0.896345
vt 0.779851 0.893580
vt 0.779878 0.904378
vt 0.732955 0.904495
vt 0.732928 0.893698
vt 0.845692 0.854854
vt 0.822773 0.870552
vt 0.775850 0.870669
vt 0.798770 0.854972
vt 0.785122 0.893567
vt 0.785149 0.904365
vt 0.269105 0.849176
vt 0.269029 0.889099
vt 0.265149 0.886598
vt 0.265213 0.852732
vt 0.264563 0.890270
vt 0.268968 0.921416
vt 0.264503 0.921407
vt 0.785122 0.893567
vt 0.779851 0.893580
vt 0.779878 0.904378
vt 0.785149 0.904365
vt 0.269105 0.849176
vt 0.265213 0.852732
vt 0.265149 0.886598
vt 0.269029 0.889099
vt 0.264563 0.890270
vt 0.269126 0.838378
vt 0.250185 0.799780
vt 0.273113 0.815464
vt 0.226190 0.815375
vt 0.203262 0.799691
vt 0.223213 0.819726
vt 0.200285 0.804042
vt 0.275602 0.810818
vt 0.318539 0.833821
vt 0.266637 0.843025
vt 0.223700 0.820022
vt 0.779962 0.938245
vt 0.733039 0.938362
vt 0.780040 0.969382
vt 0.733117 0.969499
vt 0.686923 0.969615
vt 0.733054 0.944340
vt 0.779962 0.938245
vt 0.733039 0.938362
vt 0.686887 0.955203
vt 0.315891 0.921505
vt 0.315939 0.896345
vt 0.315952 0.889189
vt 0.853386 0.835019
vt 0.806463 0.835136
vt 0.194047 0.775975
vt 0.198118 0.798538
vt 0.190412 0.778707
vt 0.190592 0.773019
vt 0.190613 0.762008
vt 0.194074 0.762015
vt 0.240970 0.776064
vt 0.253161 0.795429
vt 0.276089 0.811114
vt 0.240997 0.762104
vt 0.245496 0.775626
vt 0.253201 0.795457
vt 0.244437 0.773122
vt 0.244457 0.762111
vt 0.806436 0.824125
vt 0.853358 0.824008
vt 0.362175 0.907182
vt 0.364219 0.907186
vt 0.364191 0.921597
vt 0.362148 0.921594
vt 0.362175 0.907182
vt 0.364219 0.907186
vt 0.816687 0.742756
vt 0.740090 0.708824
vt 0.741871 0.704804
vt 0.818468 0.738736
vt 0.721859 0.678738
vt 0.679536 0.619997
vt 0.798455 0.619997
vt 0.798455 0.644805
vt 0.679536 0.640997
vt 0.666544 0.678738
vt 0.666544 0.651945
vt 0.802852 0.619997
vt 0.802852 0.644805
vt 0.860790 0.679996
vt 0.860790 0.700995
vt 0.741871 0.679996
vt 0.873783 0.711943
vt 0.873783 0.738736
vt 0.662147 0.678738
vt 0.662147 0.651945
vt 0.663280 0.681684
vt 0.666544 0.692841
vt 0.663280 0.695787
vt 0.544870 0.711544
vt 0.547625 0.709634
vt 0.547625 0.728952
vt 0.544870 0.728952
vt 0.544362 0.704133
vt 0.547625 0.701186
vt 0.544362 0.708869
vt 0.544870 0.711544
vt 0.547625 0.709634
vt 0.544362 0.704133
vt 0.544362 0.708869
vt 0.547625 0.701186
vt 0.839738 0.765922
vt 0.873783 0.752839
vt 0.992701 0.761185
vt 0.992701 0.765921
vt 0.697685 0.709635
vt 0.723370 0.682867
vt 0.702100 0.710052
vt 0.701687 0.711544
vt 0.701687 0.728952
vt 0.697685 0.728952
vt 0.721859 0.678738
vt 0.697685 0.709635
vt 0.702100 0.710052
vt 0.723370 0.682867
vt 0.701687 0.711544
vt 0.873884 0.748444
vt 0.992803 0.756789
vt 0.992701 0.783330
vt 0.839738 0.783330
vt 0.839738 0.765922
vt 0.992701 0.765921
vt 0.863624 0.697633
vt 0.876616 0.708581
vt 0.675139 0.640997
vt 0.675139 0.619997
vt 0.614011 0.123830
vt 0.614011 0.060514
vt 0.622923 0.052927
vt 0.622923 0.131416
vt 0.639834 0.052917
vt 0.639834 0.131427
vt 0.610519 0.044908
vt 0.587166 0.044908
vt 0.587166 0.027997
vt 0.610519 0.027997
vt 0.610519 0.124504
vt 0.610519 0.139436
vt 0.587166 0.139436
vt 0.587166 0.124504
vt 0.583673 0.060514
vt 0.583673 0.123830
vt 0.574761 0.131416
vt 0.574761 0.052928
vt 0.557850 0.131427
vt 0.557850 0.052917
vt 0.610519 0.156346
vt 0.587166 0.156346
vt 0.610519 0.059840
vt 0.587166 0.059840
vt 0.614209 0.027997
vt 0.614217 0.044908
vt 0.583467 0.044908
vt 0.583476 0.027997
vt 0.614217 0.139436
vt 0.614209 0.156346
vt 0.583476 0.156346
vt 0.583467 0.139436
vt 0.613759 0.046690
vt 0.613769 0.058394
vt 0.583916 0.058394
vt 0.583925 0.046690
vt 0.613769 0.125950
vt 0.613759 0.137654
vt 0.583925 0.137654
vt 0.583916 0.125950
vt 0.328671 0.321070
vt 0.265181 0.321070
vt 0.265181 0.311997
vt 0.328671 0.311997
vt 0.266068 0.490532
vt 0.265328 0.414971
vt 0.329550 0.489910
vt 0.601714 0.455037
vt 0.615336 0.411466
vt 0.690321 0.426784
vt 0.393870 0.461339
vt 0.573393 0.435271
vt 0.463169 0.455763
vt 0.479201 0.442744
vt 0.670138 0.448133
vt 0.749722 0.409062
vt 0.743166 0.415149
vt 0.265181 0.396639
vt 0.393270 0.349012
vt 0.690131 0.380516
vt 0.615249 0.396669
vt 0.601135 0.353232
vt 0.462625 0.353909
vt 0.478785 0.366771
vt 0.573048 0.373295
vt 0.669692 0.359376
vt 0.743076 0.391544
vt 0.749678 0.397551
vt 0.696996 0.433095
vt 0.676813 0.454443
vt 0.393909 0.339962
vt 0.463264 0.344859
vt 0.397553 0.469630
vt 0.333233 0.498201
vt 0.601955 0.344075
vt 0.670512 0.350219
vt 0.484920 0.449787
vt 0.468888 0.462806
vt 0.615235 0.401578
vt 0.615243 0.406558
vt 0.265254 0.408863
vt 0.265254 0.402754
vt 0.753021 0.401332
vt 0.753037 0.405252
vt 0.479411 0.357725
vt 0.573674 0.364249
vt 0.596480 0.462535
vt 0.568160 0.442769
vt 0.692010 0.371497
vt 0.744955 0.382525
vt 0.756542 0.391635
vt 0.751830 0.393367
vt 0.753708 0.384348
vt 0.757337 0.387817
vt 0.228984 0.252102
vt 0.340965 0.268949
vt 0.228984 0.268949
vt 0.598224 0.252102
vt 0.603130 0.256178
vt 0.362638 0.260531
vt 0.606281 0.274967
vt 0.614476 0.270135
vt 0.614476 0.284243
vt 0.606281 0.284243
vt 0.611971 0.270135
vt 0.606281 0.274967
vt 0.614476 0.270135
vt 0.611971 0.270135
vt 0.340965 0.274968
vt 0.340965 0.284243
vt 0.228984 0.284243
vt 0.228984 0.274968
vt 0.340965 0.274968
vt 0.228984 0.274968
vt 0.601968 0.268874
vt 0.364216 0.274968
vt 0.364318 0.268950
vt 0.228984 0.237996
vt 0.598224 0.237996
vt 0.598224 0.252102
vt 0.228984 0.252102
vt 0.364216 0.284243
vt 0.364216 0.274968
vt 0.363555 0.266480
vt 0.341882 0.274898
vt 0.648911 0.533709
vt 0.574881 0.585561
vt 0.574538 0.578706
vt 0.642748 0.530614
vt 0.687839 0.585283
vt 0.587144 0.608880
vt 0.577416 0.592135
vt 0.654048 0.538875
vt 0.575954 0.574169
vt 0.636490 0.530065
vt 0.580032 0.569505
vt 0.631800 0.531920
vt 0.232126 0.526328
vt 0.467710 0.501099
vt 0.466565 0.567950
vt 0.232127 0.567951
vt 0.570267 0.525762
vt 0.570270 0.567951
vt 0.232126 0.526328
vt 0.467710 0.501099
vt 0.570267 0.525762
vt 0.700312 0.794153
vt 0.698885 0.814652
vt 0.659048 0.775233
vt 0.659963 0.762081
vt 0.536449 0.793545
vt 0.537194 0.782841
vt 0.552684 0.772664
vt 0.551940 0.783351
vt 0.558361 0.768794
vt 0.557617 0.779482
vt 0.563979 0.765159
vt 0.563233 0.775867
vt 0.569537 0.762376
vt 0.568790 0.773111
vt 0.575045 0.760932
vt 0.574296 0.771690
vt 0.636839 0.764342
vt 0.637589 0.753571
vt 0.643200 0.753681
vt 0.642437 0.764638
vt 0.648951 0.755307
vt 0.648153 0.766776
vt 0.654612 0.758242
vt 0.653760 0.770478
vt 0.497965 0.456580
vt 0.579222 0.508068
vt 0.502747 0.451566
vt 0.581427 0.501187
vt 0.508732 0.448523
vt 0.581370 0.494148
vt 0.579651 0.489594
vt 0.513395 0.448069
vt 0.519227 0.450055
vt 0.575188 0.485054
vt 0.924534 0.814517
vt 0.924864 0.809780
vt 0.964651 0.812548
vt 0.964318 0.817290
vt 0.924534 0.814517
vt 0.924864 0.809780
vt 0.399450 0.877435
vt 0.434855 0.869126
vt 0.448833 0.876767
vt 0.418084 0.883983
vt 0.496655 0.790778
vt 0.497401 0.780067
vt 0.537194 0.782841
vt 0.536449 0.793545
vt 0.925256 0.808516
vt 0.964741 0.811265
vt 0.925256 0.808516
vt 0.497497 0.778701
vt 0.537518 0.781486
vt 0.537518 0.781486
vt 0.964224 0.818631
vt 0.925232 0.815915
vt 0.925232 0.815915
vt 0.587140 0.649987
vt 0.585661 0.649987
vt 0.585660 0.609116
vt 0.587144 0.608880
vt 0.585660 0.609116
vt 0.696522 0.789956
vt 0.921894 0.805650
vt 0.917694 0.609353
vt 0.689086 0.581372
vt 0.919020 0.605451
vt 0.569171 0.761598
vt 0.575028 0.760069
vt 0.564774 0.763851
vt 0.568914 0.761783
vt 0.558747 0.767319
vt 0.564364 0.763678
vt 0.552690 0.771147
vt 0.558362 0.767269
vt 0.637754 0.752755
vt 0.643611 0.752872
vt 0.643878 0.753079
vt 0.648166 0.754291
vt 0.648546 0.754088
vt 0.654211 0.757033
vt 0.654656 0.756969
vt 0.660008 0.760812
vt 0.536768 0.781515
vt 0.552526 0.771155
vt 0.660219 0.760838
vt 0.700288 0.792688
vt 0.575202 0.759812
vt 0.637538 0.752476
vt 0.574297 0.773334
vt 0.568444 0.774857
vt 0.568200 0.774790
vt 0.564044 0.776850
vt 0.563870 0.776971
vt 0.558234 0.780592
vt 0.557978 0.780700
vt 0.552291 0.784567
vt 0.641310 0.765742
vt 0.639164 0.765648
vt 0.647152 0.767959
vt 0.641403 0.765830
vt 0.652912 0.771756
vt 0.647285 0.768061
vt 0.658391 0.776603
vt 0.653094 0.771859
vt 0.639100 0.765758
vt 0.574413 0.773330
vt 0.698442 0.815954
vt 0.658509 0.776654
vt 0.552129 0.784603
vt 0.536351 0.795008
vt 0.905390 0.649431
vt 0.905318 0.620529
vt 0.917794 0.649399
vt 0.688626 0.597839
vt 0.917694 0.609353
vt 0.905318 0.620529
vt 0.687839 0.585283
vt 0.688626 0.597839
vt 0.654127 0.605924
vt 0.654148 0.649987
vt 0.654127 0.605924
vt 0.660053 0.897117
vt 0.660048 0.926782
vt 0.448881 0.926752
vt 0.660053 0.897117
vt 0.448833 0.876767
vt 0.418115 0.926762
vt 0.418084 0.883983
vt 0.398515 0.926782
vt 0.398483 0.881557
vt 0.398483 0.881557
vt 0.438838 0.864362
vt 0.453556 0.741630
vt 0.451528 0.688231
vt 0.520617 0.718354
vt 0.521302 0.739490
vt 0.253798 0.767484
vt 0.312835 0.756686
vt 0.313093 0.769856
vt 0.253867 0.771013
vt 0.253415 0.747862
vt 0.253748 0.764874
vt 0.253798 0.767484
vt 0.312835 0.756686
vt 0.253415 0.747862
vt 0.253748 0.764874
vt 0.521826 0.756198
vt 0.536311 0.755744
vt 0.536777 0.770559
vt 0.522292 0.771014
vt 0.521826 0.756198
vt 0.536311 0.755744
vt 0.578531 0.848123
vt 0.578763 0.862804
vt 0.508597 0.865687
vt 0.507999 0.851148
vt 0.578531 0.848123
vt 0.507999 0.851148
vt 0.511962 0.750552
vt 0.512410 0.765334
vt 0.454204 0.767099
vt 0.521486 0.745345
vt 0.453556 0.741630
vt 0.511962 0.750552
vt 0.521486 0.745345
vt 0.521302 0.739490
vt 0.768422 0.862169
vt 0.768368 0.865687
vt 0.768422 0.862169
vt 0.254554 0.741985
vt 0.768656 0.841664
vt 0.768464 0.858884
vt 0.569089 0.842940
vt 0.568489 0.798160
vt 0.498556 0.845786
vt 0.497722 0.824484
vt 0.535304 0.723659
vt 0.535971 0.744890
vt 0.756296 0.526428
vt 0.757029 0.579865
vt 0.688627 0.547872
vt 0.688521 0.526705
vt 0.890287 0.230264
vt 0.890287 0.200718
vt 0.904731 0.200718
vt 0.904731 0.230264
vt 0.330681 0.656152
vt 0.261637 0.654376
vt 0.261534 0.627292
vt 0.330963 0.625854
vt 0.897236 0.487908
vt 0.897236 0.514331
vt 0.756353 0.475698
vt 0.523212 0.645223
vt 0.523230 0.638201
vt 0.698164 0.515902
vt 0.698126 0.486211
vt 0.688498 0.520846
vt 0.688451 0.481255
vt 0.688477 0.475387
vt 0.955228 0.530278
vt 0.523250 0.617494
vt 0.523242 0.634884
vt 0.321515 0.620646
vt 0.321303 0.576144
vt 0.252390 0.621828
vt 0.251960 0.601007
vt 0.890287 0.184057
vt 0.904731 0.168724
vt 0.904731 0.189895
vt 0.890287 0.189895
vt 0.956648 0.524345
vt 0.956648 0.507278
vt 0.956648 0.504660
vt 0.956648 0.477894
vt 0.956648 0.494960
vt 0.956648 0.497579
vt 0.688600 0.454190
vt 0.757118 0.422228
vt 0.955239 0.472026
vt 0.523071 0.665943
vt 0.320750 0.705661
vt 0.321229 0.661285
vt 0.523199 0.648543
vt 0.251960 0.680462
vt 0.252512 0.659763
vt 0.890287 0.246925
vt 0.890287 0.241087
vt 0.904731 0.241086
vt 0.904731 0.262258
vt 0.893836 0.038686
vt 0.842747 0.038686
vt 0.842747 0.030323
vt 0.893836 0.030323
vt 0.791058 0.046018
vt 0.791058 0.022990
vt 0.823025 0.022990
vt 0.823025 0.046018
vt 0.870452 0.003995
vt 0.780889 0.003995
vt 0.780889 0.019620
vt 0.780346 0.046018
vt 0.764721 0.046018
vt 0.764720 0.022990
vt 0.780345 0.022990
vt 0.780889 0.065013
vt 0.780889 0.049388
vt 0.870451 0.065013
vt 0.843877 0.043199
vt 0.891303 0.062193
vt 0.891303 0.006815
vt 0.843876 0.025810
vt 0.545295 0.125154
vt 0.525931 0.125154
vt 0.525931 0.113996
vt 0.545295 0.113996
vt 0.545295 0.162219
vt 0.545295 0.173376
vt 0.525931 0.173376
vt 0.525931 0.162219
vt 0.525931 0.153011
vt 0.524727 0.152634
vt 0.524727 0.150706
vt 0.525931 0.150706
vt 0.524271 0.162219
vt 0.524271 0.173376
vt 0.524795 0.153560
vt 0.524795 0.161008
vt 0.546956 0.162219
vt 0.546956 0.173376
vt 0.545295 0.153011
vt 0.546432 0.153560
vt 0.546432 0.161008
vt 0.546500 0.152634
vt 0.545295 0.150706
vt 0.546500 0.150706
vt 0.545295 0.132601
vt 0.525931 0.132601
vt 0.524860 0.150155
vt 0.528710 0.142669
vt 0.529782 0.143220
vt 0.545295 0.134530
vt 0.525931 0.134530
vt 0.541445 0.142016
vt 0.529782 0.142016
vt 0.541445 0.143220
vt 0.546366 0.150155
vt 0.542516 0.142669
vt 0.278497 0.133102
vt 0.278497 0.167234
vt 0.271173 0.167234
vt 0.271173 0.133102
vt 0.278497 0.133102
vt 0.278497 0.167234
vt 0.271173 0.004000
vt 0.278497 0.004000
vt 0.278497 0.004000
vt 0.304794 0.150294
vt 0.285321 0.131085
vt 0.285321 0.004000
vt 0.304794 0.004000
vt 0.285321 0.135120
vt 0.285321 0.162474
vt 0.826751 0.958256
vt 0.803176 0.958256
vt 0.803176 0.938445
vt 0.826751 0.938445
vt 0.834888 0.974315
vt 0.882665 0.988624
vt 0.813055 0.988624
vt 0.813055 0.983208
vt 0.866469 0.958256
vt 0.846666 0.958256
vt 0.797760 0.958256
vt 0.797760 0.938445
vt 0.834888 0.922387
vt 0.882665 0.908078
vt 0.846666 0.938445
vt 0.866469 0.938445
vt 0.813055 0.913494
vt 0.813055 0.908077
vt 0.872394 0.952512
vt 0.872394 0.944190
vt 0.906811 0.952513
vt 0.906811 0.944190
vt 0.874634 0.957061
vt 0.890830 0.987430
vt 0.890830 0.909272
vt 0.874634 0.939641
vt 0.940942 0.691470
vt 0.938716 0.694755
vt 0.938716 0.682089
vt 0.940942 0.682089
vt 0.951866 0.691470
vt 0.954091 0.694754
vt 0.951865 0.682089
vt 0.954091 0.682089
vt 0.247915 0.009825
vt 0.247915 0.044355
vt 0.236991 0.044355
vt 0.236992 0.009825
vt 0.954092 0.735730
vt 0.938717 0.735731
vt 0.940942 0.647560
vt 0.938716 0.647560
vt 0.954091 0.647560
vt 0.951865 0.647560
vt 0.229165 0.039183
vt 0.229165 0.004654
vt 0.987243 0.718838
vt 0.982900 0.663054
vt 0.255741 0.004654
vt 0.255741 0.039183
vt 0.905565 0.718839
vt 0.909907 0.663054
vt 0.495878 0.980443
vt 0.491902 0.980443
vt 0.491902 0.972271
vt 0.495878 0.972271
vt 0.213135 0.980443
vt 0.213135 0.972271
vt 0.219676 0.972271
vt 0.219676 0.980443
vt 0.226544 0.950052
vt 0.220791 0.946298
vt 0.220791 0.939758
vt 0.226544 0.936004
vt 0.248992 0.950052
vt 0.491356 0.950052
vt 0.317972 0.950052
vt 0.399201 0.936004
vt 0.491356 0.946076
vt 0.260222 0.942204
vt 0.306742 0.942204
vt 0.226546 0.980443
vt 0.226546 0.972271
vt 0.220792 0.968518
vt 0.220792 0.961977
vt 0.226546 0.958224
vt 0.248994 0.958224
vt 0.491356 0.962200
vt 0.399201 0.972271
vt 0.317972 0.958224
vt 0.491356 0.958224
vt 0.260224 0.966072
vt 0.306742 0.966072
vt 0.214737 0.950052
vt 0.221606 0.950052
vt 0.221606 0.958224
vt 0.214737 0.958224
vt 0.399201 0.980444
vt 0.304272 0.950052
vt 0.304272 0.958224
vt 0.244054 0.950052
vt 0.244054 0.958224
vt 0.257754 0.950052
vt 0.257754 0.958224
vt 0.905492 0.860192
vt 0.905492 0.888212
vt 0.872362 0.891696
vt 0.872362 0.856707
vt 0.961144 0.874668
vt 0.994273 0.874784
vt 0.994273 0.886203
vt 0.961144 0.883812
vt 0.034931 0.006856
vt 0.035720 0.008884
vt 0.030932 0.012716
vt 0.030278 0.011035
vt 0.939727 0.891195
vt 0.962358 0.890181
vt 0.969581 0.922601
vt 0.941322 0.923867
vt 0.909771 0.857209
vt 0.904584 0.857757
vt 0.897436 0.825221
vt 0.903914 0.824536
vt 0.967240 0.859765
vt 0.939727 0.857209
vt 0.941322 0.824536
vt 0.975678 0.827728
vt 0.909771 0.891195
vt 0.903914 0.923867
vt 0.035141 0.037973
vt 0.019591 0.057047
vt 0.018041 0.051340
vt 0.030932 0.035528
vt 0.017666 0.057241
vt 0.012842 0.057241
vt 0.014043 0.051340
vt 0.904584 0.890646
vt 0.897436 0.923182
vt 0.909128 0.862090
vt 0.909128 0.886314
vt 0.957507 0.876396
vt 0.938433 0.860845
vt 0.939118 0.887558
vt 0.957507 0.881219
vt 0.910914 0.860845
vt 0.910914 0.887558
vt 0.008788 0.036097
vt 0.008788 0.012716
vt 0.029900 0.011236
vt 0.009820 0.011236
vt 0.035720 0.036403
vt 0.007190 0.056276
vt 0.004000 0.037089
vt 0.011432 0.052002
vt 0.007748 0.005335
vt 0.031972 0.005335
vt 0.004000 0.008884
vt 0.004788 0.006856
vt 0.009442 0.011035
vt 0.336668 0.305956
vt 0.476275 0.305956
vt 0.476282 0.308392
vt 0.336676 0.308392
vt 0.354856 0.294002
vt 0.458087 0.294002
vt 0.458095 0.320346
vt 0.354863 0.320346
vt 0.844508 0.394135
vt 0.844516 0.387206
vt 0.882217 0.387247
vt 0.882209 0.394176
vt 0.831277 0.394120
vt 0.793576 0.394079
vt 0.793584 0.387150
vt 0.831285 0.387191
vt 0.825056 0.350008
vt 0.850826 0.350036
vt 0.850737 0.431318
vt 0.824967 0.431290
vt 0.022386 0.262339
vt 0.022386 0.263182
vt 0.012503 0.263182
vt 0.012503 0.262339
vt 0.027706 0.230727
vt 0.007183 0.230727
vt 0.004853 0.294345
vt 0.011675 0.263023
vt 0.007183 0.294795
vt 0.027706 0.294795
vt 0.030001 0.295398
vt 0.026658 0.308126
vt 0.024363 0.307523
vt 0.023214 0.263023
vt 0.030036 0.294345
vt 0.010526 0.307523
vt 0.008231 0.308126
vt 0.004888 0.295397
vt 0.024363 0.217999
vt 0.010526 0.217999
vt 0.498536 0.297471
vt 0.576170 0.297471
vt 0.576170 0.321596
vt 0.498536 0.321596
vt 0.883149 0.077277
vt 0.883149 0.072003
vt 0.891837 0.072003
vt 0.891837 0.077277
vt 0.883149 0.077277
vt 0.891837 0.077277
vt 0.583716 0.297471
vt 0.590416 0.297471
vt 0.590416 0.321596
vt 0.583716 0.321596
vt 0.583716 0.297471
vt 0.583716 0.321596
vt 0.490991 0.297471
vt 0.490991 0.321596
vt 0.484290 0.321596
vt 0.484290 0.297471
vt 0.490991 0.297471
vt 0.490991 0.321596
vt 0.883149 0.081947
vt 0.891837 0.081947
vt 0.499984 0.294001
vt 0.574723 0.294001
vt 0.484290 0.294001
vt 0.489564 0.294001
vt 0.585143 0.294001
vt 0.590416 0.294001
vt 0.492418 0.294001
vt 0.497089 0.294001
vt 0.577618 0.294001
vt 0.582288 0.294001
vt 0.499984 0.294001
vt 0.498536 0.297471
vt 0.576170 0.297471
vt 0.574723 0.294001
vt 0.489564 0.294001
vt 0.585143 0.294001
vt 0.492418 0.294001
vt 0.497089 0.294001
vt 0.577618 0.294001
vt 0.582288 0.294001
vt 0.895156 0.159972
vt 0.895156 0.078661
vt 0.900429 0.078661
vt 0.900429 0.159972
vt 0.891837 0.156686
vt 0.895156 0.159972
vt 0.895156 0.078661
vt 0.891837 0.156686
vt 0.891837 0.081947
vt 0.883149 0.161356
vt 0.883149 0.156686
vt 0.891837 0.161356
vt 0.883149 0.166630
vt 0.891837 0.166630
vt 0.891837 0.161356
vt 0.883149 0.161356
vt 0.022386 0.262339
vt 0.022386 0.263182
vt 0.012503 0.263182
vt 0.012503 0.262339
vt 0.027706 0.230727
vt 0.007183 0.230727
vt 0.004853 0.294345
vt 0.011675 0.263023
vt 0.007183 0.294795
vt 0.027706 0.294795
vt 0.030001 0.295398
vt 0.026658 0.308126
vt 0.024363 0.307523
vt 0.023214 0.263023
vt 0.030036 0.294345
vt 0.010526 0.307523
vt 0.008231 0.308126
vt 0.004888 0.295397
vt 0.024363 0.217999
vt 0.010526 0.217999
vt 0.844508 0.394135
vt 0.844516 0.387206
vt 0.882217 0.387247
vt 0.882209 0.394176
vt 0.831277 0.394120
vt 0.793576 0.394079
vt 0.793584 0.387150
vt 0.831285 0.387191
vt 0.825056 0.350008
vt 0.850826 0.350036
vt 0.850737 0.431318
vt 0.824967 0.431290
vt 0.844508 0.394135
vt 0.844516 0.387206
vt 0.882217 0.387247
vt 0.882209 0.394176
vt 0.831277 0.394120
vt 0.793576 0.394079
vt 0.793584 0.387150
vt 0.831285 0.387191
vt 0.825056 0.350008
vt 0.850826 0.350036
vt 0.850737 0.431318
vt 0.824967 0.431290
vt 0.614011 0.123830
vt 0.614011 0.060514
vt 0.622923 0.052927
vt 0.622923 0.131416
vt 0.639834 0.052917
vt 0.639834 0.131427
vt 0.610519 0.044908
vt 0.587166 0.044908
vt 0.587166 0.027997
vt 0.610519 0.027997
vt 0.610519 0.124504
vt 0.610519 0.139436
vt 0.587166 0.139436
vt 0.587166 0.124504
vt 0.583673 0.060514
vt 0.583673 0.123830
vt 0.574761 0.131416
vt 0.574761 0.052928
vt 0.557850 0.131427
vt 0.557850 0.052917
vt 0.610519 0.156346
vt 0.587166 0.156346
vt 0.610519 0.059840
vt 0.587166 0.059840
vt 0.614209 0.027997
vt 0.614217 0.044908
vt 0.583467 0.044908
vt 0.583476 0.027997
vt 0.614217 0.139436
vt 0.614209 0.156346
vt 0.583476 0.156346
vt 0.583467 0.139436
vt 0.613759 0.046690
vt 0.613769 0.058394
vt 0.583916 0.058394
vt 0.583925 0.046690
vt 0.613769 0.125950
vt 0.613759 0.137654
vt 0.583925 0.137654
vt 0.583916 0.125950
vt 0.545295 0.125154
vt 0.525931 0.125154
vt 0.525931 0.113996
vt 0.545295 0.113996
vt 0.545295 0.162219
vt 0.545295 0.173376
vt 0.525931 0.173376
vt 0.525931 0.162219
vt 0.525931 0.153011
vt 0.524727 0.152634
vt 0.524727 0.150706
vt 0.525931 0.150706
vt 0.524271 0.162219
vt 0.524271 0.173376
vt 0.524795 0.153560
vt 0.524795 0.161008
vt 0.546956 0.162219
vt 0.546956 0.173376
vt 0.545295 0.153011
vt 0.546432 0.153560
vt 0.546432 0.161008
vt 0.546500 0.152634
vt 0.545295 0.150706
vt 0.546500 0.150706
vt 0.545295 0.132601
vt 0.525931 0.132601
vt 0.524860 0.150155
vt 0.528710 0.142669
vt 0.529782 0.143220
vt 0.545295 0.134530
vt 0.525931 0.134530
vt 0.541445 0.142016
vt 0.529782 0.142016
vt 0.541445 0.143220
vt 0.546366 0.150155
vt 0.542516 0.142669
vt 0.545295 0.125154
vt 0.525931 0.125154
vt 0.525931 0.113996
vt 0.545295 0.113996
vt 0.545295 0.162219
vt 0.545295 0.173376
vt 0.525931 0.173376
vt 0.525931 0.162219
vt 0.525931 0.153011
vt 0.524727 0.152634
vt 0.524727 0.150706
vt 0.525931 0.150706
vt 0.524271 0.162219
vt 0.524271 0.173376
vt 0.524795 0.153560
vt 0.524795 0.161008
vt 0.546956 0.162219
vt 0.546956 0.173376
vt 0.545295 0.153011
vt 0.546432 0.153560
vt 0.546432 0.161008
vt 0.546500 0.152634
vt 0.545295 0.150706
vt 0.546500 0.150706
vt 0.545295 0.132601
vt 0.525931 0.132601
vt 0.524860 0.150155
vt 0.528710 0.142669
vt 0.529782 0.143220
vt 0.545295 0.134530
vt 0.525931 0.134530
vt 0.541445 0.142016
vt 0.529782 0.142016
vt 0.541445 0.143220
vt 0.546366 0.150155
vt 0.542516 0.142669
vt 0.545295 0.125154
vt 0.525931 0.125154
vt 0.525931 0.113996
vt 0.545295 0.113996
vt 0.545295 0.162219
vt 0.545295 0.173376
vt 0.525931 0.173376
vt 0.525931 0.162219
vt 0.525931 0.153011
vt 0.524727 0.152634
vt 0.524727 0.150706
vt 0.525931 0.150706
vt 0.524271 0.162219
vt 0.524271 0.173376
vt 0.524795 0.153560
vt 0.524795 0.161008
vt 0.546956 0.162219
vt 0.546956 0.173376
vt 0.545295 0.153011
vt 0.546432 0.153560
vt 0.546432 0.161008
vt 0.546500 0.152634
vt 0.545295 0.150706
vt 0.546500 0.150706
vt 0.545295 0.132601
vt 0.525931 0.132601
vt 0.524860 0.150155
vt 0.528710 0.142669
vt 0.529782 0.143220
vt 0.545295 0.134530
vt 0.525931 0.134530
vt 0.541445 0.142016
vt 0.529782 0.142016
vt 0.541445 0.143220
vt 0.546366 0.150155
vt 0.542516 0.142669
vt 0.545295 0.125154
vt 0.525931 0.125154
vt 0.525931 0.113996
vt 0.545295 0.113996
vt 0.545295 0.162219
vt 0.545295 0.173376
vt 0.525931 0.173376
vt 0.525931 0.162219
vt 0.525931 0.153011
vt 0.524727 0.152634
vt 0.524727 0.150706
vt 0.525931 0.150706
vt 0.524271 0.162219
vt 0.524271 0.173376
vt 0.524795 0.153560
vt 0.524795 0.161008
vt 0.546956 0.162219
vt 0.546956 0.173376
vt 0.545295 0.153011
vt 0.546432 0.153560
vt 0.546432 0.161008
vt 0.546500 0.152634
vt 0.545295 0.150706
vt 0.546500 0.150706
vt 0.545295 0.132601
vt 0.525931 0.132601
vt 0.524860 0.150155
vt 0.528710 0.142669
vt 0.529782 0.143220
vt 0.545295 0.134530
vt 0.525931 0.134530
vt 0.541445 0.142016
vt 0.529782 0.142016
vt 0.541445 0.143220
vt 0.546366 0.150155
vt 0.542516 0.142669
vt 0.545295 0.125154
vt 0.525931 0.125154
vt 0.525931 0.113996
vt 0.545295 0.113996
vt 0.545295 0.162219
vt 0.545295 0.173376
vt 0.525931 0.173376
vt 0.525931 0.162219
vt 0.525931 0.153011
vt 0.524727 0.152634
vt 0.524727 0.150706
vt 0.525931 0.150706
vt 0.524271 0.162219
vt 0.524271 0.173376
vt 0.524795 0.153560
vt 0.524795 0.161008
vt 0.546956 0.162219
vt 0.546956 0.173376
vt 0.545295 0.153011
vt 0.546432 0.153560
vt 0.546432 0.161008
vt 0.546500 0.152634
vt 0.545295 0.150706
vt 0.546500 0.150706
vt 0.545295 0.132601
vt 0.525931 0.132601
vt 0.524860 0.150155
vt 0.528710 0.142669
vt 0.529782 0.143220
vt 0.545295 0.134530
vt 0.525931 0.134530
vt 0.541445 0.142016
vt 0.529782 0.142016
vt 0.541445 0.143220
vt 0.546366 0.150155
vt 0.542516 0.142669
vt 0.695799 0.237557
vt 0.695769 0.341195
vt 0.695799 0.193717
vt 0.849650 0.341178
vt 0.720603 0.201409
vt 0.692969 0.196431
vt 0.668165 0.232579
vt 0.379676 0.883044
vt 0.362124 0.883044
vt 0.462032 0.816939
vt 0.412078 0.816939
vt 0.386032 0.886159
vt 0.418444 0.820035
vt 0.466141 0.064596
vt 0.337867 0.141767
vt 0.337867 0.152305
vt 0.367290 0.152305
vt 0.412977 0.153293
vt 0.322284 0.120472
vt 0.498834 0.143010
vt 0.498834 0.113348
vt 0.549844 0.096697
vt 0.549844 0.064596
vt 0.376726 0.179461
vt 0.389648 0.179461
vt 0.346097 0.183201
vt 0.359582 0.156383
vt 0.330159 0.156383
vt 0.330159 0.183201
vt 0.427886 0.185324
vt 0.418306 0.159269
vt 0.504592 0.178331
vt 0.504419 0.151417
vt 0.732031 0.939994
vt 0.686420 0.953214
vt 0.319843 0.886702
vt 0.319907 0.852836
vt 0.316028 0.849266
vt 0.321300 0.849276
vt 0.321321 0.838478
vt 0.316049 0.838468
vt 0.320403 0.896354
vt 0.320415 0.890376
vt 0.732928 0.893698
vt 0.732955 0.904495
vt 0.845692 0.854854
vt 0.798770 0.854972
vt 0.775850 0.870669
vt 0.822773 0.870552
vt 0.269126 0.838378
vt 0.250185 0.799780
vt 0.203262 0.799691
vt 0.226190 0.815375
vt 0.273113 0.815464
vt 0.200285 0.804042
vt 0.223213 0.819726
vt 0.318539 0.833821
vt 0.275602 0.810818
vt 0.223700 0.820022
vt 0.266637 0.843025
vt 0.853386 0.835019
vt 0.806463 0.835136
vt 0.194047 0.775975
vt 0.190412 0.778707
vt 0.198118 0.798538
vt 0.194074 0.762015
vt 0.190613 0.762008
vt 0.190592 0.773019
vt 0.240970 0.776064
vt 0.276089 0.811114
vt 0.253161 0.795429
vt 0.240997 0.762104
vt 0.253201 0.795457
vt 0.245496 0.775626
vt 0.244437 0.773122
vt 0.244457 0.762111
vt 0.853358 0.824008
vt 0.806436 0.824125
vt 0.816687 0.742756
vt 0.818468 0.738736
vt 0.741871 0.704804
vt 0.740090 0.708824
vt 0.798455 0.644805
vt 0.798455 0.619997
vt 0.679536 0.619997
vt 0.679536 0.640997
vt 0.666544 0.678738
vt 0.666544 0.651945
vt 0.802852 0.644805
vt 0.802852 0.619997
vt 0.860790 0.700995
vt 0.860790 0.679996
vt 0.741871 0.679996
vt 0.873783 0.738736
vt 0.873783 0.711943
vt 0.662147 0.651945
vt 0.662147 0.678738
vt 0.663280 0.681684
vt 0.663280 0.695787
vt 0.666544 0.692841
vt 0.992701 0.761185
vt 0.873783 0.752839
vt 0.992803 0.756789
vt 0.873884 0.748444
vt 0.863624 0.697633
vt 0.876616 0.708581
vt 0.675139 0.619997
vt 0.675139 0.640997
vt 0.614011 0.123830
vt 0.622923 0.131416
vt 0.622923 0.052927
vt 0.614011 0.060514
vt 0.639834 0.131427
vt 0.639834 0.052917
vt 0.610519 0.044908
vt 0.610519 0.027997
vt 0.587166 0.027997
vt 0.587166 0.044908
vt 0.610519 0.124504
vt 0.587166 0.124504
vt 0.587166 0.139436
vt 0.610519 0.139436
vt 0.583673 0.060514
vt 0.574761 0.052928
vt 0.574761 0.131416
vt 0.583673 0.123830
vt 0.557850 0.052917
vt 0.557850 0.131427
vt 0.587166 0.156346
vt 0.610519 0.156346
vt 0.610519 0.059840
vt 0.587166 0.059840
vt 0.614217 0.044908
vt 0.614209 0.027997
vt 0.583467 0.044908
vt 0.583476 0.027997
vt 0.614217 0.139436
vt 0.614209 0.156346
vt 0.583467 0.139436
vt 0.583476 0.156346
vt 0.613769 0.058394
vt 0.613759 0.046690
vt 0.583916 0.058394
vt 0.583925 0.046690
vt 0.613769 0.125950
vt 0.613759 0.137654
vt 0.583916 0.125950
vt 0.583925 0.137654
vt 0.328671 0.321070
vt 0.328671 0.311997
vt 0.265181 0.311997
vt 0.265181 0.321070
vt 0.266068 0.490532
vt 0.329550 0.489910
vt 0.265328 0.414971
vt 0.601714 0.455037
vt 0.690321 0.426784
vt 0.615336 0.411466
vt 0.393870 0.461339
vt 0.573393 0.435271
vt 0.463169 0.455763
vt 0.479201 0.442744
vt 0.670138 0.448133
vt 0.743166 0.415149
vt 0.749722 0.409062
vt 0.265181 0.396639
vt 0.393270 0.349012
vt 0.690131 0.380516
vt 0.601135 0.353232
vt 0.615249 0.396669
vt 0.462625 0.353909
vt 0.478785 0.366771
vt 0.573048 0.373295
vt 0.669692 0.359376
vt 0.749678 0.397551
vt 0.743076 0.391544
vt 0.696996 0.433095
vt 0.676813 0.454443
vt 0.463264 0.344859
vt 0.393909 0.339962
vt 0.397553 0.469630
vt 0.333233 0.498201
vt 0.670512 0.350219
vt 0.601955 0.344075
vt 0.484920 0.449787
vt 0.468888 0.462806
vt 0.615235 0.401578
vt 0.265254 0.402754
vt 0.265254 0.408863
vt 0.615243 0.406558
vt 0.753037 0.405252
vt 0.753021 0.401332
vt 0.573674 0.364249
vt 0.479411 0.357725
vt 0.596480 0.462535
vt 0.568160 0.442769
vt 0.744955 0.382525
vt 0.692010 0.371497
vt 0.756542 0.391635
vt 0.757337 0.387817
vt 0.753708 0.384348
vt 0.751830 0.393367
vt 0.228984 0.268949
vt 0.340965 0.268949
vt 0.362638 0.260531
vt 0.603130 0.256178
vt 0.601968 0.268874
vt 0.364318 0.268950
vt 0.341882 0.274898
vt 0.363555 0.266480
vt 0.648911 0.533709
vt 0.642748 0.530614
vt 0.574538 0.578706
vt 0.574881 0.585561
vt 0.654048 0.538875
vt 0.577416 0.592135
vt 0.636490 0.530065
vt 0.575954 0.574169
vt 0.631800 0.531920
vt 0.580032 0.569505
vt 0.700312 0.794153
vt 0.659963 0.762081
vt 0.659048 0.775233
vt 0.698885 0.814652
vt 0.551940 0.783351
vt 0.552684 0.772664
vt 0.558361 0.768794
vt 0.557617 0.779482
vt 0.563979 0.765159
vt 0.563233 0.775867
vt 0.569537 0.762376
vt 0.568790 0.773111
vt 0.575045 0.760932
vt 0.574296 0.771690
vt 0.636839 0.764342
vt 0.642437 0.764638
vt 0.643200 0.753681
vt 0.637589 0.753571
vt 0.648153 0.766776
vt 0.648951 0.755307
vt 0.653760 0.770478
vt 0.654612 0.758242
vt 0.579222 0.508068
vt 0.497965 0.456580
vt 0.581427 0.501187
vt 0.502747 0.451566
vt 0.581370 0.494148
vt 0.508732 0.448523
vt 0.579651 0.489594
vt 0.575188 0.485054
vt 0.519227 0.450055
vt 0.513395 0.448069
vt 0.399450 0.877435
vt 0.434855 0.869126
vt 0.921894 0.805650
vt 0.696522 0.789956
vt 0.919020 0.605451
vt 0.689086 0.581372
vt 0.569171 0.761598
vt 0.575028 0.760069
vt 0.564774 0.763851
vt 0.568914 0.761783
vt 0.558747 0.767319
vt 0.564364 0.763678
vt 0.552690 0.771147
vt 0.558362 0.767269
vt 0.637754 0.752755
vt 0.643611 0.752872
vt 0.643878 0.753079
vt 0.648166 0.754291
vt 0.648546 0.754088
vt 0.654211 0.757033
vt 0.654656 0.756969
vt 0.660008 0.760812
vt 0.552526 0.771155
vt 0.536768 0.781515
vt 0.700288 0.792688
vt 0.660219 0.760838
vt 0.637538 0.752476
vt 0.575202 0.759812
vt 0.574297 0.773334
vt 0.568444 0.774857
vt 0.568200 0.774790
vt 0.564044 0.776850
vt 0.563870 0.776971
vt 0.558234 0.780592
vt 0.557978 0.780700
vt 0.552291 0.784567
vt 0.641310 0.765742
vt 0.639164 0.765648
vt 0.647152 0.767959
vt 0.641403 0.765830
vt 0.652912 0.771756
vt 0.647285 0.768061
vt 0.658391 0.776603
vt 0.653094 0.771859
vt 0.639100 0.765758
vt 0.574413 0.773330
vt 0.698442 0.815954
vt 0.658509 0.776654
vt 0.552129 0.784603
vt 0.536351 0.795008
vt 0.438838 0.864362
vt 0.520617 0.718354
vt 0.451528 0.688231
vt 0.254554 0.741985
vt 0.768656 0.841664
vt 0.568489 0.798160
vt 0.569089 0.842940
vt 0.768464 0.858884
vt 0.497722 0.824484
vt 0.498556 0.845786
vt 0.535971 0.744890
vt 0.535304 0.723659
vt 0.756296 0.526428
vt 0.688521 0.526705
vt 0.688627 0.547872
vt 0.757029 0.579865
vt 0.890287 0.230264
vt 0.904731 0.230264
vt 0.904731 0.200718
vt 0.890287 0.200718
vt 0.330681 0.656152
vt 0.330963 0.625854
vt 0.261534 0.627292
vt 0.261637 0.654376
vt 0.897236 0.487908
vt 0.756353 0.475698
vt 0.897236 0.514331
vt 0.523212 0.645223
vt 0.523230 0.638201
vt 0.698126 0.486211
vt 0.698164 0.515902
vt 0.688498 0.520846
vt 0.688477 0.475387
vt 0.688451 0.481255
vt 0.955228 0.530278
vt 0.523250 0.617494
vt 0.321303 0.576144
vt 0.321515 0.620646
vt 0.523242 0.634884
vt 0.251960 0.601007
vt 0.252390 0.621828
vt 0.890287 0.184057
vt 0.890287 0.189895
vt 0.904731 0.189895
vt 0.904731 0.168724
vt 0.956648 0.524345
vt 0.956648 0.507278
vt 0.956648 0.504660
vt 0.956648 0.477894
vt 0.956648 0.494960
vt 0.956648 0.497579
vt 0.757118 0.422228
vt 0.688600 0.454190
vt 0.955239 0.472026
vt 0.523071 0.665943
vt 0.523199 0.648543
vt 0.321229 0.661285
vt 0.320750 0.705661
vt 0.252512 0.659763
vt 0.251960 0.680462
vt 0.890287 0.246925
vt 0.904731 0.262258
vt 0.904731 0.241086
vt 0.890287 0.241087
vt 0.893836 0.038686
vt 0.893836 0.030323
vt 0.842747 0.030323
vt 0.842747 0.038686
vt 0.791058 0.046018
vt 0.823025 0.046018
vt 0.823025 0.022990
vt 0.791058 0.022990
vt 0.870452 0.003995
vt 0.780889 0.003995
vt 0.780889 0.019620
vt 0.780346 0.046018
vt 0.780345 0.022990
vt 0.764720 0.022990
vt 0.764721 0.046018
vt 0.780889 0.065013
vt 0.780889 0.049388
vt 0.870451 0.065013
vt 0.891303 0.062193
vt 0.843877 0.043199
vt 0.891303 0.006815
vt 0.843876 0.025810
vt 0.545295 0.125154
vt 0.545295 0.113996
vt 0.525931 0.113996
vt 0.525931 0.125154
vt 0.545295 0.162219
vt 0.525931 0.162219
vt 0.525931 0.173376
vt 0.545295 0.173376
vt 0.525931 0.153011
vt 0.525931 0.150706
vt 0.524727 0.150706
vt 0.524727 0.152634
vt 0.524271 0.162219
vt 0.524271 0.173376
vt 0.524795 0.153560
vt 0.524795 0.161008
vt 0.546956 0.173376
vt 0.546956 0.162219
vt 0.545295 0.153011
vt 0.546432 0.161008
vt 0.546432 0.153560
vt 0.546500 0.152634
vt 0.546500 0.150706
vt 0.545295 0.150706
vt 0.545295 0.132601
vt 0.525931 0.132601
vt 0.529782 0.143220
vt 0.528710 0.142669
vt 0.524860 0.150155
vt 0.525931 0.134530
vt 0.545295 0.134530
vt 0.529782 0.142016
vt 0.541445 0.142016
vt 0.541445 0.143220
vt 0.546366 0.150155
vt 0.542516 0.142669
vt 0.304794 0.150294
vt 0.304794 0.004000
vt 0.285321 0.004000
vt 0.285321 0.131085
vt 0.285321 0.162474
vt 0.285321 0.135120
vt 0.826751 0.958256
vt 0.826751 0.938445
vt 0.803176 0.938445
vt 0.803176 0.958256
vt 0.834888 0.974315
vt 0.813055 0.983208
vt 0.813055 0.988624
vt 0.882665 0.988624
vt 0.866469 0.958256
vt 0.846666 0.958256
vt 0.797760 0.938445
vt 0.797760 0.958256
vt 0.834888 0.922387
vt 0.846666 0.938445
vt 0.882665 0.908078
vt 0.866469 0.938445
vt 0.813055 0.913494
vt 0.813055 0.908077
vt 0.872394 0.952512
vt 0.872394 0.944190
vt 0.906811 0.952513
vt 0.906811 0.944190
vt 0.874634 0.957061
vt 0.890830 0.987430
vt 0.874634 0.939641
vt 0.890830 0.909272
vt 0.940942 0.691470
vt 0.940942 0.682089
vt 0.938716 0.682089
vt 0.938716 0.694755
vt 0.951866 0.691470
vt 0.954091 0.694754
vt 0.954091 0.682089
vt 0.951865 0.682089
vt 0.247915 0.009825
vt 0.236992 0.009825
vt 0.236991 0.044355
vt 0.247915 0.044355
vt 0.938717 0.735731
vt 0.954092 0.735730
vt 0.940942 0.647560
vt 0.938716 0.647560
vt 0.954091 0.647560
vt 0.951865 0.647560
vt 0.229165 0.004654
vt 0.229165 0.039183
vt 0.987243 0.718838
vt 0.982900 0.663054
vt 0.255741 0.039183
vt 0.255741 0.004654
vt 0.909907 0.663054
vt 0.905565 0.718839
vt 0.495878 0.980443
vt 0.495878 0.972271
vt 0.491902 0.972271
vt 0.491902 0.980443
vt 0.213135 0.980443
vt 0.219676 0.980443
vt 0.219676 0.972271
vt 0.213135 0.972271
vt 0.226544 0.950052
vt 0.226544 0.936004
vt 0.220791 0.939758
vt 0.220791 0.946298
vt 0.248992 0.950052
vt 0.491356 0.950052
vt 0.491356 0.946076
vt 0.399201 0.936004
vt 0.317972 0.950052
vt 0.260222 0.942204
vt 0.306742 0.942204
vt 0.226546 0.980443
vt 0.226546 0.972271
vt 0.226546 0.958224
vt 0.220792 0.961977
vt 0.220792 0.968518
vt 0.248994 0.958224
vt 0.491356 0.962200
vt 0.491356 0.958224
vt 0.317972 0.958224
vt 0.399201 0.972271
vt 0.260224 0.966072
vt 0.306742 0.966072
vt 0.214737 0.950052
vt 0.214737 0.958224
vt 0.221606 0.958224
vt 0.221606 0.950052
vt 0.399201 0.980444
vt 0.304272 0.950052
vt 0.304272 0.958224
vt 0.244054 0.958224
vt 0.244054 0.950052
vt 0.257754 0.958224
vt 0.257754 0.950052
vt 0.905492 0.860192
vt 0.872362 0.856707
vt 0.872362 0.891696
vt 0.905492 0.888212
vt 0.961144 0.874668
vt 0.961144 0.883812
vt 0.994273 0.886203
vt 0.994273 0.874784
vt 0.034931 0.006856
vt 0.030278 0.011035
vt 0.030932 0.012716
vt 0.035720 0.008884
vt 0.939727 0.891195
vt 0.941322 0.923867
vt 0.969581 0.922601
vt 0.962358 0.890181
vt 0.909771 0.857209
vt 0.903914 0.824536
vt 0.897436 0.825221
vt 0.904584 0.857757
vt 0.967240 0.859765
vt 0.975678 0.827728
vt 0.941322 0.824536
vt 0.939727 0.857209
vt 0.909771 0.891195
vt 0.903914 0.923867
vt 0.035141 0.037973
vt 0.030932 0.035528
vt 0.018041 0.051340
vt 0.019591 0.057047
vt 0.017666 0.057241
vt 0.014043 0.051340
vt 0.012842 0.057241
vt 0.904584 0.890646
vt 0.897436 0.923182
vt 0.909128 0.862090
vt 0.909128 0.886314
vt 0.957507 0.876396
vt 0.938433 0.860845
vt 0.939118 0.887558
vt 0.957507 0.881219
vt 0.910914 0.860845
vt 0.910914 0.887558
vt 0.008788 0.036097
vt 0.008788 0.012716
vt 0.029900 0.011236
vt 0.009820 0.011236
vt 0.035720 0.036403
vt 0.007190 0.056276
vt 0.011432 0.052002
vt 0.004000 0.037089
vt 0.007748 0.005335
vt 0.031972 0.005335
vt 0.004000 0.008884
vt 0.009442 0.011035
vt 0.004788 0.006856
vt 0.336668 0.305956
vt 0.336676 0.308392
vt 0.476282 0.308392
vt 0.476275 0.305956
vt 0.458087 0.294002
vt 0.354856 0.294002
vt 0.354863 0.320346
vt 0.458095 0.320346
vt 0.844508 0.394135
vt 0.882209 0.394176
vt 0.882217 0.387247
vt 0.844516 0.387206
vt 0.831277 0.394120
vt 0.831285 0.387191
vt 0.793584 0.387150
vt 0.793576 0.394079
vt 0.850826 0.350036
vt 0.825056 0.350008
vt 0.824967 0.431290
vt 0.850737 0.431318
vt 0.022386 0.262339
vt 0.012503 0.262339
vt 0.012503 0.263182
vt 0.022386 0.263182
vt 0.027706 0.230727
vt 0.007183 0.230727
vt 0.004853 0.294345
vt 0.007183 0.294795
vt 0.011675 0.263023
vt 0.027706 0.294795
vt 0.030001 0.295398
vt 0.024363 0.307523
vt 0.026658 0.308126
vt 0.023214 0.263023
vt 0.030036 0.294345
vt 0.010526 0.307523
vt 0.008231 0.308126
vt 0.004888 0.295397
vt 0.024363 0.217999
vt 0.010526 0.217999
vt 0.498536 0.321596
vt 0.576170 0.321596
vt 0.883149 0.081947
vt 0.883149 0.156686
vt 0.022386 0.262339
vt 0.012503 0.262339
vt 0.012503 0.263182
vt 0.022386 0.263182
vt 0.027706 0.230727
vt 0.007183 0.230727
vt 0.004853 0.294345
vt 0.007183 0.294795
vt 0.011675 0.263023
vt 0.027706 0.294795
vt 0.030001 0.295398
vt 0.024363 0.307523
vt 0.026658 0.308126
vt 0.023214 0.263023
vt 0.030036 0.294345
vt 0.010526 0.307523
vt 0.008231 0.308126
vt 0.004888 0.295397
vt 0.024363 0.217999
vt 0.010526 0.217999
vt 0.844508 0.394135
vt 0.882209 0.394176
vt 0.882217 0.387247
vt 0.844516 0.387206
vt 0.831277 0.394120
vt 0.831285 0.387191
vt 0.793584 0.387150
vt 0.793576 0.394079
vt 0.850826 0.350036
vt 0.825056 0.350008
vt 0.824967 0.431290
vt 0.850737 0.431318
vt 0.844508 0.394135
vt 0.882209 0.394176
vt 0.882217 0.387247
vt 0.844516 0.387206
vt 0.831277 0.394120
vt 0.831285 0.387191
vt 0.793584 0.387150
vt 0.793576 0.394079
vt 0.850826 0.350036
vt 0.825056 0.350008
vt 0.824967 0.431290
vt 0.850737 0.431318
vt 0.614011 0.123830
vt 0.622923 0.131416
vt 0.622923 0.052927
vt 0.614011 0.060514
vt 0.639834 0.131427
vt 0.639834 0.052917
vt 0.610519 0.044908
vt 0.610519 0.027997
vt 0.587166 0.027997
vt 0.587166 0.044908
vt 0.610519 0.124504
vt 0.587166 0.124504
vt 0.587166 0.139436
vt 0.610519 0.139436
vt 0.583673 0.060514
vt 0.574761 0.052928
vt 0.574761 0.131416
vt 0.583673 0.123830
vt 0.557850 0.052917
vt 0.557850 0.131427
vt 0.587166 0.156346
vt 0.610519 0.156346
vt 0.610519 0.059840
vt 0.587166 0.059840
vt 0.614217 0.044908
vt 0.614209 0.027997
vt 0.583467 0.044908
vt 0.583476 0.027997
vt 0.614217 0.139436
vt 0.614209 0.156346
vt 0.583467 0.139436
vt 0.583476 0.156346
vt 0.613769 0.058394
vt 0.613759 0.046690
vt 0.583916 0.058394
vt 0.583925 0.046690
vt 0.613769 0.125950
vt 0.613759 0.137654
vt 0.583916 0.125950
vt 0.583925 0.137654
vt 0.545295 0.125154
vt 0.545295 0.113996
vt 0.525931 0.113996
vt 0.525931 0.125154
vt 0.545295 0.162219
vt 0.525931 0.162219
vt 0.525931 0.173376
vt 0.545295 0.173376
vt 0.525931 0.153011
vt 0.525931 0.150706
vt 0.524727 0.150706
vt 0.524727 0.152634
vt 0.524271 0.162219
vt 0.524271 0.173376
vt 0.524795 0.153560
vt 0.524795 0.161008
vt 0.546956 0.173376
vt 0.546956 0.162219
vt 0.545295 0.153011
vt 0.546432 0.161008
vt 0.546432 0.153560
vt 0.546500 0.152634
vt 0.546500 0.150706
vt 0.545295 0.150706
vt 0.545295 0.132601
vt 0.525931 0.132601
vt 0.529782 0.143220
vt 0.528710 0.142669
vt 0.524860 0.150155
vt 0.525931 0.134530
vt 0.545295 0.134530
vt 0.529782 0.142016
vt 0.541445 0.142016
vt 0.541445 0.143220
vt 0.546366 0.150155
vt 0.542516 0.142669
vt 0.545295 0.125154
vt 0.545295 0.113996
vt 0.525931 0.113996
vt 0.525931 0.125154
vt 0.545295 0.162219
vt 0.525931 0.162219
vt 0.525931 0.173376
vt 0.545295 0.173376
vt 0.525931 0.153011
vt 0.525931 0.150706
vt 0.524727 0.150706
vt 0.524727 0.152634
vt 0.524271 0.162219
vt 0.524271 0.173376
vt 0.524795 0.153560
vt 0.524795 0.161008
vt 0.546956 0.173376
vt 0.546956 0.162219
vt 0.545295 0.153011
vt 0.546432 0.161008
vt 0.546432 0.153560
vt 0.546500 0.152634
vt 0.546500 0.150706
vt 0.545295 0.150706
vt 0.545295 0.132601
vt 0.525931 0.132601
vt 0.529782 0.143220
vt 0.528710 0.142669
vt 0.524860 0.150155
vt 0.525931 0.134530
vt 0.545295 0.134530
vt 0.529782 0.142016
vt 0.541445 0.142016
vt 0.541445 0.143220
vt 0.546366 0.150155
vt 0.542516 0.142669
vt 0.545295 0.125154
vt 0.545295 0.113996
vt 0.525931 0.113996
vt 0.525931 0.125154
vt 0.545295 0.162219
vt 0.525931 0.162219
vt 0.525931 0.173376
vt 0.545295 0.173376
vt 0.525931 0.153011
vt 0.525931 0.150706
vt 0.524727 0.150706
vt 0.524727 0.152634
vt 0.524271 0.162219
vt 0.524271 0.173376
vt 0.524795 0.153560
vt 0.524795 0.161008
vt 0.546956 0.173376
vt 0.546956 0.162219
vt 0.545295 0.153011
vt 0.546432 0.161008
vt 0.546432 0.153560
vt 0.546500 0.152634
vt 0.546500 0.150706
vt 0.545295 0.150706
vt 0.545295 0.132601
vt 0.525931 0.132601
vt 0.529782 0.143220
vt 0.528710 0.142669
vt 0.524860 0.150155
vt 0.525931 0.134530
vt 0.545295 0.134530
vt 0.529782 0.142016
vt 0.541445 0.142016
vt 0.541445 0.143220
vt 0.546366 0.150155
vt 0.542516 0.142669
vt 0.545295 0.125154
vt 0.545295 0.113996
vt 0.525931 0.113996
vt 0.525931 0.125154
vt 0.545295 0.162219
vt 0.525931 0.162219
vt 0.525931 0.173376
vt 0.545295 0.173376
vt 0.525931 0.153011
vt 0.525931 0.150706
vt 0.524727 0.150706
vt 0.524727 0.152634
vt 0.524271 0.162219
vt 0.524271 0.173376
vt 0.524795 0.153560
vt 0.524795 0.161008
vt 0.546956 0.173376
vt 0.546956 0.162219
vt 0.545295 0.153011
vt 0.546432 0.161008
vt 0.546432 0.153560
vt 0.546500 0.152634
vt 0.546500 0.150706
vt 0.545295 0.150706
vt 0.545295 0.132601
vt 0.525931 0.132601
vt 0.529782 0.143220
vt 0.528710 0.142669
vt 0.524860 0.150155
vt 0.525931 0.134530
vt 0.545295 0.134530
vt 0.529782 0.142016
vt 0.541445 0.142016
vt 0.541445 0.143220
vt 0.546366 0.150155
vt 0.542516 0.142669
vt 0.545295 0.125154
vt 0.545295 0.113996
vt 0.525931 0.113996
vt 0.525931 0.125154
vt 0.545295 0.162219
vt 0.525931 0.162219
vt 0.525931 0.173376
vt 0.545295 0.173376
vt 0.525931 0.153011
vt 0.525931 0.150706
vt 0.524727 0.150706
vt 0.524727 0.152634
vt 0.524271 0.162219
vt 0.524271 0.173376
vt 0.524795 0.153560
vt 0.524795 0.161008
vt 0.546956 0.173376
vt 0.546956 0.162219
vt 0.545295 0.153011
vt 0.546432 0.161008
vt 0.546432 0.153560
vt 0.546500 0.152634
vt 0.546500 0.150706
vt 0.545295 0.150706
vt 0.545295 0.132601
vt 0.525931 0.132601
vt 0.529782 0.143220
vt 0.528710 0.142669
vt 0.524860 0.150155
vt 0.525931 0.134530
vt 0.545295 0.134530
vt 0.529782 0.142016
vt 0.541445 0.142016
vt 0.541445 0.143220
vt 0.546366 0.150155
vt 0.542516 0.142669
vn 0.6883 -0.2851 0.6671
vn 0.7307 -0.1453 0.6671
vn -0.7307 -0.1453 0.6671
vn -0.6883 -0.2851 0.6671
vn 0.7450 0.0000 0.6671
vn -0.6194 -0.4139 0.6671
vn 0.7307 0.1453 0.6671
vn -0.5268 -0.5268 0.6671
vn 0.6883 0.2851 0.6671
vn -0.4139 -0.6194 0.6671
vn 0.6194 0.4139 0.6671
vn -0.2851 -0.6883 0.6671
vn -0.0000 0.7450 0.6671
vn -0.1453 0.7307 0.6671
vn 0.5268 0.5268 0.6671
vn -0.1453 -0.7307 0.6671
vn -0.2851 0.6883 0.6671
vn 0.4139 0.6194 0.6671
vn 0.0000 -0.7450 0.6671
vn -0.4139 0.6194 0.6671
vn 0.2851 0.6883 0.6671
vn 0.1453 -0.7307 0.6671
vn -0.5268 0.5268 0.6671
vn 0.1453 0.7307 0.6671
vn 0.2851 -0.6883 0.6671
vn -0.6194 0.4139 0.6671
vn 0.4139 -0.6194 0.6671
vn -0.6883 0.2851 0.6671
vn 0.5268 -0.5268 0.6671
vn -0.7307 0.1453 0.6671
vn 0.6194 -0.4139 0.6671
vn -0.7450 -0.0000 0.6671
vn -0.4545 0.5417 -0.7071
vn -0.8490 -0.5036 -0.1599
vn 0.6434 0.7486 -0.1599
vn 0.4545 0.5417 -0.7071
vn 0.8490 -0.5036 -0.1599
vn -0.6434 0.7486 -0.1599
vn 0.0000 0.0000 1.0000
vn -0.0000 0.0000 -1.0000
vn -0.1842 -0.4448 -0.8765
vn -0.2675 -0.4003 -0.8765
vn -0.0939 0.4722 -0.8765
vn -0.0000 0.4814 -0.8765
vn 0.3404 -0.3404 -0.8765
vn 0.2675 -0.4003 -0.8765
vn -0.0939 -0.4722 -0.8765
vn -0.1842 0.4448 -0.8765
vn 0.4003 -0.2675 -0.8765
vn 0.0000 -0.4814 -0.8765
vn -0.2675 0.4003 -0.8765
vn 0.4448 -0.1842 -0.8765
vn -0.3404 0.3404 -0.8765
vn 0.4722 -0.0939 -0.8765
vn -0.4003 0.2675 -0.8765
vn 0.4814 0.0000 -0.8765
vn -0.4448 0.1842 -0.8765
vn 0.4722 0.0939 -0.8765
vn -0.4722 0.0939 -0.8765
vn 0.4448 0.1842 -0.8765
vn -0.4814 -0.0000 -0.8765
vn 0.4003 0.2675 -0.8765
vn -0.4722 -0.0939 -0.8765
vn 0.3404 0.3404 -0.8765
vn -0.4448 -0.1842 -0.8765
vn 0.2675 0.4003 -0.8765
vn -0.4003 -0.2675 -0.8765
vn 0.1842 0.4448 -0.8765
vn 0.0939 -0.4722 -0.8765
vn -0.3404 -0.3404 -0.8765
vn 0.0939 0.4722 -0.8765
vn 0.1842 -0.4448 -0.8765
vn 0.9239 -0.3827 -0.0000
vn 0.9808 -0.1951 0.0000
vn -0.9808 -0.1951 0.0000
vn -0.9239 -0.3827 0.0000
vn 1.0000 0.0000 0.0000
vn -0.8315 -0.5556 -0.0000
vn 0.9808 0.1951 -0.0000
vn -0.7071 -0.7071 -0.0000
vn 0.9239 0.3827 0.0000
vn -0.5556 -0.8315 -0.0000
vn 0.8315 0.5556 0.0000
vn -0.3827 -0.9239 -0.0000
vn -0.0000 1.0000 0.0000
vn -0.1951 0.9808 0.0000
vn 0.7071 0.7071 0.0000
vn -0.1951 -0.9808 -0.0000
vn -0.3827 0.9239 0.0000
vn 0.5556 0.8315 0.0000
vn 0.0000 -1.0000 0.0000
vn -0.5556 0.8315 0.0000
vn 0.3827 0.9239 0.0000
vn 0.1951 -0.9808 -0.0000
vn -0.7071 0.7071 0.0000
vn 0.1951 0.9808 0.0000
vn 0.3827 -0.9239 -0.0000
vn -0.8315 0.5556 0.0000
vn 0.5556 -0.8315 -0.0000
vn -0.9239 0.3827 0.0000
vn 0.7071 -0.7071 -0.0000
vn -0.9808 0.1951 -0.0000
vn 0.8315 -0.5556 -0.0000
vn -1.0000 0.0000 -0.0000
vn -0.3372 0.0000 0.9414
vn -0.2658 0.0000 0.9640
vn -0.2607 0.0519 0.9640
vn -0.3307 0.0658 0.9414
vn 0.3116 -0.1290 0.9414
vn 0.2456 -0.1017 0.9640
vn 0.2210 -0.1477 0.9640
vn 0.2804 -0.1874 0.9414
vn -0.3307 -0.0658 0.9414
vn -0.2607 -0.0519 0.9640
vn 0.3307 -0.0658 0.9414
vn 0.2607 -0.0519 0.9640
vn -0.3116 -0.1290 0.9414
vn -0.2456 -0.1017 0.9640
vn 0.3372 0.0000 0.9414
vn 0.2658 0.0000 0.9640
vn -0.2804 -0.1874 0.9414
vn -0.2210 -0.1477 0.9640
vn 0.3307 0.0658 0.9414
vn 0.2607 0.0519 0.9640
vn -0.2385 -0.2385 0.9414
vn -0.1880 -0.1880 0.9640
vn 0.3116 0.1291 0.9414
vn 0.2456 0.1017 0.9640
vn -0.1874 -0.2804 0.9414
vn -0.1477 -0.2210 0.9640
vn 0.2804 0.1874 0.9414
vn 0.2210 0.1477 0.9640
vn -0.1290 -0.3116 0.9414
vn -0.1017 -0.2456 0.9640
vn -0.0658 0.3307 0.9414
vn -0.0519 0.2607 0.9640
vn -0.0000 0.2658 0.9640
vn -0.0000 0.3372 0.9414
vn 0.2385 0.2385 0.9414
vn 0.1880 0.1880 0.9640
vn -0.0658 -0.3307 0.9414
vn -0.0519 -0.2607 0.9640
vn -0.1291 0.3116 0.9414
vn -0.1017 0.2456 0.9640
vn 0.1874 0.2804 0.9414
vn 0.1477 0.2210 0.9640
vn -0.0000 -0.3372 0.9414
vn -0.0000 -0.2658 0.9640
vn -0.1874 0.2804 0.9414
vn -0.1477 0.2210 0.9640
vn 0.1290 0.3116 0.9414
vn 0.1017 0.2456 0.9640
vn 0.0658 -0.3307 0.9414
vn 0.0519 -0.2607 0.9640
vn -0.2385 0.2385 0.9414
vn -0.1880 0.1880 0.9640
vn 0.0658 0.3307 0.9414
vn 0.0519 0.2607 0.9640
vn 0.1291 -0.3116 0.9414
vn 0.1017 -0.2456 0.9640
vn -0.2804 0.1874 0.9414
vn -0.2210 0.1477 0.9640
vn 0.1874 -0.2804 0.9414
vn 0.1477 -0.2210 0.9640
vn -0.3116 0.1290 0.9414
vn -0.2456 0.1017 0.9640
vn 0.2385 -0.2385 0.9414
vn 0.1880 -0.1880 0.9640
vn 0.0000 -0.1473 0.9891
vn -0.0287 -0.1444 0.9891
vn -0.0818 0.1225 0.9891
vn -0.0564 0.1361 0.9891
vn 0.0564 0.1361 0.9891
vn 0.0818 0.1225 0.9891
vn 0.0287 -0.1444 0.9891
vn -0.1041 0.1041 0.9891
vn 0.0287 0.1444 0.9891
vn 0.0564 -0.1361 0.9891
vn -0.1225 0.0818 0.9891
vn -0.0000 0.1473 0.9891
vn 0.0818 -0.1225 0.9891
vn -0.1361 0.0564 0.9891
vn 0.1041 -0.1041 0.9891
vn -0.1444 0.0287 0.9891
vn 0.1225 -0.0818 0.9891
vn -0.1473 0.0000 0.9891
vn 0.1361 -0.0564 0.9891
vn -0.1444 -0.0287 0.9891
vn 0.1444 -0.0287 0.9891
vn -0.1361 -0.0564 0.9891
vn 0.1473 0.0000 0.9891
vn -0.1225 -0.0818 0.9891
vn 0.1444 0.0287 0.9891
vn -0.1041 -0.1041 0.9891
vn 0.1361 0.0564 0.9891
vn -0.0818 -0.1225 0.9891
vn 0.1225 0.0818 0.9891
vn -0.0564 -0.1361 0.9891
vn -0.0287 0.1444 0.9891
vn 0.1041 0.1041 0.9891
vn 0.0421 -0.0630 0.9971
vn 0.0290 -0.0700 0.9971
vn -0.0700 0.0290 0.9971
vn -0.0630 0.0421 0.9971
vn 0.0536 -0.0536 0.9971
vn -0.0743 0.0148 0.9971
vn 0.0630 -0.0421 0.9971
vn -0.0757 0.0000 0.9971
vn 0.0700 -0.0290 0.9971
vn -0.0743 -0.0148 0.9971
vn 0.0743 -0.0148 0.9971
vn -0.0700 -0.0290 0.9971
vn 0.0757 0.0000 0.9971
vn -0.0630 -0.0421 0.9971
vn 0.0743 0.0148 0.9971
vn -0.0536 -0.0536 0.9971
vn 0.0700 0.0290 0.9971
vn -0.0421 -0.0630 0.9971
vn 0.0630 0.0421 0.9971
vn -0.0290 -0.0700 0.9971
vn -0.0148 0.0743 0.9971
vn -0.0000 0.0757 0.9971
vn 0.0536 0.0536 0.9971
vn -0.0148 -0.0743 0.9971
vn -0.0290 0.0700 0.9971
vn 0.0421 0.0630 0.9971
vn 0.0000 -0.0757 0.9971
vn -0.0421 0.0630 0.9971
vn 0.0290 0.0700 0.9971
vn 0.0148 -0.0743 0.9971
vn -0.0536 0.0536 0.9971
vn 0.0148 0.0743 0.9971
vn 0.5871 -0.2432 0.7722
vn 0.6232 -0.1240 0.7722
vn -0.6232 -0.1240 0.7722
vn -0.5871 -0.2432 0.7722
vn 0.6354 0.0000 0.7722
vn -0.5283 -0.3530 0.7722
vn 0.6232 0.1240 0.7722
vn -0.4493 -0.4493 0.7722
vn 0.5871 0.2432 0.7722
vn -0.3530 -0.5283 0.7722
vn 0.5283 0.3530 0.7722
vn -0.2432 -0.5871 0.7722
vn -0.0000 0.6354 0.7722
vn -0.1240 0.6232 0.7722
vn 0.4493 0.4493 0.7722
vn -0.1240 -0.6232 0.7722
vn -0.2432 0.5871 0.7722
vn 0.3530 0.5283 0.7722
vn 0.0000 -0.6354 0.7722
vn -0.3530 0.5283 0.7722
vn 0.2432 0.5871 0.7722
vn 0.1240 -0.6232 0.7722
vn -0.4493 0.4493 0.7722
vn 0.1240 0.6232 0.7722
vn 0.2432 -0.5871 0.7722
vn -0.5283 0.3530 0.7722
vn 0.3530 -0.5283 0.7722
vn -0.5871 0.2432 0.7722
vn 0.4493 -0.4493 0.7722
vn -0.6232 0.1240 0.7722
vn 0.5283 -0.3530 0.7722
vn -0.6354 0.0000 0.7722
vn 0.4194 -0.6277 -0.6558
vn 0.2889 -0.6975 -0.6558
vn -0.2889 -0.6975 -0.6558
vn -0.4194 -0.6277 -0.6558
vn -0.1473 0.7404 -0.6558
vn -0.0000 0.7549 -0.6558
vn 0.5338 -0.5338 -0.6558
vn -0.1473 -0.7404 -0.6558
vn -0.2889 0.6975 -0.6558
vn 0.6277 -0.4194 -0.6558
vn 0.0000 -0.7549 -0.6558
vn -0.4194 0.6277 -0.6558
vn 0.6975 -0.2889 -0.6558
vn -0.5338 0.5338 -0.6558
vn 0.7404 -0.1473 -0.6558
vn -0.6277 0.4194 -0.6558
vn 0.7549 -0.0000 -0.6558
vn -0.6975 0.2889 -0.6558
vn 0.7404 0.1473 -0.6558
vn -0.7404 0.1473 -0.6558
vn 0.6975 0.2889 -0.6558
vn -0.7549 -0.0000 -0.6558
vn 0.6277 0.4194 -0.6558
vn -0.7404 -0.1473 -0.6558
vn 0.5338 0.5338 -0.6558
vn -0.6974 -0.2889 -0.6558
vn 0.4194 0.6277 -0.6558
vn -0.6277 -0.4194 -0.6558
vn 0.2889 0.6975 -0.6558
vn 0.1473 -0.7404 -0.6558
vn -0.5338 -0.5338 -0.6558
vn 0.1473 0.7404 -0.6558
vn -0.0000 0.7712 -0.6366
vn -0.0000 0.9240 0.3824
vn 0.0000 -0.2005 -0.9797
vn 0.0000 -0.7712 -0.6366
vn 0.0000 -0.9240 0.3824
vn -0.0000 0.2005 -0.9797
vn -0.6989 0.3259 -0.6366
vn 0.4226 0.9063 0.0000
vn -0.8374 0.3905 0.3824
vn -0.4226 -0.9063 0.0000
vn 0.1817 -0.0847 -0.9797
vn 0.6989 0.3259 -0.6366
vn -0.4226 0.9063 -0.0000
vn 0.8374 0.3905 0.3824
vn 0.4226 -0.9063 0.0000
vn -0.1817 -0.0847 -0.9797
vn 0.0000 0.9959 -0.0910
vn 0.0000 -0.8245 -0.5659
vn 0.7254 -0.6884 -0.0001
vn 0.7254 -0.6884 0.0001
vn 0.7071 0.7042 -0.0643
vn 0.6562 -0.6221 -0.4270
vn -0.7250 0.6887 0.0000
vn -0.7086 -0.7056 -0.0000
vn -0.0031 0.8978 -0.4404
vn 0.0000 0.3282 0.9446
vn 0.0000 0.9929 -0.1189
vn -0.0000 0.5905 0.8070
vn 0.0000 0.9506 -0.3103
vn 0.0000 0.6655 -0.7464
vn 0.7071 0.4705 -0.5278
vn 0.7071 0.2321 0.6679
vn 0.7071 0.7021 -0.0841
vn 0.0000 -0.7514 -0.6599
vn 0.9740 0.0000 -0.2266
vn 0.0000 0.8264 0.5630
vn 0.0000 -0.8824 -0.4706
vn -0.0000 0.8824 0.4706
vn -0.7371 -0.6758 0.0000
vn 0.7371 0.6758 0.0000
vn -0.8013 0.5982 -0.0000
vn 0.0000 0.4383 0.8988
vn 0.8013 -0.5982 0.0000
vn 0.0000 -0.8264 -0.5630
vn 0.0000 -0.4383 -0.8988
vn 0.0000 0.9986 -0.0523
vn -0.0000 -0.9143 0.4050
vn -0.7422 0.6702 -0.0000
vn 0.7422 -0.6702 0.0000
vn -0.0000 -0.7255 0.6882
vn 0.0000 0.9986 -0.0520
vn 0.0000 0.7647 -0.6444
vn 0.6473 0.7622 0.0000
vn 0.0002 -0.6685 -0.7437
vn 0.7071 0.0000 -0.7071
vn 0.0002 -0.6685 0.7437
vn 0.7071 0.0000 0.7071
vn 0.0002 0.6685 -0.7437
vn 0.0002 0.6685 0.7437
vn 0.4929 -0.5798 -0.6487
vn 0.4929 -0.5798 0.6487
vn 0.4929 0.5798 -0.6487
vn 0.4929 0.5798 0.6487
vn 0.6473 -0.7622 0.0000
vn 0.0000 -0.6972 -0.7169
vn 0.0000 -0.9975 -0.0704
vn 0.0000 -0.9178 -0.3970
vn 0.0000 -0.9963 -0.0863
vn 0.0000 -0.7824 -0.6227
vn 0.0000 -0.8152 0.5791
vn 0.0000 -0.9803 -0.1975
vn 0.0000 -0.7817 -0.6236
vn 0.0000 -0.7596 -0.6504
vn 0.0000 -0.7449 -0.6672
vn 0.0000 -0.7760 -0.6308
vn 0.5963 0.8028 0.0000
vn 0.6028 0.7975 -0.0228
vn 0.0000 0.9996 -0.0283
vn 0.5693 0.7664 -0.2977
vn 0.0000 0.9321 -0.3621
vn 0.6211 0.4827 0.6175
vn 0.6210 0.4827 0.6176
vn 0.6237 0.4836 0.6142
vn 0.6238 0.4836 0.6141
vn 0.6230 0.4643 0.6295
vn 0.6218 0.4722 0.6249
vn 0.6217 0.4725 0.6246
vn 0.6264 0.4834 0.6116
vn 0.6262 0.4836 0.6115
vn 0.6159 0.4985 0.6101
vn -0.0000 -0.7880 -0.6157
vn 0.6280 0.4791 -0.6132
vn 0.6684 0.4579 -0.5861
vn 0.7225 0.4256 -0.5448
vn -0.5058 -0.5311 0.6798
vn -0.3805 -0.5694 0.7287
vn -0.4559 -0.5480 0.7013
vn -0.0475 -0.6150 0.7871
vn -0.2147 -0.6013 0.7696
vn 0.3419 -0.5786 0.7405
vn 0.1947 -0.6039 0.7729
vn 0.6678 -0.4583 0.5866
vn 0.5812 -0.5010 0.6412
vn 0.8347 -0.3390 0.4339
vn 0.8165 -0.3554 0.4549
vn 0.9157 -0.2475 0.3167
vn 0.9209 -0.2401 0.3072
vn 0.9886 -0.0929 0.1189
vn 0.9918 -0.0788 0.1008
vn 0.9872 0.0983 -0.1259
vn 0.9725 0.1432 -0.1834
vn 0.8885 0.2825 -0.3616
vn 0.8283 0.3449 -0.4415
vn -0.5920 -0.5352 -0.6026
vn -0.5928 -0.5327 -0.6041
vn -0.5927 -0.5328 -0.6040
vn -0.5934 -0.5295 -0.6062
vn -0.5929 -0.5290 -0.6071
vn -0.5925 -0.5288 -0.6077
vn -0.5927 -0.5281 -0.6081
vn -0.0000 0.6157 -0.7880
vn 0.7766 0.3106 0.5481
vn 0.0000 -0.6157 0.7880
vn -0.0000 -0.0922 -0.9957
vn 0.0001 -0.9902 0.1395
vn 0.0000 -0.9902 0.1395
vn -0.0001 -0.9902 0.1395
vn 0.0000 0.9813 -0.1926
vn 0.0001 0.0598 0.9982
vn 0.0000 0.0598 0.9982
vn -0.0001 0.0598 0.9982
vn 0.9199 -0.2384 -0.3113
vn 0.7277 0.6087 0.3163
vn 0.0990 -0.9874 0.1232
vn 0.2999 -0.9393 -0.1666
vn 0.2704 -0.9522 -0.1422
vn 0.1305 -0.9895 0.0614
vn -0.0823 -0.9671 0.2405
vn -0.3534 -0.9241 0.1454
vn -0.5007 -0.8616 0.0836
vn -0.6028 -0.7971 0.0357
vn -0.6798 -0.7334 -0.0038
vn -0.7047 -0.7094 -0.0169
vn 0.4245 -0.8524 -0.3053
vn 0.6457 -0.5761 -0.5011
vn 0.5647 -0.6966 -0.4425
vn 0.4154 -0.8615 -0.2921
vn 0.6368 -0.4232 -0.6445
vn 0.4140 -0.3632 -0.8347
vn 0.2349 -0.3015 -0.9241
vn 0.0981 -0.2482 -0.9637
vn -0.0257 -0.1985 -0.9798
vn -0.0679 -0.1824 -0.9809
vn -0.7269 -0.6861 -0.0290
vn -0.1084 -0.1665 -0.9801
vn 0.8036 0.0724 0.5907
vn 0.6681 -0.0650 0.7412
vn 0.7349 0.0076 0.6781
vn 0.8094 0.0756 0.5823
vn 0.5306 -0.0876 0.8431
vn 0.5206 -0.0833 0.8497
vn 0.3362 -0.0106 0.9417
vn 0.3584 -0.0188 0.9334
vn 0.1799 0.0376 0.9830
vn 0.2080 0.0307 0.9776
vn 0.9444 0.0473 0.3253
vn 0.9209 -0.0193 0.3892
vn 0.8551 0.0693 0.5138
vn 0.9433 0.1458 0.2981
vn 0.9212 0.3009 0.2467
vn 0.9167 0.3196 0.2397
vn 0.8687 0.4608 0.1816
vn 0.8737 0.4492 0.1868
vn 0.8097 0.5517 0.2002
vn 0.8214 0.5399 0.1836
vn 0.7879 0.5716 0.2292
vn 0.1342 0.0487 0.9898
vn 0.9943 0.0655 -0.0839
vn -0.0000 0.8298 0.5581
vn 0.0052 0.8299 0.5579
vn 0.0106 0.8300 0.5577
vn -0.0052 0.8299 0.5579
vn -0.0106 0.8300 0.5577
vn 0.0042 0.7233 0.6906
vn 0.0000 0.7239 0.6899
vn -0.0001 0.7238 0.6900
vn 0.0068 0.7229 0.6909
vn -0.0042 0.7233 0.6906
vn 0.0001 0.7238 0.6900
vn -0.0068 0.7229 0.6909
vn -0.0014 0.8564 0.5163
vn -0.0000 0.8564 0.5163
vn 0.0014 0.8564 0.5163
vn -0.0019 0.7240 0.6898
vn -0.0000 0.7240 0.6898
vn 0.0019 0.7240 0.6898
vn 0.0000 0.3530 0.9356
vn -0.0016 0.3530 0.9356
vn 0.0016 0.3530 0.9356
vn 0.9715 0.2349 0.0324
vn 0.6825 -0.3960 0.6144
vn -0.0000 -0.7316 0.6817
vn 0.0000 0.8395 0.5433
vn 0.0000 0.7756 -0.6312
vn -0.0000 -0.5433 0.8395
vn 0.0000 0.4427 -0.8967
vn 0.6826 -0.4469 0.5782
vn 0.0000 0.4477 -0.8942
vn 0.1558 0.4310 -0.8888
vn -0.5196 0.6627 -0.5393
vn -0.8920 0.3795 0.2456
vn 0.6473 0.4512 0.6144
vn -0.7609 0.3548 0.5433
vn -0.7029 0.3278 -0.6312
vn 0.4924 -0.2296 0.8395
vn -0.4012 0.1871 -0.8967
vn 0.6935 0.4298 0.5782
vn -0.4058 0.1892 -0.8942
vn 0.6631 -0.3092 0.6817
vn -0.3247 0.3233 -0.8888
vn -0.8202 -0.1908 -0.5393
vn -0.7209 -0.6480 0.2456
vn 0.0704 -0.7859 0.6144
vn 0.1165 -0.8075 0.5782
vn -0.4564 0.0409 -0.8888
vn -0.3810 0.7510 -0.5393
vn 0.0330 0.9688 0.2456
vn -0.0000 0.4503 0.8929
vn 0.0000 0.7500 0.6614
vn 0.0000 0.6614 -0.7500
vn 0.0000 0.9200 0.3919
vn 0.7071 0.3184 0.6313
vn -0.7071 0.3184 0.6313
vn 0.7293 0.6842 0.0000
vn -0.7293 -0.6842 -0.0000
vn -0.0000 -0.4574 0.8893
vn 0.0000 -0.4574 -0.8893
vn 0.0000 0.6130 -0.7901
vn -0.0000 0.9930 -0.1184
vn 0.7071 0.4335 -0.5587
vn 0.7071 0.7021 -0.0837
vn 0.5953 -0.7094 0.3772
vn 0.7660 0.6428 0.0000
vn -0.7660 -0.6428 -0.0000
vn 0.6428 -0.7660 0.0000
vn 0.3025 -0.3605 -0.8824
vn 0.3802 -0.4531 0.8064
vn 0.7393 0.1661 -0.6526
vn -0.2919 -0.6993 -0.6526
vn 0.3544 -0.4223 -0.8343
vn 0.3778 -0.4502 0.8090
vn 0.4545 -0.5417 -0.7071
vn -0.4545 0.5417 0.7071
vn 0.1323 -0.1577 0.9786
vn -0.6290 0.7496 -0.2059
vn 0.5012 -0.5973 0.6261
vn -0.6329 0.7543 -0.1745
vn 0.4545 -0.5417 0.7071
vn -0.1122 0.1337 -0.9846
vn 0.2089 -0.9779 0.0000
vn 0.2089 0.9779 0.0000
vn 0.6948 0.4113 0.5900
vn 0.1380 0.3228 0.9364
vn 0.2059 -0.5596 -0.8028
vn 0.1311 0.6264 -0.7684
vn 0.1294 0.0000 0.9916
vn 0.4834 -0.5532 0.6785
vn 0.7011 -0.7131 0.0000
vn 0.2059 -0.5596 0.8028
vn 0.1294 0.0000 -0.9916
vn 0.4771 0.0000 0.8788
vn 0.5082 -0.2807 -0.8142
vn 0.7011 0.7131 0.0000
vn 0.6948 0.4113 -0.5900
vn 0.4771 0.0000 -0.8788
vn 0.0000 -0.9980 -0.0640
vn 0.9877 -0.1561 -0.0100
vn -0.9877 -0.1561 -0.0100
vn 0.1663 -0.9835 0.0718
vn 0.1663 0.9835 -0.0718
vn -0.0000 0.0728 0.9973
vn 0.0000 -0.0728 -0.9973
vn 0.5736 0.8132 -0.0984
vn 0.8328 -0.5496 0.0665
vn 0.0952 0.2534 0.9627
vn -0.8050 0.5889 -0.0713
vn -0.1457 -0.3228 -0.9352
vn 0.0952 0.0166 -0.9953
vn -0.8192 0.5694 -0.0689
vn -0.1457 -0.0904 0.9852
vn 0.8192 -0.5694 0.0689
vn 0.7036 -0.7106 -0.0000
vn 0.7036 0.7106 0.0000
vn -0.7036 0.7106 0.0000
vn -0.7036 -0.7106 0.0000
vn -0.7254 -0.6884 -0.0001
vn -0.7254 -0.6884 0.0001
vn -0.7071 0.7042 -0.0643
vn -0.6562 -0.6221 -0.4270
vn 0.7250 0.6887 0.0000
vn 0.7086 -0.7056 -0.0000
vn 0.0031 0.8978 -0.4404
vn -0.7071 0.4705 -0.5278
vn -0.7071 0.2321 0.6679
vn -0.7071 0.7021 -0.0841
vn -0.9740 0.0000 -0.2266
vn 0.7371 -0.6758 -0.0000
vn -0.7371 0.6758 0.0000
vn 0.8013 0.5982 -0.0000
vn -0.8013 -0.5982 0.0000
vn 0.7422 0.6702 -0.0000
vn -0.7422 -0.6702 0.0000
vn -0.6473 0.7622 0.0000
vn -0.0002 -0.6685 -0.7437
vn -0.7071 0.0000 -0.7071
vn -0.0002 -0.6685 0.7437
vn -0.7071 0.0000 0.7071
vn -0.0002 0.6685 -0.7437
vn -0.0002 0.6685 0.7437
vn -0.4929 -0.5798 -0.6487
vn -0.4929 -0.5798 0.6487
vn -0.4929 0.5798 -0.6487
vn -0.4929 0.5798 0.6487
vn -0.6473 -0.7622 0.0000
vn -0.5963 0.8028 -0.0000
vn -0.6028 0.7975 -0.0228
vn -0.5693 0.7664 -0.2977
vn -0.6211 0.4827 0.6175
vn -0.6238 0.4836 0.6141
vn -0.6237 0.4836 0.6142
vn -0.6210 0.4827 0.6176
vn -0.6230 0.4643 0.6295
vn -0.6217 0.4725 0.6246
vn -0.6218 0.4722 0.6249
vn -0.6262 0.4836 0.6115
vn -0.6264 0.4834 0.6116
vn -0.6159 0.4985 0.6101
vn -0.6280 0.4791 -0.6132
vn -0.7225 0.4256 -0.5448
vn -0.6684 0.4579 -0.5861
vn 0.5058 -0.5311 0.6798
vn 0.4559 -0.5480 0.7013
vn 0.3805 -0.5694 0.7287
vn 0.0475 -0.6150 0.7871
vn 0.2147 -0.6013 0.7696
vn -0.3419 -0.5786 0.7405
vn -0.1947 -0.6039 0.7729
vn -0.6678 -0.4583 0.5866
vn -0.5812 -0.5010 0.6412
vn -0.8347 -0.3390 0.4339
vn -0.8165 -0.3554 0.4549
vn -0.9157 -0.2475 0.3167
vn -0.9918 -0.0788 0.1008
vn -0.9886 -0.0929 0.1189
vn -0.9209 -0.2401 0.3072
vn -0.9725 0.1432 -0.1834
vn -0.9872 0.0983 -0.1259
vn -0.8283 0.3449 -0.4415
vn -0.8885 0.2825 -0.3616
vn 0.5920 -0.5352 -0.6026
vn 0.5927 -0.5328 -0.6040
vn 0.5928 -0.5327 -0.6041
vn 0.5934 -0.5295 -0.6062
vn 0.5929 -0.5290 -0.6071
vn 0.5925 -0.5288 -0.6077
vn 0.5927 -0.5281 -0.6081
vn -0.7766 0.3106 0.5481
vn -0.9199 -0.2384 -0.3113
vn -0.7277 0.6087 0.3163
vn -0.0990 -0.9874 0.1232
vn -0.1305 -0.9895 0.0614
vn -0.2704 -0.9522 -0.1422
vn -0.2999 -0.9393 -0.1666
vn 0.0823 -0.9671 0.2405
vn 0.3534 -0.9241 0.1454
vn 0.5007 -0.8616 0.0836
vn 0.6028 -0.7971 0.0357
vn 0.6798 -0.7334 -0.0038
vn 0.7047 -0.7093 -0.0169
vn -0.4245 -0.8524 -0.3053
vn -0.4154 -0.8615 -0.2921
vn -0.5647 -0.6966 -0.4425
vn -0.6457 -0.5761 -0.5011
vn -0.4140 -0.3632 -0.8347
vn -0.6368 -0.4232 -0.6445
vn -0.0981 -0.2482 -0.9637
vn -0.2349 -0.3015 -0.9241
vn 0.0679 -0.1824 -0.9809
vn 0.0257 -0.1985 -0.9798
vn 0.7269 -0.6861 -0.0290
vn 0.1084 -0.1665 -0.9801
vn -0.8036 0.0724 0.5907
vn -0.8094 0.0756 0.5823
vn -0.7349 0.0076 0.6781
vn -0.6681 -0.0650 0.7412
vn -0.5206 -0.0833 0.8497
vn -0.5306 -0.0876 0.8431
vn -0.3584 -0.0188 0.9334
vn -0.3362 -0.0106 0.9417
vn -0.2080 0.0307 0.9776
vn -0.1799 0.0376 0.9830
vn -0.9444 0.0473 0.3253
vn -0.9433 0.1458 0.2981
vn -0.8551 0.0693 0.5138
vn -0.9209 -0.0193 0.3892
vn -0.9212 0.3009 0.2467
vn -0.9167 0.3196 0.2397
vn -0.8687 0.4608 0.1816
vn -0.8737 0.4492 0.1868
vn -0.8097 0.5517 0.2002
vn -0.8214 0.5399 0.1836
vn -0.7879 0.5716 0.2292
vn -0.1342 0.0487 0.9898
vn -0.9943 0.0655 -0.0839
vn -0.9715 0.2349 0.0324
vn -0.6825 -0.3960 0.6144
vn -0.6826 -0.4469 0.5782
vn -0.1558 0.4310 -0.8888
vn 0.5196 0.6627 -0.5393
vn 0.8920 0.3795 0.2456
vn -0.6473 0.4512 0.6144
vn 0.7609 0.3548 0.5433
vn 0.7029 0.3278 -0.6312
vn -0.4924 -0.2296 0.8395
vn 0.4012 0.1871 -0.8967
vn -0.6935 0.4298 0.5782
vn 0.4058 0.1892 -0.8942
vn -0.6631 -0.3092 0.6817
vn 0.3247 0.3233 -0.8888
vn 0.8202 -0.1908 -0.5393
vn 0.7209 -0.6480 0.2456
vn -0.0704 -0.7859 0.6144
vn -0.1165 -0.8075 0.5782
vn 0.4564 0.0409 -0.8888
vn 0.3810 0.7510 -0.5393
vn -0.0330 0.9688 0.2456
vn -0.7293 0.6842 0.0000
vn 0.7293 -0.6842 0.0000
vn -0.7071 0.4335 -0.5587
vn -0.7071 0.7021 -0.0837
vn -0.5953 -0.7094 0.3772
vn -0.7660 0.6428 0.0000
vn 0.7660 -0.6428 -0.0000
vn -0.6428 -0.7660 0.0000
vn -0.3025 -0.3605 -0.8824
vn -0.3802 -0.4531 0.8064
vn -0.7393 0.1661 -0.6526
vn 0.2919 -0.6993 -0.6526
vn -0.3544 -0.4223 -0.8343
vn -0.3778 -0.4502 0.8090
vn -0.4545 -0.5417 -0.7071
vn 0.4545 0.5417 0.7071
vn -0.1323 -0.1577 0.9786
vn 0.6290 0.7496 -0.2059
vn -0.5012 -0.5973 0.6261
vn 0.6329 0.7543 -0.1745
vn -0.4545 -0.5417 0.7071
vn 0.1122 0.1337 -0.9846
vn -0.2089 -0.9779 0.0000
vn -0.2089 0.9779 0.0000
vn -0.6948 0.4113 0.5900
vn -0.1380 0.3228 0.9364
vn -0.2059 -0.5596 -0.8028
vn -0.1311 0.6264 -0.7684
vn -0.1294 0.0000 0.9916
vn -0.4834 -0.5532 0.6785
vn -0.7011 -0.7131 0.0000
vn -0.2059 -0.5596 0.8028
vn -0.1294 0.0000 -0.9916
vn -0.4771 0.0000 0.8788
vn -0.5082 -0.2807 -0.8142
vn -0.7011 0.7131 0.0000
vn -0.6948 0.4113 -0.5900
vn -0.4771 0.0000 -0.8788
vn -0.1663 -0.9835 0.0718
vn -0.1663 0.9835 -0.0718
vn -0.5736 0.8132 -0.0984
vn -0.8328 -0.5496 0.0665
vn -0.0952 0.2534 0.9627
vn 0.8050 0.5889 -0.0713
vn 0.1457 -0.3228 -0.9352
vn -0.0952 0.0166 -0.9953
vn 0.8192 0.5694 -0.0689
vn 0.1457 -0.0904 0.9852
vn -0.8192 -0.5694 0.0689
s 1
f 23/1/1 24/2/2 56/3/2 55/4/1
f 10/5/3 11/6/4 43/7/4 42/8/3
f 24/2/2 25/9/5 57/10/5 56/3/2
f 11/6/4 12/11/6 44/12/6 43/7/4
f 25/9/5 26/13/7 58/14/7 57/10/5
f 12/11/6 13/15/8 45/16/8 44/12/6
f 26/13/7 27/17/9 59/18/9 58/14/7
f 13/15/8 14/19/10 46/20/10 45/16/8
f 27/17/9 28/21/11 60/22/11 59/18/9
f 14/19/10 15/23/12 47/24/12 46/20/10
f 1/25/13 2/26/14 34/27/14 33/28/13
f 28/21/11 29/29/15 61/30/15 60/22/11
f 15/23/12 16/31/16 48/32/16 47/24/12
f 2/26/14 3/33/17 35/34/17 34/27/14
f 29/29/15 30/35/18 62/36/18 61/30/15
f 16/31/16 17/37/19 49/38/19 48/32/16
f 3/33/17 4/39/20 36/40/20 35/34/17
f 30/35/18 31/41/21 63/42/21 62/36/18
f 17/37/19 18/43/22 50/44/22 49/38/19
f 4/39/20 5/45/23 37/46/23 36/40/20
f 31/41/21 32/47/24 64/48/24 63/42/21
f 18/43/22 19/49/25 51/50/25 50/44/22
f 5/45/23 6/51/26 38/52/26 37/46/23
f 32/47/24 1/25/13 33/28/13 64/48/24
f 19/49/25 20/53/27 52/54/27 51/50/25
f 6/51/26 7/55/28 39/56/28 38/52/26
f 20/53/27 21/57/29 53/58/29 52/54/27
f 7/55/28 8/59/30 40/60/30 39/56/28
f 21/57/29 22/61/31 54/62/31 53/58/29
f 8/59/30 9/63/32 41/64/32 40/60/30
f 22/61/31 23/1/1 55/4/1 54/62/31
f 9/63/32 10/5/3 42/8/3 41/64/32
s off
f 1038/65/33 1040/66/33 1039/67/33 1037/68/33
f 1036/69/34 1040/66/34 1038/65/34 1034/70/34
f 1033/71/35 1037/68/35 1039/67/35 1035/72/35
f 1694/73/36 1693/74/36 1695/75/36 1696/76/36
f 1692/77/37 1690/78/37 1694/73/37 1696/76/37
f 1689/79/38 1691/80/38 1695/75/38 1693/74/38
s 2
f 39/56/39 40/60/39 72/81/39 71/82/39
f 53/58/39 54/62/39 86/83/39 85/84/39
f 40/60/39 41/64/39 73/85/39 72/81/39
f 54/62/39 55/4/39 87/86/39 86/83/39
f 41/64/39 42/8/39 74/87/39 73/85/39
f 55/4/39 56/3/39 88/88/39 87/86/39
f 42/8/39 43/7/39 75/89/39 74/87/39
f 56/3/39 57/10/39 89/90/39 88/88/39
f 43/7/39 44/12/39 76/91/39 75/89/39
f 57/10/39 58/14/39 90/92/39 89/90/39
f 44/12/39 45/16/39 77/93/39 76/91/39
f 58/14/39 59/18/39 91/94/39 90/92/39
f 45/16/39 46/20/39 78/95/39 77/93/39
f 59/18/39 60/22/39 92/96/39 91/94/39
f 46/20/39 47/24/39 79/97/39 78/95/39
f 33/28/39 34/27/39 66/98/39 65/99/39
f 60/22/39 61/30/39 93/100/39 92/96/39
f 47/24/39 48/32/39 80/101/39 79/97/39
f 34/27/39 35/34/39 67/102/39 66/98/39
f 61/30/39 62/36/39 94/103/39 93/100/39
f 48/32/39 49/38/39 81/104/39 80/101/39
f 35/34/39 36/40/39 68/105/39 67/102/39
f 62/36/39 63/42/39 95/106/39 94/103/39
f 49/38/39 50/44/39 82/107/39 81/104/39
f 36/40/39 37/46/39 69/108/39 68/105/39
f 63/42/39 64/48/39 96/109/39 95/106/39
f 50/44/39 51/50/39 83/110/39 82/107/39
f 37/46/39 38/52/39 70/111/39 69/108/39
f 64/48/39 33/28/39 65/99/39 96/109/39
f 51/50/39 52/54/39 84/112/39 83/110/39
f 38/52/39 39/56/39 71/82/39 70/111/39
f 52/54/39 53/58/39 85/84/39 84/112/39
s 3
f 17/113/40 16/114/40 112/115/40 113/116/40
f 4/117/40 3/118/40 99/119/40 100/120/40
f 31/121/40 30/122/40 126/123/40 127/124/40
f 18/125/40 17/113/40 113/116/40 114/126/40
f 5/127/40 4/117/40 100/120/40 101/128/40
f 32/129/40 31/121/40 127/124/40 128/130/40
f 19/131/40 18/125/40 114/126/40 115/132/40
f 6/133/40 5/127/40 101/128/40 102/134/40
f 1/135/40 32/129/40 128/130/40 97/136/40
f 20/137/40 19/131/40 115/132/40 116/138/40
f 7/139/40 6/133/40 102/134/40 103/140/40
f 21/141/40 20/137/40 116/138/40 117/142/40
f 8/143/40 7/139/40 103/140/40 104/144/40
f 22/145/40 21/141/40 117/142/40 118/146/40
f 9/147/40 8/143/40 104/144/40 105/148/40
f 23/149/40 22/145/40 118/146/40 119/150/40
f 10/151/40 9/147/40 105/148/40 106/152/40
f 24/153/40 23/149/40 119/150/40 120/154/40
f 11/155/40 10/151/40 106/152/40 107/156/40
f 25/157/40 24/153/40 120/154/40 121/158/40
f 12/159/40 11/155/40 107/156/40 108/160/40
f 26/161/40 25/157/40 121/158/40 122/162/40
f 13/163/40 12/159/40 108/160/40 109/164/40
f 27/165/40 26/161/40 122/162/40 123/166/40
f 14/167/40 13/163/40 109/164/40 110/168/40
f 28/169/40 27/165/40 123/166/40 124/170/40
f 15/171/40 14/167/40 110/168/40 111/172/40
f 2/173/40 1/135/40 97/136/40 98/174/40
f 29/175/40 28/169/40 124/170/40 125/176/40
f 16/114/40 15/171/40 111/172/40 112/115/40
f 3/118/40 2/173/40 98/174/40 99/119/40
f 30/122/40 29/175/40 125/176/40 126/123/40
s 4
f 127/124/41 126/123/42 158/177/42 159/178/41
f 114/126/43 113/116/44 145/179/44 146/180/43
f 101/128/45 100/120/46 132/181/46 133/182/45
f 128/130/47 127/124/41 159/178/41 160/183/47
f 115/132/48 114/126/43 146/180/43 147/184/48
f 102/134/49 101/128/45 133/182/45 134/185/49
f 97/136/50 128/130/47 160/183/47 129/186/50
f 116/138/51 115/132/48 147/184/48 148/187/51
f 103/140/52 102/134/49 134/185/49 135/188/52
f 117/142/53 116/138/51 148/187/51 149/189/53
f 104/144/54 103/140/52 135/188/52 136/190/54
f 118/146/55 117/142/53 149/189/53 150/191/55
f 105/148/56 104/144/54 136/190/54 137/192/56
f 119/150/57 118/146/55 150/191/55 151/193/57
f 106/152/58 105/148/56 137/192/56 138/194/58
f 120/154/59 119/150/57 151/193/57 152/195/59
f 107/156/60 106/152/58 138/194/58 139/196/60
f 121/158/61 120/154/59 152/195/59 153/197/61
f 108/160/62 107/156/60 139/196/60 140/198/62
f 122/162/63 121/158/61 153/197/61 154/199/63
f 109/164/64 108/160/62 140/198/62 141/200/64
f 123/166/65 122/162/63 154/199/63 155/201/65
f 110/168/66 109/164/64 141/200/64 142/202/66
f 124/170/67 123/166/65 155/201/65 156/203/67
f 111/172/68 110/168/66 142/202/66 143/204/68
f 98/174/69 97/136/50 129/186/50 130/205/69
f 125/176/70 124/170/67 156/203/67 157/206/70
f 112/115/71 111/172/68 143/204/68 144/207/71
f 99/119/72 98/174/69 130/205/69 131/208/72
f 126/123/42 125/176/70 157/206/70 158/177/42
f 113/116/44 112/115/71 144/207/71 145/179/44
f 100/120/46 99/119/72 131/208/72 132/181/46
s 5
f 183/209/73 184/210/74 216/211/74 215/212/73
f 170/213/75 171/214/76 203/215/76 202/216/75
f 184/210/74 185/217/77 217/218/77 216/211/74
f 171/214/76 172/219/78 204/220/78 203/215/76
f 185/217/77 186/221/79 218/222/79 217/218/77
f 172/219/78 173/223/80 205/224/80 204/220/78
f 186/221/79 187/225/81 219/226/81 218/222/79
f 173/223/80 174/227/82 206/228/82 205/224/80
f 187/225/81 188/229/83 220/230/83 219/226/81
f 174/227/82 175/231/84 207/232/84 206/228/82
f 161/233/85 162/234/86 194/235/86 193/236/85
f 188/229/83 189/237/87 221/238/87 220/230/83
f 175/231/84 176/239/88 208/240/88 207/232/84
f 162/234/86 163/241/89 195/242/89 194/235/86
f 189/237/87 190/243/90 222/244/90 221/238/87
f 176/239/88 177/245/91 209/246/91 208/240/88
f 163/241/89 164/247/92 196/248/92 195/242/89
f 190/243/90 191/249/93 223/250/93 222/244/90
f 177/251/91 178/252/94 210/253/94 209/254/91
f 164/247/92 165/255/95 197/256/95 196/248/92
f 191/249/93 192/257/96 224/258/96 223/250/93
f 178/252/94 179/259/97 211/260/97 210/253/94
f 165/255/95 166/261/98 198/262/98 197/256/95
f 192/257/96 161/233/85 193/236/85 224/258/96
f 179/259/97 180/263/99 212/264/99 211/260/97
f 166/261/98 167/265/100 199/266/100 198/262/98
f 180/263/99 181/267/101 213/268/101 212/264/99
f 167/265/100 168/269/102 200/270/102 199/266/100
f 181/267/101 182/271/103 214/272/103 213/268/101
f 168/269/102 169/273/104 201/274/104 200/270/102
f 182/271/103 183/209/73 215/212/73 214/272/103
f 169/273/104 170/213/75 202/216/75 201/274/104
s 6
f 213/268/39 214/272/39 246/275/39 245/276/39
f 200/270/39 201/274/39 233/277/39 232/278/39
f 214/272/39 215/212/39 247/279/39 246/280/39
f 201/274/39 202/216/39 234/281/39 233/282/39
f 215/212/39 216/211/39 248/283/39 247/284/39
f 202/216/39 203/215/39 235/285/39 234/286/39
f 216/211/39 217/218/39 249/287/39 248/288/39
f 203/215/39 204/220/39 236/289/39 235/290/39
f 217/218/39 218/222/39 250/291/39 249/292/39
f 204/220/39 205/224/39 237/293/39 236/294/39
f 218/222/39 219/226/39 251/295/39 250/296/39
f 205/224/39 206/228/39 238/297/39 237/298/39
f 219/226/39 220/230/39 252/299/39 251/300/39
f 206/228/39 207/232/39 239/301/39 238/302/39
f 193/236/39 194/235/39 226/303/39 225/304/39
f 220/230/39 221/238/39 253/305/39 252/306/39
f 207/232/39 208/240/39 240/307/39 239/308/39
f 194/235/39 195/242/39 227/309/39 226/310/39
f 221/238/39 222/244/39 254/311/39 253/312/39
f 208/240/39 209/246/39 241/313/39 240/314/39
f 195/242/39 196/248/39 228/315/39 227/316/39
f 222/244/39 223/250/39 255/317/39 254/318/39
f 209/254/39 210/253/39 242/319/39 241/320/39
f 196/248/39 197/256/39 229/321/39 228/322/39
f 223/250/39 224/258/39 256/323/39 255/324/39
f 210/253/39 211/260/39 243/325/39 242/326/39
f 197/256/39 198/262/39 230/327/39 229/328/39
f 224/258/39 193/236/39 225/329/39 256/330/39
f 211/260/39 212/264/39 244/331/39 243/332/39
f 198/262/39 199/266/39 231/333/39 230/334/39
f 212/264/39 213/268/39 245/335/39 244/336/39
f 199/266/39 200/270/39 232/337/39 231/338/39
s 7
f 248/339/102 249/340/104 281/341/104 280/342/102
f 235/343/81 236/344/83 268/345/83 267/346/81
f 249/340/104 250/347/75 282/348/75 281/341/104
f 236/344/83 237/349/87 269/350/87 268/345/83
f 250/347/75 251/351/76 283/352/76 282/348/75
f 237/349/87 238/353/90 270/354/90 269/350/87
f 251/351/76 252/355/78 284/356/78 283/352/76
f 238/353/90 239/357/93 271/358/93 270/354/90
f 225/359/91 226/360/94 258/361/94 257/362/91
f 252/355/78 253/363/80 285/364/80 284/356/78
f 239/357/93 240/365/96 272/366/96 271/358/93
f 226/360/94 227/367/97 259/368/97 258/361/94
f 253/363/80 254/369/82 286/370/82 285/364/80
f 240/365/96 241/371/85 273/372/85 272/366/96
f 227/367/97 228/373/99 260/374/99 259/368/97
f 254/369/82 255/375/84 287/376/84 286/370/82
f 241/371/85 242/377/86 274/378/86 273/372/85
f 228/373/99 229/379/101 261/380/101 260/374/99
f 255/375/84 256/381/88 288/382/88 287/376/84
f 242/377/86 243/383/89 275/384/89 274/378/86
f 229/379/101 230/385/103 262/386/103 261/380/101
f 256/381/88 225/387/91 257/388/91 288/382/88
f 243/383/89 244/389/92 276/390/92 275/384/89
f 230/385/103 231/391/73 263/392/73 262/386/103
f 244/389/92 245/393/95 277/394/95 276/390/92
f 231/391/73 232/395/74 264/396/74 263/392/73
f 245/393/95 246/397/98 278/398/98 277/394/95
f 232/395/74 233/399/77 265/400/77 264/396/74
f 246/397/98 247/401/100 279/402/100 278/398/98
f 233/399/77 234/403/79 266/404/79 265/400/77
f 247/401/100 248/339/102 280/342/102 279/402/100
f 234/403/79 235/343/81 267/346/81 266/404/79
s 8
f 297/405/105 329/406/106 328/407/107 296/408/108
f 311/409/109 343/410/110 342/411/111 310/412/112
f 298/413/113 330/414/114 329/406/106 297/405/105
f 312/415/115 344/416/116 343/410/110 311/409/109
f 299/417/117 331/418/118 330/414/114 298/413/113
f 313/419/119 345/420/120 344/416/116 312/415/115
f 300/421/121 332/422/122 331/418/118 299/417/117
f 314/423/123 346/424/124 345/420/120 313/419/119
f 301/425/125 333/426/126 332/422/122 300/421/121
f 315/427/127 347/428/128 346/424/124 314/423/123
f 302/429/129 334/430/130 333/426/126 301/425/125
f 316/431/131 348/432/132 347/428/128 315/427/127
f 303/433/133 335/434/134 334/430/130 302/429/129
f 290/435/135 322/436/136 321/437/137 289/438/138
f 317/439/139 349/440/140 348/432/132 316/431/131
f 304/441/141 336/442/142 335/434/134 303/433/133
f 291/443/143 323/444/144 322/436/136 290/435/135
f 318/445/145 350/446/146 349/440/140 317/439/139
f 305/447/147 337/448/148 336/442/142 304/441/141
f 292/449/149 324/450/150 323/444/144 291/443/143
f 319/451/151 351/452/152 350/446/146 318/445/145
f 306/453/153 338/454/154 337/448/148 305/447/147
f 293/455/155 325/456/156 324/450/150 292/449/149
f 320/457/157 352/458/158 351/452/152 319/451/151
f 307/459/159 339/460/160 338/454/154 306/453/153
f 294/461/161 326/462/162 325/456/156 293/455/155
f 289/438/138 321/437/137 352/458/158 320/457/157
f 308/463/163 340/464/164 339/460/160 307/459/159
f 295/465/165 327/466/166 326/462/162 294/461/161
f 309/467/167 341/468/168 340/464/164 308/463/163
f 296/408/108 328/407/107 327/466/166 295/465/165
f 310/412/112 342/411/111 341/468/168 309/467/167
f 337/448/148 369/469/169 368/470/170 336/442/142
f 324/450/150 356/471/171 355/472/172 323/444/144
f 351/452/152 383/473/173 382/474/174 350/446/146
f 338/454/154 370/475/175 369/469/169 337/448/148
f 325/456/156 357/476/176 356/471/171 324/450/150
f 352/458/158 384/477/177 383/473/173 351/452/152
f 339/460/160 371/478/178 370/475/175 338/454/154
f 326/462/162 358/479/179 357/476/176 325/456/156
f 321/437/137 353/480/180 384/477/177 352/458/158
f 340/464/164 372/481/181 371/478/178 339/460/160
f 327/466/166 359/482/182 358/479/179 326/462/162
f 341/468/168 373/483/183 372/481/181 340/464/164
f 328/407/107 360/484/184 359/482/182 327/466/166
f 342/411/111 374/485/185 373/483/183 341/468/168
f 329/406/106 361/486/186 360/484/184 328/407/107
f 343/410/110 375/487/187 374/485/185 342/411/111
f 330/414/114 362/488/188 361/486/186 329/406/106
f 344/416/116 376/489/189 375/487/187 343/410/110
f 331/418/118 363/490/190 362/488/188 330/414/114
f 345/420/120 377/491/191 376/489/189 344/416/116
f 332/422/122 364/492/192 363/490/190 331/418/118
f 346/424/124 378/493/193 377/491/191 345/420/120
f 333/426/126 365/494/194 364/492/192 332/422/122
f 347/428/128 379/495/195 378/493/193 346/424/124
f 334/430/130 366/496/196 365/494/194 333/426/126
f 348/432/132 380/497/197 379/495/195 347/428/128
f 335/434/134 367/498/198 366/496/196 334/430/130
f 322/436/136 354/499/199 353/480/180 321/437/137
f 349/440/140 381/500/200 380/497/197 348/432/132
f 336/442/142 368/470/170 367/498/198 335/434/134
f 323/444/144 355/472/172 354/499/199 322/436/136
f 350/446/146 382/474/174 381/500/200 349/440/140
f 372/481/181 404/501/201 403/502/202 371/478/178
f 359/482/182 391/503/203 390/504/204 358/479/179
f 373/483/183 405/505/205 404/501/201 372/481/181
f 360/484/184 392/506/206 391/503/203 359/482/182
f 374/485/185 406/507/207 405/505/205 373/483/183
f 361/486/186 393/508/208 392/506/206 360/484/184
f 375/487/187 407/509/209 406/507/207 374/485/185
f 362/488/188 394/510/210 393/508/208 361/486/186
f 376/489/189 408/511/211 407/509/209 375/487/187
f 363/490/190 395/512/212 394/510/210 362/488/188
f 377/491/191 409/513/213 408/511/211 376/489/189
f 364/492/192 396/514/214 395/512/212 363/490/190
f 378/493/193 410/515/215 409/513/213 377/491/191
f 365/494/194 397/516/216 396/514/214 364/492/192
f 379/495/195 411/517/217 410/515/215 378/493/193
f 366/496/196 398/518/218 397/516/216 365/494/194
f 380/497/197 412/519/219 411/517/217 379/495/195
f 367/498/198 399/520/220 398/518/218 366/496/196
f 354/499/199 386/521/221 385/522/222 353/480/180
f 381/500/200 413/523/223 412/519/219 380/497/197
f 368/470/170 400/524/224 399/520/220 367/498/198
f 355/472/172 387/525/225 386/521/221 354/499/199
f 382/474/174 414/526/226 413/523/223 381/500/200
f 369/469/169 401/527/227 400/524/224 368/470/170
f 356/471/171 388/528/228 387/525/225 355/472/172
f 383/473/173 415/529/229 414/526/226 382/474/174
f 370/475/175 402/530/230 401/527/227 369/469/169
f 357/476/176 389/531/231 388/528/228 356/471/171
f 384/477/177 416/532/232 415/529/229 383/473/173
f 371/478/178 403/502/202 402/530/230 370/475/175
f 358/479/179 390/504/204 389/531/231 357/476/176
f 353/480/180 385/522/222 416/532/232 384/477/177
f 407/509/209 417/533/39 406/507/207
f 394/510/210 417/533/39 393/508/208
f 408/511/211 417/533/39 407/509/209
f 395/512/212 417/533/39 394/510/210
f 409/513/213 417/533/39 408/511/211
f 396/514/214 417/533/39 395/512/212
f 410/515/215 417/533/39 409/513/213
f 397/516/216 417/533/39 396/514/214
f 411/517/217 417/533/39 410/515/215
f 398/518/218 417/533/39 397/516/216
f 412/519/219 417/533/39 411/517/217
f 399/520/220 417/533/39 398/518/218
f 386/521/221 417/533/39 385/522/222
f 413/523/223 417/533/39 412/519/219
f 400/524/224 417/533/39 399/520/220
f 387/525/225 417/533/39 386/521/221
f 414/526/226 417/533/39 413/523/223
f 401/527/227 417/533/39 400/524/224
f 388/528/228 417/533/39 387/525/225
f 415/529/229 417/533/39 414/526/226
f 402/530/230 417/533/39 401/527/227
f 389/531/231 417/533/39 388/528/228
f 416/532/232 417/533/39 415/529/229
f 403/502/202 417/533/39 402/530/230
f 390/504/204 417/533/39 389/531/231
f 385/522/222 417/533/39 416/532/232
f 404/501/201 417/533/39 403/502/202
f 391/503/203 417/533/39 390/504/204
f 405/505/205 417/533/39 404/501/201
f 392/506/206 417/533/39 391/503/203
f 406/507/207 417/533/39 405/505/205
f 393/508/208 417/533/39 392/506/206
s 9
f 440/534/233 441/535/234 473/536/234 472/537/233
f 427/538/235 428/539/236 460/540/236 459/541/235
f 441/535/234 442/542/237 474/543/237 473/536/234
f 428/539/236 429/544/238 461/545/238 460/540/236
f 442/542/237 443/546/239 475/547/239 474/543/237
f 429/544/238 430/548/240 462/549/240 461/545/238
f 443/546/239 444/550/241 476/551/241 475/547/239
f 430/548/240 431/552/242 463/553/242 462/549/240
f 444/550/241 445/554/243 477/555/243 476/551/241
f 431/552/242 432/556/244 464/557/244 463/553/242
f 418/558/245 419/559/246 451/560/246 450/561/245
f 445/554/243 446/562/247 478/563/247 477/555/243
f 432/556/244 433/564/248 465/565/248 464/557/244
f 419/559/246 420/566/249 452/567/249 451/560/246
f 446/562/247 447/568/250 479/569/250 478/563/247
f 433/564/248 434/570/251 466/571/251 465/565/248
f 420/566/249 421/572/252 453/573/252 452/567/249
f 447/568/250 448/574/253 480/575/253 479/569/250
f 434/570/251 435/576/254 467/577/254 466/571/251
f 421/572/252 422/578/255 454/579/255 453/573/252
f 448/574/253 449/580/256 481/581/256 480/575/253
f 435/576/254 436/582/257 468/583/257 467/577/254
f 422/578/255 423/584/258 455/585/258 454/579/255
f 449/580/256 418/558/245 450/561/245 481/581/256
f 436/582/257 437/586/259 469/587/259 468/583/257
f 423/584/258 424/588/260 456/589/260 455/585/258
f 437/586/259 438/590/261 470/591/261 469/587/259
f 424/588/260 425/592/262 457/593/262 456/589/260
f 438/590/261 439/594/263 471/595/263 470/591/261
f 425/592/262 426/596/264 458/597/264 457/593/262
f 439/594/263 440/534/233 472/537/233 471/595/263
f 426/596/264 427/538/235 459/541/235 458/597/264
s 10
f 423/598/40 422/599/40 486/600/40 487/601/40
f 418/602/40 449/603/40 513/604/40 482/605/40
f 437/606/40 436/607/40 500/608/40 501/609/40
f 424/610/40 423/598/40 487/601/40 488/611/40
f 438/612/40 437/606/40 501/609/40 502/613/40
f 425/614/40 424/610/40 488/611/40 489/615/40
f 439/616/40 438/612/40 502/613/40 503/617/40
f 426/618/40 425/614/40 489/615/40 490/619/40
f 440/620/40 439/616/40 503/617/40 504/621/40
f 427/622/40 426/618/40 490/619/40 491/623/40
f 441/624/40 440/620/40 504/621/40 505/625/40
f 428/626/40 427/622/40 491/623/40 492/627/40
f 442/628/40 441/624/40 505/625/40 506/629/40
f 429/630/40 428/626/40 492/627/40 493/631/40
f 443/632/40 442/628/40 506/629/40 507/633/40
f 430/634/40 429/630/40 493/631/40 494/635/40
f 444/636/40 443/632/40 507/633/40 508/637/40
f 431/638/40 430/634/40 494/635/40 495/639/40
f 445/640/40 444/636/40 508/637/40 509/641/40
f 432/642/40 431/638/40 495/639/40 496/643/40
f 419/644/40 418/602/40 482/605/40 483/645/40
f 446/646/40 445/640/40 509/641/40 510/647/40
f 433/648/40 432/642/40 496/643/40 497/649/40
f 420/650/40 419/644/40 483/645/40 484/651/40
f 447/652/40 446/646/40 510/647/40 511/653/40
f 434/654/40 433/648/40 497/649/40 498/655/40
f 421/656/40 420/650/40 484/651/40 485/657/40
f 448/658/40 447/652/40 511/653/40 512/659/40
f 435/660/40 434/654/40 498/655/40 499/661/40
f 422/599/40 421/656/40 485/657/40 486/600/40
f 449/603/40 448/658/40 512/659/40 513/604/40
f 436/607/40 435/660/40 499/661/40 500/608/40
s 11
f 485/657/265 484/651/266 516/662/266 517/663/265
f 512/659/267 511/653/268 543/664/268 544/665/267
f 499/661/269 498/655/270 530/666/270 531/667/269
f 486/600/271 485/657/265 517/663/265 518/668/271
f 513/604/272 512/659/267 544/665/267 545/669/272
f 500/608/273 499/661/269 531/667/269 532/670/273
f 487/601/274 486/600/271 518/668/271 519/671/274
f 482/605/275 513/604/272 545/669/272 514/672/275
f 501/609/276 500/608/273 532/670/273 533/673/276
f 488/611/277 487/601/274 519/671/274 520/674/277
f 502/613/278 501/609/276 533/673/276 534/675/278
f 489/615/279 488/611/277 520/674/277 521/676/279
f 503/617/280 502/613/278 534/675/278 535/677/280
f 490/619/281 489/615/279 521/676/279 522/678/281
f 504/621/282 503/617/280 535/677/280 536/679/282
f 491/623/283 490/619/281 522/678/281 523/680/283
f 505/625/284 504/621/282 536/679/282 537/681/284
f 492/627/285 491/623/283 523/680/283 524/682/285
f 506/629/286 505/625/284 537/681/284 538/683/286
f 493/631/287 492/627/285 524/682/285 525/684/287
f 507/633/288 506/629/286 538/683/286 539/685/288
f 494/635/289 493/631/287 525/684/287 526/686/289
f 508/637/290 507/633/288 539/685/288 540/687/290
f 495/639/291 494/635/289 526/686/289 527/688/291
f 509/641/292 508/637/290 540/687/290 541/689/292
f 496/643/293 495/639/291 527/688/291 528/690/293
f 483/645/294 482/605/275 514/672/275 515/691/294
f 510/647/295 509/641/292 541/689/292 542/692/295
f 497/649/296 496/643/293 528/690/293 529/693/296
f 484/651/266 483/645/294 515/691/294 516/662/266
f 511/653/268 510/647/295 542/692/295 543/664/268
f 498/655/270 497/649/296 529/693/296 530/666/270
s 12
f 520/694/40 519/695/40 546/696/40
f 534/697/40 533/698/40 546/696/40
f 521/699/40 520/694/40 546/696/40
f 535/700/40 534/697/40 546/696/40
f 522/701/40 521/699/40 546/696/40
f 536/702/40 535/700/40 546/696/40
f 523/703/40 522/701/40 546/696/40
f 537/704/40 536/702/40 546/696/40
f 524/705/40 523/703/40 546/696/40
f 538/706/40 537/704/40 546/696/40
f 525/707/40 524/705/40 546/696/40
f 539/708/40 538/706/40 546/696/40
f 526/709/40 525/707/40 546/696/40
f 540/710/40 539/708/40 546/696/40
f 527/711/40 526/709/40 546/696/40
f 541/712/40 540/710/40 546/696/40
f 528/713/40 527/711/40 546/696/40
f 515/714/40 514/715/40 546/696/40
f 542/716/40 541/712/40 546/696/40
f 529/717/40 528/713/40 546/696/40
f 516/718/40 515/714/40 546/696/40
f 543/719/40 542/716/40 546/696/40
f 530/720/40 529/717/40 546/696/40
f 517/721/40 516/718/40 546/696/40
f 544/722/40 543/719/40 546/696/40
f 531/723/40 530/720/40 546/696/40
f 518/724/40 517/721/40 546/696/40
f 545/725/40 544/722/40 546/696/40
f 532/726/40 531/723/40 546/696/40
f 519/695/40 518/724/40 546/696/40
f 514/715/40 545/725/40 546/696/40
f 533/698/40 532/726/40 546/696/40
s 13
f 562/727/39 594/728/39 593/729/39 561/730/39
f 549/731/39 581/732/39 580/733/39 548/734/39
f 576/735/39 608/736/39 607/737/39 575/738/39
f 563/739/39 595/740/39 594/728/39 562/727/39
f 550/741/39 582/742/39 581/732/39 549/731/39
f 577/743/39 609/744/39 608/736/39 576/735/39
f 564/745/39 596/746/39 595/740/39 563/739/39
f 551/747/39 583/748/39 582/742/39 550/741/39
f 578/749/39 610/750/39 609/744/39 577/743/39
f 565/751/39 597/752/39 596/746/39 564/745/39
f 552/753/39 584/754/39 583/748/39 551/747/39
f 547/755/39 579/756/39 610/750/39 578/749/39
f 566/757/39 598/758/39 597/752/39 565/751/39
f 553/759/39 585/760/39 584/754/39 552/753/39
f 567/761/39 599/762/39 598/758/39 566/757/39
f 554/763/39 586/764/39 585/760/39 553/759/39
f 568/765/39 600/766/39 599/762/39 567/761/39
f 555/767/39 587/768/39 586/764/39 554/763/39
f 569/769/39 601/770/39 600/766/39 568/765/39
f 556/771/39 588/772/39 587/768/39 555/767/39
f 570/773/39 602/774/39 601/770/39 569/769/39
f 557/775/39 589/776/39 588/772/39 556/771/39
f 571/777/39 603/778/39 602/774/39 570/773/39
f 558/779/39 590/780/39 589/776/39 557/775/39
f 572/781/39 604/782/39 603/778/39 571/777/39
f 559/783/39 591/784/39 590/780/39 558/779/39
f 573/785/39 605/786/39 604/782/39 572/781/39
f 560/787/39 592/788/39 591/784/39 559/783/39
f 574/789/39 606/790/39 605/786/39 573/785/39
f 561/730/39 593/729/39 592/788/39 560/787/39
f 548/734/39 580/733/39 579/756/39 547/755/39
f 575/738/39 607/737/39 606/790/39 574/789/39
s 14
f 590/791/83 591/792/87 623/793/87 622/794/83
f 604/795/75 605/796/76 637/797/76 636/798/75
f 591/792/87 592/799/90 624/800/90 623/793/87
f 605/796/76 606/801/78 638/802/78 637/797/76
f 592/799/90 593/803/93 625/804/93 624/800/90
f 579/805/91 580/806/94 612/807/94 611/808/91
f 606/801/78 607/809/80 639/810/80 638/802/78
f 593/803/93 594/811/96 626/812/96 625/804/93
f 580/806/94 581/813/97 613/814/97 612/807/94
f 607/809/80 608/815/82 640/816/82 639/810/80
f 594/811/96 595/817/85 627/818/85 626/812/96
f 581/813/97 582/819/99 614/820/99 613/814/97
f 608/815/82 609/821/84 641/822/84 640/816/82
f 595/817/85 596/823/86 628/824/86 627/818/85
f 582/819/99 583/825/101 615/826/101 614/820/99
f 609/821/84 610/827/88 642/828/88 641/822/84
f 596/823/86 597/829/89 629/830/89 628/824/86
f 583/825/101 584/831/103 616/832/103 615/826/101
f 610/827/88 579/833/91 611/834/91 642/828/88
f 597/829/89 598/835/92 630/836/92 629/830/89
f 584/831/103 585/837/73 617/838/73 616/832/103
f 598/835/92 599/839/95 631/840/95 630/836/92
f 585/837/73 586/841/74 618/842/74 617/838/73
f 599/839/95 600/843/98 632/844/98 631/840/95
f 586/841/74 587/845/77 619/846/77 618/842/74
f 600/843/98 601/847/100 633/848/100 632/844/98
f 587/845/77 588/849/79 620/850/79 619/846/77
f 601/847/100 602/851/102 634/852/102 633/848/100
f 588/849/79 589/853/81 621/854/81 620/850/79
f 602/851/102 603/855/104 635/856/104 634/852/102
f 589/853/81 590/791/83 622/794/83 621/854/81
f 603/855/104 604/795/75 636/798/75 635/856/104
s 15
f 647/857/297 650/858/297 649/859/297 648/860/297
s 16
f 643/861/77 647/857/77 648/860/77 644/862/77
s 17
f 644/863/298 648/860/298 649/859/298 645/864/298
s 18
f 645/865/104 649/859/104 650/858/104 646/866/104
s 19
f 647/857/299 643/867/299 646/868/299 650/858/299
s 20
f 655/869/300 658/870/300 657/871/300 656/872/300
s 21
f 651/873/104 655/869/104 656/872/104 652/874/104
s 22
f 652/875/301 656/872/301 657/871/301 653/876/301
s 23
f 653/877/77 657/871/77 658/870/77 654/878/77
s 24
f 655/869/302 651/879/302 654/880/302 658/870/302
s 25
f 663/881/303 666/882/303 665/883/303 664/884/303
s 26
f 659/885/304 663/881/304 664/884/304 660/886/304
s 27
f 660/887/305 664/884/305 665/883/305 661/888/305
s 28
f 661/889/306 665/883/306 666/882/306 662/890/306
s 29
f 663/881/307 659/891/307 662/892/307 666/882/307
s 30
f 671/893/308 672/894/308 673/895/308 674/896/308
s 31
f 667/897/309 668/898/309 672/894/309 671/893/309
s 32
f 668/899/310 669/900/310 673/895/310 672/894/310
s 33
f 669/901/311 670/902/311 674/896/311 673/895/311
s 34
f 671/893/312 674/896/312 670/903/312 667/904/312
s 35
f 687/905/91 684/906/91 1273/907/91 1269/908/91
f 1287/909/91 1269/908/91 1273/907/91 1284/910/91
s 36
f 690/911/313 1271/912/313 1272/913/313 682/914/313
f 1290/915/313 1282/916/313 1272/913/313 1271/912/313
s 37
f 684/906/314 685/917/314 1274/918/314 1273/907/314
f 1284/910/314 1273/907/314 1274/918/314 1285/919/314
s 38
f 685/917/91 677/920/91 1270/921/91 1274/918/91
f 1285/919/91 1274/918/91 1270/921/91 1277/922/91
s 39
f 676/923/85 1292/924/85 1293/925/85 691/926/85
f 1276/927/85 1295/928/85 1293/925/85 1292/924/85
s 40
f 686/929/315 678/930/315 677/920/315 685/917/315
s 41
f 688/931/316 683/932/316 684/906/316 687/905/316
s 42
f 690/911/317 682/914/317 681/933/317 689/934/317
s 43
f 683/935/318 686/929/318 685/936/318 684/937/318
s 44
f 695/938/77 689/934/77 681/933/77
f 697/939/77 695/938/77 681/933/77
f 686/929/77 681/933/77 678/930/77
f 683/935/77 681/933/77 686/929/77
f 688/940/77 697/939/77 681/933/77 683/935/77
s 45
f 676/941/40 675/942/40 688/931/40 687/905/40
f 1292/943/40 676/944/40 687/905/40 1269/908/40
f 675/945/40 698/946/40 697/939/40 688/940/40
f 1276/947/40 1287/909/40 1288/948/40 1275/949/40
f 1292/943/40 1269/908/40 1287/909/40 1276/950/40
f 1275/951/40 1288/952/40 1301/953/40 1302/954/40
s 46
f 680/955/40 679/956/40 690/911/40 689/934/40
f 696/957/40 680/958/40 689/934/40 695/938/40
f 679/959/40 1291/960/40 1271/912/40 690/911/40
f 1280/961/40 1289/962/40 1290/915/40 1279/963/40
f 1300/964/40 1299/965/40 1289/962/40 1280/966/40
f 1279/967/40 1290/915/40 1271/912/40 1291/960/40
s 47
f 1294/968/40 692/969/40 1293/970/40
f 1294/968/40 694/971/40 693/972/40
f 693/972/40 692/969/40 1294/968/40
f 692/969/40 691/973/40 1293/970/40
f 1294/968/40 1293/970/40 1296/974/40
f 1294/968/40 1297/975/40 1298/976/40
f 1297/975/40 1294/968/40 1296/974/40
f 1296/974/40 1293/970/40 1295/977/40
s 48
f 698/978/104 675/979/104 692/969/104
f 680/980/104 696/981/104 692/969/104 693/972/104
f 696/981/104 698/978/104 692/969/104
s 49
f 675/979/319 676/923/319 691/926/319 692/969/319
s 50
f 1291/982/91 679/983/91 694/984/91 1294/985/91
f 1291/982/91 1294/985/91 1298/986/91 1279/987/91
s 51
f 679/983/320 680/980/320 693/972/320 694/984/320
s 52
f 698/978/321 696/981/321 695/988/321 697/989/321
s 53
f 707/990/85 1309/991/85 1308/992/85 705/993/85
f 1320/994/85 1318/995/85 1308/992/85 1309/991/85
s 54
f 699/996/77 706/997/77 704/998/77 701/999/77
f 699/996/77 702/1000/77 706/997/77
f 699/996/77 701/999/77 714/1001/77
f 702/1000/77 699/996/77 715/1002/77 713/1003/77
f 718/1004/77 699/996/77 714/1001/77 700/1005/77
f 715/1002/77 699/996/77 716/1006/77 717/1007/77
f 706/997/77 702/1000/77 708/1008/77 710/1009/77
s 55
f 1309/991/322 707/990/322 711/1010/322 1311/1011/322
f 1309/991/322 1311/1011/322 1324/1012/322 1320/994/322
s 56
f 718/1004/91 700/1005/91 1306/1013/91 1335/1014/91
f 1336/1015/91 1335/1014/91 1306/1013/91 1304/1016/91
s 57
f 713/1017/40 715/1018/40 1330/1019/40
f 712/1020/40 713/1017/40 1330/1019/40 1314/1021/40
f 1326/1022/40 1330/1019/40 1329/1023/40
f 1325/1024/40 1314/1021/40 1330/1019/40 1326/1022/40
s 58
f 709/1025/85 1310/1026/85 1311/1011/85 711/1010/85
f 1322/1027/85 1324/1012/85 1311/1011/85 1310/1026/85
s 59
f 1307/1028/323 703/1029/323 712/1020/323 1314/1021/323
f 1307/1028/323 1314/1021/323 1325/1024/323 1316/1030/323
s 60
f 714/1031/324 701/1032/324 1313/1033/324 1327/1034/324
f 1328/1035/324 1327/1034/324 1313/1033/324 1312/1036/324
s 61
f 704/1037/39 705/993/39 1308/992/39 1313/1033/39
f 701/1032/39 704/1037/39 1313/1033/39
f 1317/1038/39 1313/1033/39 1308/992/39 1318/995/39
f 1312/1036/39 1313/1033/39 1317/1038/39
s 62
f 1330/1019/325 715/1018/325 717/1039/325 1334/1040/325
f 1330/1019/325 1334/1040/325 1333/1041/325 1329/1023/325
s 63
f 703/1029/326 1307/1028/326 1310/1026/326 709/1025/326
f 1316/1030/326 1322/1027/326 1310/1026/326 1307/1028/326
s 64
f 707/1042/87 705/1043/87 704/1044/87 706/1045/87
s 65
f 709/1025/87 711/1010/87 710/1009/87 708/1008/87
s 66
f 708/1008/327 702/1046/327 703/1047/327 709/1025/327
s 67
f 706/1045/328 710/1009/328 711/1010/328 707/1042/328
s 68
f 702/1046/329 713/1048/329 712/1049/329 703/1047/329
s 69
f 717/1039/40 716/1050/40 1332/1051/40 1334/1040/40
f 1333/1041/40 1334/1040/40 1332/1051/40 1331/1052/40
s 70
f 699/1053/91 1305/1054/91 1332/1055/91 716/1056/91
f 1303/1057/91 1331/1058/91 1332/1055/91 1305/1054/91
s 71
f 699/1053/330 718/1004/330 1335/1014/330 1305/1054/330
f 1303/1057/330 1305/1054/330 1335/1014/330 1336/1015/330
s 72
f 747/1059/331 748/1060/331 749/1061/331 750/1062/331
s 73
f 721/1063/40 723/1064/40 726/1065/40 736/1066/40
f 723/1064/40 731/1067/40 734/1068/40 726/1069/40
f 721/1063/40 736/1070/40 748/1071/40 747/1072/40
s 74
f 733/1073/104 725/1074/104 726/1075/104 734/1076/104
f 739/1077/104 729/1078/104 730/1079/104 740/1080/104
f 729/1078/104 733/1073/104 734/1076/104 730/1079/104
s 75
f 732/1081/39 724/1082/39 725/1074/39 733/1073/39
f 724/1083/39 722/1084/39 735/1085/39 725/1086/39
f 735/1087/39 722/1084/39 1356/1088/39 1355/1089/39
f 1350/1090/39 1351/1091/39 1343/1092/39 1342/1093/39
f 1342/1094/39 1343/1095/39 1353/1096/39 1340/1097/39
f 1353/1098/39 1355/1089/39 1356/1088/39 1340/1097/39
s 76
f 731/1067/77 723/1064/77 724/1083/77 732/1099/77
f 737/1100/77 727/1101/77 728/1102/77 738/1103/77
f 727/1101/77 731/1067/77 732/1099/77 728/1102/77
s 77
f 738/1103/332 728/1102/332 729/1104/332 739/1105/332
s 78
f 731/1067/333 727/1101/333 730/1106/333 734/1107/333
s 79
f 728/1102/334 732/1099/334 733/1108/334 729/1109/334
s 80
f 725/1074/335 735/1110/335 736/1111/335 726/1075/335
s 81
f 723/1064/336 721/1063/336 722/1084/336 724/1083/336
s 82
f 748/1060/91 735/1110/91 1355/1112/91 1357/1113/91
f 736/1111/91 735/1110/91 748/1060/91
f 748/1060/91 1357/1113/91 1371/1114/91 749/1061/91
f 1370/1115/91 1357/1113/91 1355/1112/91 1353/1116/91
f 1354/1117/91 1370/1115/91 1353/1116/91
f 1370/1115/91 1373/1118/91 1371/1114/91 1357/1113/91
s 83
f 722/1084/85 747/1072/85 1358/1119/85 1356/1088/85
f 722/1084/85 721/1063/85 747/1072/85
f 1340/1097/85 1356/1088/85 1358/1119/85 1369/1120/85
f 1340/1097/85 1369/1120/85 1339/1121/85
s 84
f 741/1122/337 739/1077/337 740/1080/337 742/1123/337
s 85
f 720/1124/338 738/1103/338 739/1125/338 741/1126/338
f 720/1124/338 741/1127/338 745/1128/338 743/1129/338
s 86
f 719/1130/339 737/1100/339 738/1103/339 720/1124/339
s 87
f 727/1101/340 737/1100/340 740/1131/340 730/1132/340
s 88
f 719/1130/91 720/1124/91 743/1129/91 744/1133/91
s 89
f 737/1100/341 719/1130/341 742/1134/341 740/1135/341
f 742/1136/341 719/1130/341 744/1133/341 746/1137/341
s 90
f 741/1122/85 742/1123/85 746/1138/85 745/1139/85
s 91
f 750/1140/40 749/1141/40 1371/1142/40 1372/1143/40
f 1374/1144/40 1372/1143/40 1371/1142/40 1373/1145/40
s 92
f 1358/1119/342 747/1072/342 750/1140/342 1372/1143/342
f 1358/1119/342 1372/1143/342 1374/1144/342 1369/1120/342
s 93
f 759/1146/343 752/1147/343 753/1148/343 760/1149/343
s 94
f 759/1150/77 755/1151/77 756/1152/77 752/1153/77
f 771/1154/77 755/1151/77 759/1150/77
f 751/1155/77 769/1156/77 759/1150/77
f 769/1156/77 771/1154/77 759/1150/77
s 95
f 752/1153/39 756/1152/39 757/1157/39 753/1158/39
s 96
f 760/1149/104 758/1159/104 772/1160/104
f 753/1148/104 757/1161/104 758/1159/104 760/1149/104
f 760/1149/104 770/1162/104 754/1163/104
f 760/1149/104 772/1160/104 770/1162/104
s 97
f 769/1156/40 751/1155/40 754/1164/40 770/1165/40
f 754/1166/40 751/1155/40 763/1167/40 762/1168/40
s 98
f 768/1169/40 764/1170/40 1396/1171/40 1395/1172/40
f 765/1173/40 766/1174/40 764/1170/40 768/1175/40
f 1392/1176/40 1395/1172/40 1396/1171/40 1388/1177/40
f 1389/1178/40 1392/1179/40 1388/1177/40 1390/1180/40
s 99
f 767/1181/344 762/1182/344 765/1183/344 768/1184/344
f 760/1149/344 754/1163/344 762/1182/344 767/1181/344
s 100
f 751/1155/345 759/1150/345 761/1185/345 763/1167/345
f 763/1167/345 761/1185/345 764/1170/345 766/1174/345
s 101
f 759/1150/346 760/1186/346 767/1187/346 761/1185/346
f 761/1185/346 767/1188/346 1394/1189/346 1393/1190/346
f 1383/1191/346 1385/1192/346 1391/1193/346 1384/1194/346
f 1385/1192/346 1393/1190/346 1394/1189/346 1391/1195/346
s 102
f 762/1182/347 763/1196/347 766/1197/347 765/1183/347
s 103
f 764/1170/91 761/1185/91 1393/1190/91 1396/1171/91
f 1388/1177/91 1396/1171/91 1393/1190/91 1385/1192/91
s 104
f 767/1181/85 768/1184/85 1395/1198/85 1394/1199/85
f 1391/1200/85 1394/1199/85 1395/1198/85 1392/1201/85
s 105
f 771/1202/348 769/1203/348 770/1162/348 772/1160/348
s 106
f 755/1151/40 771/1154/40 772/1204/40 758/1205/40
s 107
f 781/1206/40 773/1207/40 789/1208/40 794/1209/40
f 794/1209/40 789/1208/40 779/1210/40 788/1211/40
s 108
f 790/1212/91 791/1213/91 777/1214/91 780/1215/91
s 109
f 782/1216/349 793/1217/349 796/1218/349 784/1219/349
s 110
f 775/1220/39 783/1221/39 795/1222/39 792/1223/39
f 792/1223/39 795/1222/39 785/1224/39 778/1225/39
s 111
f 793/1217/85 787/1226/85 786/1227/85 796/1218/85
s 112
f 774/1228/77 782/1216/77 784/1219/77 776/1229/77
s 113
f 790/1212/350 780/1215/350 779/1230/350 789/1231/350
s 114
f 773/1207/351 781/1206/351 782/1216/351 774/1228/351
s 115
f 792/1232/352 778/1233/352 777/1214/352 791/1213/352
s 116
f 776/1229/353 784/1219/353 783/1221/353 775/1220/353
s 117
f 794/1234/354 788/1235/354 787/1226/354 793/1217/354
s 118
f 796/1218/355 786/1227/355 785/1236/355 795/1237/355
s 119
f 774/1228/356 790/1212/356 789/1238/356 773/1239/356
s 120
f 775/1240/357 792/1241/357 791/1213/357 776/1229/357
s 121
f 781/1242/358 794/1243/358 793/1217/358 782/1216/358
s 122
f 784/1219/359 796/1218/359 795/1244/359 783/1245/359
s 123
f 774/1228/360 776/1229/360 791/1213/360 790/1212/360
s 124
f 803/1246/91 798/1247/91 799/1248/91 804/1249/91
s 125
f 799/1250/104 808/1251/104 804/1252/104
f 809/1253/104 811/1254/104 822/1255/104
f 804/1252/104 808/1251/104 802/1256/104
f 817/1257/104 811/1254/104 809/1253/104
f 802/1256/104 808/1251/104 814/1258/104
f 814/1258/104 808/1251/104 815/1259/104
f 809/1253/104 822/1255/104 800/1260/104
f 822/1255/104 811/1254/104 824/1261/104 828/1262/104
f 815/1259/104 808/1251/104 811/1254/104 817/1257/104
s 126
f 803/1246/77 805/1263/77 798/1247/77
f 801/1264/77 805/1263/77 803/1246/77
f 821/1265/77 812/1266/77 810/1267/77
f 813/1268/77 805/1263/77 801/1264/77
f 816/1269/77 805/1263/77 813/1268/77
f 819/1270/77 812/1266/77 805/1263/77 816/1269/77
f 810/1267/77 812/1266/77 819/1270/77
f 797/1271/77 821/1265/77 810/1267/77
f 812/1266/77 821/1265/77 827/1272/77 825/1273/77
s 127
f 821/1274/361 797/1275/361 800/1260/361 822/1255/361
s 128
f 813/1268/362 801/1264/362 802/1276/362 814/1277/362
s 129
f 801/1278/363 803/1279/363 804/1252/363 802/1256/363
s 130
f 797/1271/364 810/1267/364 809/1280/364 800/1281/364
s 131
f 816/1282/365 813/1283/365 814/1258/365 815/1259/365
s 132
f 820/1284/85 818/1285/85 807/1286/85 806/1287/85
f 818/1285/85 820/1284/85 826/1288/85 823/1289/85
s 133
f 819/1270/362 816/1269/362 815/1290/362 817/1291/362
s 134
f 820/1284/87 806/1287/87 805/1263/87 812/1266/87
f 820/1284/87 812/1266/87 825/1273/87 826/1288/87
s 135
f 810/1292/366 819/1293/366 817/1257/366 809/1253/366
s 136
f 807/1286/95 818/1285/95 811/1254/95 808/1251/95
f 811/1254/95 818/1285/95 823/1289/95 824/1261/95
s 137
f 821/1265/367 822/1294/367 828/1295/367 827/1272/367
s 138
f 826/1296/368 825/1297/369 824/1298/369 823/1299/368
f 825/1297/369 827/1272/370 828/1295/370 824/1298/369
s 139
f 830/1300/77 837/1301/77 832/1302/77
f 829/1303/77 831/1304/77 835/1305/77 830/1300/77
f 830/1300/77 835/1305/77 837/1301/77
s 140
f 833/1306/371 829/1307/371 1461/1308/371 1463/1309/371
f 831/1310/371 829/1307/371 833/1306/371
f 1465/1311/371 1463/1309/371 1461/1308/371 1457/1312/371
f 1459/1313/371 1465/1311/371 1457/1312/371
s 141
f 838/1314/85 1471/1315/85 1464/1316/85 834/1317/85
f 1472/1318/85 1466/1319/85 1464/1316/85 1471/1315/85
s 142
f 837/1301/372 838/1314/372 834/1317/372 832/1302/372
s 143
f 831/1320/373 833/1306/373 836/1321/373 835/1322/373
s 144
f 829/1303/91 830/1300/91 1462/1323/91 1461/1324/91
f 1457/1325/91 1461/1324/91 1462/1323/91 1458/1326/91
s 145
f 833/1306/374 1463/1309/374 1468/1327/374 836/1321/374
f 1465/1311/374 1469/1328/374 1468/1327/374 1463/1309/374
s 146
f 835/1305/375 836/1329/375 838/1330/375 837/1301/375
s 147
f 836/1321/376 1468/1327/376 1471/1315/376 838/1314/376
f 1469/1328/376 1472/1318/376 1471/1315/376 1468/1327/376
s 148
f 890/1331/377 875/1332/378 877/1333/379 888/1334/380
f 893/1335/381 892/1336/381 871/1337/382 884/1338/383
f 884/1338/383 871/1337/382 875/1332/378 890/1331/377
f 888/1334/380 877/1333/379 879/1339/384 886/1340/385
f 886/1340/385 879/1339/384 873/1341/386 881/1342/386
s 149
f 839/1343/387 848/1344/387 1473/1345/387 1483/1346/387
f 848/1344/387 841/1347/387 1484/1348/387 1473/1345/387
f 1474/1349/387 1483/1346/387 1473/1345/387 1491/1350/387
f 1491/1350/387 1473/1345/387 1484/1348/387 1476/1351/387
s 150
f 847/1352/388 850/1353/388 883/1354/389 852/1355/390
f 845/1356/391 842/1357/391 863/1358/392 872/1359/393
f 869/1360/394 876/1361/395 872/1359/393 863/1358/392
f 867/1362/396 878/1363/397 876/1361/395 869/1360/394
f 865/1364/398 880/1365/399 878/1363/397 867/1362/396
f 862/1366/400 874/1367/401 880/1365/399 865/1364/398
f 882/1368/402 854/1369/403 860/1370/404 885/1371/405
f 854/1369/403 882/1368/402 874/1367/401 862/1366/400
f 885/1371/405 860/1370/404 858/1372/406 887/1373/407
f 887/1373/407 858/1372/406 856/1374/408 889/1375/409
f 889/1375/409 856/1374/408 852/1355/390 883/1354/389
s 151
f 841/1347/410 848/1344/410 851/1376/411 864/1377/412
f 864/1377/412 851/1376/411 855/1378/413 870/1379/413
f 870/1379/413 855/1378/413 857/1380/414 868/1381/414
f 866/1382/415 859/1383/415 853/1384/416 861/1385/416
f 868/1381/414 857/1380/414 859/1383/415 866/1382/415
s 152
f 844/1386/417 840/1387/417 1482/1388/417 1487/1389/417
f 1479/1390/417 1487/1389/417 1482/1388/417 1475/1391/417
s 153
f 846/1392/418 849/1393/418 894/1394/418 895/1395/418
s 154
f 842/1357/419 845/1356/419 1488/1396/419 1485/1397/419
f 1477/1398/419 1485/1397/419 1488/1396/419 1480/1399/419
s 155
f 839/1400/420 1483/1401/420 1482/1388/420 840/1387/420
f 1474/1402/420 1475/1391/420 1482/1388/420 1483/1401/420
s 156
f 842/1357/421 1485/1397/422 1484/1403/422 841/1404/421
f 1477/1398/423 1476/1405/423 1484/1403/422 1485/1397/422
s 157
f 844/1386/424 1487/1389/424 1534/1406/424 891/1407/424
f 1479/1390/424 1535/1408/424 1534/1406/424 1487/1389/424
s 158
f 892/1336/425 1537/1409/426 1488/1410/426 845/1411/425
f 1536/1412/427 1480/1413/427 1488/1410/426 1537/1409/426
s 159
f 840/1387/428 847/1352/428 848/1414/428 839/1415/428
s 160
f 891/1416/429 893/1335/429 850/1417/429 844/1418/429
s 161
f 866/1419/430 861/1420/431 862/1366/432 865/1364/433
f 868/1421/434 866/1422/430 865/1364/433 867/1362/435
f 870/1423/436 868/1424/434 867/1362/435 869/1360/437
f 864/1425/438 870/1426/436 869/1360/437 863/1358/439
f 853/1427/440 859/1428/441 860/1370/442 854/1369/443
f 859/1429/441 857/1430/444 858/1372/445 860/1370/442
f 857/1431/444 855/1432/446 856/1374/447 858/1372/445
f 855/1433/446 851/1434/448 852/1355/449 856/1374/447
f 863/1358/439 842/1357/450 841/1435/450 864/1436/438
f 847/1352/451 852/1355/449 851/1437/448 848/1438/451
f 854/1369/443 862/1366/432 861/1439/431 853/1440/440
s 162
f 873/1441/452 879/1442/453 880/1365/454 874/1367/455
f 879/1443/453 877/1444/456 878/1363/457 880/1365/454
f 877/1445/456 875/1446/458 876/1361/459 878/1363/457
f 875/1447/458 871/1448/460 872/1359/461 876/1361/459
f 886/1449/462 881/1450/463 882/1368/464 885/1371/465
f 888/1451/466 886/1452/462 885/1371/465 887/1373/467
f 890/1453/468 888/1454/466 887/1373/467 889/1375/469
f 884/1455/470 890/1456/468 889/1375/469 883/1354/471
f 881/1457/463 873/1458/452 874/1367/455 882/1368/464
f 893/1459/472 884/1460/470 883/1354/471 850/1353/472
f 871/1461/460 892/1462/473 845/1356/473 872/1359/461
s 163
f 840/1387/474 844/1386/474 850/1353/474 847/1352/474
s 164
f 1486/1463/475 843/1464/476 891/1416/476 1534/1465/475
f 843/1464/476 849/1466/477 893/1335/477 891/1416/476
f 1486/1463/475 1534/1465/475 1535/1467/478 1478/1468/478
f 1478/1468/478 1535/1467/478 1538/1469/479 1492/1470/479
s 165
f 846/1471/480 1489/1472/481 1537/1409/481 892/1336/482
f 849/1466/483 846/1471/480 892/1336/482 893/1335/483
f 1481/1473/484 1536/1412/485 1537/1409/481 1489/1472/481
f 1492/1470/486 1538/1469/486 1536/1412/485 1481/1473/484
s 166
f 843/1474/487 1486/1475/488 1539/1476/488 894/1394/487
f 1478/1477/489 1540/1478/489 1539/1476/488 1486/1475/488
s 167
f 894/1394/490 1539/1476/491 1541/1479/491 895/1395/490
f 1540/1478/492 1542/1480/492 1541/1479/491 1539/1476/491
s 168
f 1489/1481/493 846/1482/494 895/1395/494 1541/1479/493
f 1489/1481/493 1541/1479/493 1542/1480/495 1481/1483/495
s 169
f 849/1484/496 843/1474/496 894/1394/496
s 170
f 900/1485/497 901/1486/497 899/1487/497 897/1488/497
s 171
f 907/1489/498 896/1490/498 1547/1491/498 1549/1492/498
f 898/1493/498 896/1490/498 903/1494/498
f 903/1494/498 896/1490/498 907/1489/498
f 1560/1495/498 1549/1492/498 1547/1491/498 1543/1496/498
f 1545/1497/498 1556/1498/498 1543/1496/498
f 1556/1498/498 1560/1495/498 1543/1496/498
s 172
f 906/1499/499 908/1500/499 1550/1501/499 1548/1502/499
f 1559/1503/499 1548/1502/499 1550/1501/499 1561/1504/499
s 173
f 909/1505/500 1553/1506/500 1550/1507/500 908/1508/500
f 1562/1509/500 1561/1510/500 1550/1507/500 1553/1506/500
s 174
f 900/1485/501 906/1511/501 1548/1512/501 1554/1513/501
f 900/1485/501 897/1488/501 902/1514/501
f 900/1485/501 902/1514/501 906/1511/501
f 1551/1515/501 1554/1513/501 1548/1512/501 1559/1516/501
f 1551/1515/501 1555/1517/501 1544/1518/501
f 1551/1515/501 1559/1516/501 1555/1517/501
s 175
f 896/1490/501 900/1485/501 1554/1513/501 1547/1491/501
f 1543/1496/501 1547/1491/501 1554/1513/501 1551/1515/501
s 176
f 907/1519/502 1549/1520/502 1553/1506/502 909/1505/502
f 1560/1521/502 1562/1509/502 1553/1506/502 1549/1520/502
s 177
f 896/1490/503 898/1522/503 901/1486/503 900/1485/503
s 178
f 898/1523/504 903/1524/504 905/1525/504 901/1526/504
s 179
f 901/1526/500 905/1525/500 904/1527/500 899/1528/500
s 180
f 897/1488/499 899/1529/499 904/1530/499 902/1514/499
s 181
f 903/1524/505 907/1519/505 909/1505/505 905/1525/505
s 182
f 905/1525/506 909/1505/506 908/1508/506 904/1527/506
s 183
f 902/1514/507 904/1530/507 908/1500/507 906/1499/507
s 184
f 914/1531/508 915/1532/508 913/1533/508 911/1534/508
s 185
f 934/1535/509 920/1536/509 922/1537/509 936/1538/509
s 186
f 937/1539/510 936/1540/510 922/1541/510 923/1542/510
s 187
f 924/1543/511 910/1544/511 914/1531/511 928/1545/511
s 188
f 935/1546/512 937/1539/512 923/1542/512 921/1547/512
s 189
f 928/1545/511 914/1531/511 920/1548/511 934/1549/511
f 914/1531/511 911/1534/511 916/1550/511
f 914/1531/511 916/1550/511 920/1548/511
f 928/1545/511 930/1551/511 925/1552/511
f 928/1545/511 934/1549/511 930/1551/511
s 190
f 910/1544/513 912/1553/513 915/1532/513 914/1531/513
s 191
f 912/1554/514 917/1555/514 919/1556/514 915/1557/514
s 192
f 915/1557/510 919/1556/510 918/1558/510 913/1559/510
s 193
f 911/1560/509 913/1561/509 918/1562/509 916/1563/509
s 194
f 912/1564/515 910/1544/515 917/1565/515
f 917/1565/515 910/1544/515 921/1566/515
f 926/1567/515 931/1568/515 924/1543/515
f 931/1568/515 935/1569/515 924/1543/515
f 935/1569/515 921/1566/515 910/1544/515 924/1543/515
s 195
f 917/1555/516 921/1547/516 923/1542/516 919/1556/516
s 196
f 919/1556/517 923/1542/517 922/1541/517 918/1558/517
s 197
f 916/1563/518 918/1562/518 922/1537/518 920/1536/518
s 198
f 928/1545/519 925/1552/519 927/1570/519 929/1571/519
s 199
f 924/1543/520 928/1545/520 929/1571/520 926/1572/520
s 200
f 926/1573/514 929/1574/514 933/1575/514 931/1576/514
s 201
f 929/1574/510 927/1577/510 932/1578/510 933/1575/510
s 202
f 925/1579/509 930/1580/509 932/1581/509 927/1582/509
s 203
f 931/1576/521 933/1575/521 937/1539/521 935/1546/521
s 204
f 933/1575/522 932/1578/522 936/1540/522 937/1539/522
s 205
f 930/1580/523 934/1535/523 936/1538/523 932/1581/523
s 206
f 945/1583/524 948/1584/524 951/1585/524 946/1586/524
s 207
f 942/1587/525 943/1588/525 950/1589/525 949/1590/525
f 949/1590/525 950/1589/525 951/1585/525 948/1584/525
s 208
f 947/1591/104 950/1589/104 943/1588/104 939/1592/104
f 939/1592/104 943/1588/104 941/1593/104
s 209
f 940/1594/526 938/1595/526 939/1596/526 941/1597/526
s 210
f 938/1598/77 940/1599/77 942/1587/77
f 938/1598/77 942/1587/77 949/1590/77 944/1600/77
s 211
f 940/1594/527 941/1597/527 943/1588/527 942/1587/527
s 212
f 944/1600/528 949/1590/528 948/1601/528 945/1602/528
s 213
f 946/1603/529 951/1604/529 950/1589/529 947/1591/529
s 214
f 960/1605/91 961/1606/91 954/1607/91 955/1608/91
s 215
f 962/1609/85 959/1610/85 958/1611/85 963/1612/85
s 216
f 957/1613/39 965/1614/39 967/1615/39 953/1616/39
f 961/1617/39 963/1612/39 958/1611/39 954/1618/39
f 965/1619/39 957/1613/39 963/1612/39 961/1620/39
s 217
f 962/1609/40 960/1621/40 955/1622/40 959/1610/40
f 956/1623/40 964/1624/40 960/1625/40 962/1609/40
f 964/1626/40 956/1623/40 952/1627/40 966/1628/40
s 218
f 956/1623/530 962/1609/530 963/1612/530 957/1613/530
s 219
f 964/1629/531 965/1630/531 961/1606/531 960/1605/531
s 220
f 953/1616/532 967/1631/532 971/1632/532 969/1633/532
s 221
f 965/1630/104 964/1629/104 966/1634/104 967/1635/104
f 967/1635/104 966/1634/104 970/1636/104 971/1637/104
s 222
f 956/1623/77 957/1613/77 953/1616/77 952/1627/77
f 952/1627/77 953/1616/77 969/1633/77 968/1638/77
s 223
f 968/1638/91 969/1633/91 971/1637/91 970/1636/91
s 224
f 966/1639/533 952/1627/533 968/1638/533 970/1640/533
s 225
f 975/1641/534 973/1642/534 1626/1643/534 1627/1644/534
f 1631/1645/534 1627/1644/534 1626/1643/534 1629/1646/534
s 226
f 975/1641/535 1627/1644/535 1628/1647/535 978/1648/535
f 1631/1645/535 1634/1649/535 1628/1647/535 1627/1644/535
s 227
f 974/1650/77 976/1651/77 977/1652/77 972/1653/77
s 228
f 973/1642/536 975/1641/536 976/1654/536 974/1655/536
s 229
f 975/1641/537 978/1648/537 977/1652/537 976/1651/537
s 230
f 985/1656/538 979/1657/538 980/1658/538 986/1659/538
s 231
f 985/1660/539 991/1661/539 981/1662/539 979/1663/539
f 988/1664/539 991/1661/539 983/1665/539
f 983/1665/539 991/1661/539 985/1660/539
s 232
f 979/1657/39 981/1666/39 982/1667/39 980/1658/39
s 233
f 986/1668/540 994/1669/540 984/1670/540
f 984/1670/540 994/1669/540 989/1671/540
f 980/1672/540 982/1673/540 994/1669/540 986/1668/540
s 234
f 987/1674/541 988/1664/541 989/1671/541 990/1675/541
f 988/1664/541 983/1665/541 984/1670/541 989/1671/541
s 235
f 992/1676/542 987/1674/542 990/1675/542 993/1677/542
s 236
f 983/1665/543 985/1656/543 986/1659/543 984/1670/543
s 237
f 987/1678/544 992/1679/544 991/1661/544 988/1664/544
s 238
f 989/1671/545 994/1669/545 993/1680/545 990/1681/545
s 239
f 1000/1682/541 996/1683/541 1004/1684/541 1003/1685/541
f 999/1686/541 995/1687/541 996/1683/541 1000/1682/541
s 240
f 995/1687/541 999/1686/541 1009/1688/541 1005/1689/541
s 241
f 1001/1690/546 999/1691/546 1000/1692/546 1002/1693/546
s 242
f 995/1687/547 997/1694/547 998/1695/547 996/1683/547
s 243
f 1008/1696/546 1003/1685/546 1004/1684/546 1007/1697/546
s 244
f 1006/1698/546 1005/1689/546 1009/1688/546 1010/1699/546
s 245
f 1002/1693/539 1000/1692/539 1003/1700/539 1008/1701/539
s 246
f 997/1702/539 995/1687/539 1005/1689/539 1006/1703/539
s 247
f 999/1691/540 1001/1690/540 1010/1704/540 1009/1705/540
s 248
f 996/1683/540 998/1706/540 1007/1707/540 1004/1684/540
s 249
f 1011/1708/548 1012/1709/548 1013/1710/548 1014/1711/548
s 250
f 1015/1712/549 1018/1713/549 1017/1714/549 1016/1715/549
s 251
f 1019/1716/539 1015/1717/539 1016/1718/539 1020/1719/539
f 1027/1720/539 1019/1716/539 1020/1719/539
f 1011/1721/539 1025/1722/539 1023/1723/539 1012/1724/539
f 1030/1725/539 1027/1720/539 1020/1719/539
f 1025/1722/539 1029/1726/539 1023/1723/539
f 1029/1726/539 1030/1725/539 1020/1719/539 1023/1723/539
s 252
f 1020/1727/550 1016/1715/550 1017/1714/550 1021/1728/550
s 253
f 1021/1728/540 1017/1729/540 1018/1730/540 1022/1731/540
f 1021/1728/540 1022/1731/540 1028/1732/540
f 1013/1733/540 1024/1734/540 1026/1735/540 1014/1736/540
f 1021/1728/540 1028/1732/540 1032/1737/540
f 1024/1734/540 1031/1738/540 1026/1735/540
f 1024/1734/540 1021/1728/540 1032/1737/540 1031/1738/540
s 254
f 1025/1722/33 1011/1721/33 1014/1736/33 1026/1735/33
s 255
f 1015/1739/551 1019/1740/551 1022/1741/551 1018/1742/551
s 256
f 1012/1709/552 1023/1743/552 1024/1734/552 1013/1710/552
s 257
f 1029/1744/553 1025/1722/553 1026/1735/553 1031/1745/553
s 258
f 1019/1740/33 1027/1746/33 1028/1747/33 1022/1741/33
s 259
f 1023/1743/554 1020/1727/554 1021/1728/554 1024/1734/554
s 260
f 1027/1746/555 1030/1748/555 1032/1749/555 1028/1747/555
s 261
f 1030/1748/33 1029/1744/33 1031/1745/33 1032/1749/33
s 265
f 1057/1750/556 1058/1751/556 1043/1752/556 1044/1753/556
s 266
f 1060/1754/557 1048/1755/557 1047/1756/557 1062/1757/557
s 267
f 1041/1758/558 1053/1759/558 1067/1760/558 1069/1761/558
s 268
f 1061/1762/559 1062/1763/559 1047/1764/559 1051/1765/559
s 269
f 1063/1766/560 1057/1767/560 1044/1768/560 1056/1769/560
s 270
f 1060/1770/561 1059/1771/561 1052/1772/561 1048/1773/561
s 271
f 1064/1774/562 1061/1762/562 1051/1765/562 1055/1775/562
s 272
f 1049/1776/563 1045/1777/563 1071/1778/563 1065/1779/563
s 273
f 1045/1780/564 1046/1781/564 1072/1782/564 1071/1778/564
s 274
f 1058/1783/565 1064/1774/565 1055/1775/565 1043/1784/565
s 275
f 1059/1771/566 1063/1766/566 1056/1769/566 1052/1772/566
s 276
f 1041/1785/77 1042/1786/77 1058/1751/77 1057/1750/77
f 1045/1787/77 1049/1788/77 1059/1771/77 1060/1754/77
f 1050/1789/77 1046/1790/77 1062/1757/77 1061/1762/77
f 1046/1790/77 1045/1787/77 1060/1754/77 1062/1757/77
f 1049/1788/77 1053/1791/77 1063/1766/77 1059/1771/77
f 1054/1792/77 1050/1789/77 1061/1762/77 1064/1774/77
f 1053/1791/77 1041/1785/77 1057/1750/77 1063/1766/77
f 1042/1786/77 1054/1792/77 1064/1774/77 1058/1751/77
s 277
f 1065/1779/77 1071/1778/77 1072/1782/77 1066/1793/77
f 1067/1760/77 1065/1779/77 1066/1793/77 1068/1794/77
f 1069/1795/77 1067/1760/77 1068/1794/77 1070/1796/77
s 278
f 1053/1759/567 1049/1797/567 1065/1779/567 1067/1760/567
s 279
f 1046/1798/568 1050/1799/568 1066/1793/568 1072/1800/568
s 280
f 1042/1801/569 1041/1802/569 1069/1795/569 1070/1796/569
s 281
f 1054/1803/570 1042/1804/570 1070/1805/570 1068/1794/570
s 282
f 1050/1799/571 1054/1803/571 1068/1794/571 1066/1793/571
s 283
f 1073/1806/572 1074/1807/572 1075/1808/572 1076/1809/572
s 284
f 1073/1806/573 1077/1810/573 1078/1811/573 1074/1807/573
s 285
f 1075/1808/574 1079/1812/574 1080/1813/574 1076/1809/574
s 286
f 1081/1814/575 1082/1815/575 1083/1816/575 1084/1817/575
s 287
f 1085/1818/576 1088/1819/576 1087/1820/576 1086/1821/576
s 288
f 1081/1814/77 1085/1818/77 1086/1821/77 1082/1815/77
s 289
f 1082/1815/577 1086/1821/577 1087/1822/577 1083/1823/577
s 290
f 1085/1818/578 1081/1814/578 1084/1824/578 1088/1825/578
s 291
f 1093/1826/579 1096/1827/579 1095/1828/579 1094/1829/579
s 292
f 1097/1830/580 1093/1826/580 1094/1829/580 1098/1831/580
s 293
f 1098/1832/581 1094/1833/581 1095/1828/581 1099/1834/581
s 294
f 1099/1834/582 1095/1828/582 1096/1827/582 1100/1835/582
s 295
f 1097/1836/583 1089/1837/583 1092/1838/583 1100/1835/583
s 296
f 1093/1839/584 1097/1840/584 1100/1835/584 1096/1827/584
s 297
f 1091/1841/585 1099/1834/585 1100/1835/585 1092/1838/585
s 298
f 1090/1842/586 1098/1843/586 1099/1834/586 1091/1841/586
s 299
f 1089/1844/587 1097/1830/587 1098/1831/587 1090/1845/587
s 300
f 1109/1846/77 1110/1847/77 1104/1848/77 1102/1849/77
s 301
f 1105/1850/85 1761/1851/85 1775/1852/85 1113/1853/85
f 1765/1854/85 1777/1855/85 1775/1852/85 1761/1851/85
s 302
f 1112/1856/85 1774/1857/85 1764/1858/85 1108/1859/85
f 1773/1860/85 1768/1861/85 1764/1858/85 1774/1857/85
s 303
f 1111/1862/91 1106/1863/91 1762/1864/91 1772/1865/91
f 1771/1866/91 1772/1865/91 1762/1864/91 1766/1867/91
s 304
f 1109/1846/588 1102/1849/588 1106/1863/588 1111/1862/588
s 305
f 1110/1847/589 1112/1856/589 1108/1859/589 1104/1848/589
s 306
f 1101/1868/590 1105/1850/590 1113/1853/590 1115/1869/590
s 307
f 1101/1870/40 1103/1871/40 1110/1847/40 1109/1846/40
f 1761/1872/40 1105/1873/40 1111/1862/40 1772/1865/40
f 1107/1874/40 1763/1875/40 1774/1857/40 1112/1856/40
f 1105/1876/40 1101/1877/40 1109/1846/40 1111/1862/40
f 1103/1878/40 1107/1879/40 1112/1856/40 1110/1847/40
f 1757/1880/40 1769/1881/40 1770/1882/40 1759/1883/40
f 1761/1872/40 1772/1865/40 1771/1866/40 1765/1884/40
f 1767/1885/40 1773/1860/40 1774/1857/40 1763/1875/40
f 1765/1886/40 1771/1866/40 1769/1881/40 1757/1887/40
f 1759/1888/40 1770/1882/40 1773/1860/40 1767/1889/40
s 308
f 1114/1890/40 1113/1891/40 1775/1892/40 1776/1893/40
f 1116/1894/40 1115/1869/40 1113/1891/40 1114/1890/40
f 1778/1895/40 1776/1893/40 1775/1892/40 1777/1896/40
f 1780/1897/40 1778/1895/40 1777/1896/40 1779/1898/40
s 309
f 1107/1899/591 1103/1900/591 1116/1894/591 1114/1901/591
s 310
f 1763/1902/91 1107/1899/91 1114/1901/91 1776/1903/91
f 1763/1902/91 1776/1903/91 1778/1904/91 1767/1905/91
s 311
f 1103/1900/104 1101/1868/104 1115/1869/104 1116/1894/104
s 312
f 1121/1906/579 1124/1907/579 1123/1908/579 1122/1909/579
s 313
f 1125/1910/580 1121/1906/580 1122/1909/580 1126/1911/580
s 314
f 1126/1912/581 1122/1913/581 1123/1908/581 1127/1914/581
s 315
f 1127/1914/582 1123/1908/582 1124/1907/582 1128/1915/582
s 316
f 1125/1916/583 1117/1917/583 1120/1918/583 1128/1915/583
s 317
f 1121/1919/584 1125/1920/584 1128/1915/584 1124/1907/584
s 318
f 1119/1921/585 1127/1914/585 1128/1915/585 1120/1918/585
s 319
f 1118/1922/586 1126/1923/586 1127/1914/586 1119/1921/586
s 320
f 1117/1924/587 1125/1910/587 1126/1911/587 1118/1925/587
s 321
f 1129/1926/575 1130/1927/575 1131/1928/575 1132/1929/575
s 322
f 1133/1930/576 1136/1931/576 1135/1932/576 1134/1933/576
s 323
f 1129/1926/77 1133/1930/77 1134/1933/77 1130/1927/77
s 324
f 1130/1927/577 1134/1933/577 1135/1934/577 1131/1935/577
s 325
f 1133/1930/578 1129/1926/578 1132/1936/578 1136/1937/578
s 326
f 1137/1938/575 1138/1939/575 1139/1940/575 1140/1941/575
s 327
f 1141/1942/576 1144/1943/576 1143/1944/576 1142/1945/576
s 328
f 1137/1938/77 1141/1942/77 1142/1945/77 1138/1939/77
s 329
f 1138/1939/577 1142/1945/577 1143/1946/577 1139/1947/577
s 330
f 1141/1942/578 1137/1938/578 1140/1948/578 1144/1949/578
s 331
f 1153/1950/40 1145/1951/40 1161/1952/40 1166/1953/40
f 1166/1953/40 1161/1952/40 1151/1954/40 1160/1955/40
s 332
f 1162/1956/91 1163/1957/91 1149/1958/91 1152/1959/91
s 333
f 1154/1960/349 1165/1961/349 1168/1962/349 1156/1963/349
s 334
f 1147/1964/39 1155/1965/39 1167/1966/39 1164/1967/39
f 1164/1967/39 1167/1966/39 1157/1968/39 1150/1969/39
s 335
f 1165/1961/85 1159/1970/85 1158/1971/85 1168/1962/85
s 336
f 1146/1972/77 1154/1960/77 1156/1963/77 1148/1973/77
s 337
f 1162/1956/350 1152/1959/350 1151/1974/350 1161/1975/350
s 338
f 1145/1951/351 1153/1950/351 1154/1960/351 1146/1972/351
s 339
f 1164/1976/352 1150/1977/352 1149/1958/352 1163/1957/352
s 340
f 1148/1973/353 1156/1963/353 1155/1965/353 1147/1964/353
s 341
f 1166/1978/354 1160/1979/354 1159/1970/354 1165/1961/354
s 342
f 1168/1962/355 1158/1971/355 1157/1980/355 1167/1981/355
s 343
f 1146/1972/356 1162/1956/356 1161/1982/356 1145/1983/356
s 344
f 1147/1984/357 1164/1985/357 1163/1957/357 1148/1973/357
s 345
f 1153/1986/358 1166/1987/358 1165/1961/358 1154/1960/358
s 346
f 1156/1963/359 1168/1962/359 1167/1988/359 1155/1989/359
s 347
f 1146/1972/360 1148/1973/360 1163/1957/360 1162/1956/360
s 348
f 1177/1990/91 1178/1991/91 1171/1992/91 1172/1993/91
s 349
f 1179/1994/85 1176/1995/85 1175/1996/85 1180/1997/85
s 350
f 1174/1998/39 1182/1999/39 1184/2000/39 1170/2001/39
f 1178/2002/39 1180/1997/39 1175/1996/39 1171/2003/39
f 1182/2004/39 1174/1998/39 1180/1997/39 1178/2005/39
s 351
f 1179/1994/40 1177/2006/40 1172/2007/40 1176/1995/40
f 1173/2008/40 1181/2009/40 1177/2010/40 1179/1994/40
f 1181/2011/40 1173/2008/40 1169/2012/40 1183/2013/40
s 352
f 1173/2008/530 1179/1994/530 1180/1997/530 1174/1998/530
s 353
f 1181/2014/531 1182/2015/531 1178/1991/531 1177/1990/531
s 354
f 1170/2001/532 1184/2016/532 1188/2017/532 1186/2018/532
s 355
f 1182/2015/104 1181/2014/104 1183/2019/104 1184/2020/104
f 1184/2020/104 1183/2019/104 1187/2021/104 1188/2022/104
s 356
f 1173/2008/77 1174/1998/77 1170/2001/77 1169/2012/77
f 1169/2012/77 1170/2001/77 1186/2018/77 1185/2023/77
s 357
f 1185/2023/91 1186/2018/91 1188/2022/91 1187/2021/91
s 358
f 1183/2024/533 1169/2012/533 1185/2023/533 1187/2025/533
s 359
f 1197/2026/91 1198/2027/91 1191/2028/91 1192/2029/91
s 360
f 1199/2030/85 1196/2031/85 1195/2032/85 1200/2033/85
s 361
f 1194/2034/39 1202/2035/39 1204/2036/39 1190/2037/39
f 1198/2038/39 1200/2033/39 1195/2032/39 1191/2039/39
f 1202/2040/39 1194/2034/39 1200/2033/39 1198/2041/39
s 362
f 1199/2030/40 1197/2042/40 1192/2043/40 1196/2031/40
f 1193/2044/40 1201/2045/40 1197/2046/40 1199/2030/40
f 1201/2047/40 1193/2044/40 1189/2048/40 1203/2049/40
s 363
f 1193/2044/530 1199/2030/530 1200/2033/530 1194/2034/530
s 364
f 1201/2050/531 1202/2051/531 1198/2027/531 1197/2026/531
s 365
f 1190/2037/532 1204/2052/532 1208/2053/532 1206/2054/532
s 366
f 1202/2051/104 1201/2050/104 1203/2055/104 1204/2056/104
f 1204/2056/104 1203/2055/104 1207/2057/104 1208/2058/104
s 367
f 1193/2044/77 1194/2034/77 1190/2037/77 1189/2048/77
f 1189/2048/77 1190/2037/77 1206/2054/77 1205/2059/77
s 368
f 1205/2059/91 1206/2054/91 1208/2058/91 1207/2057/91
s 369
f 1203/2060/533 1189/2048/533 1205/2059/533 1207/2061/533
s 370
f 1217/2062/91 1218/2063/91 1211/2064/91 1212/2065/91
s 371
f 1219/2066/85 1216/2067/85 1215/2068/85 1220/2069/85
s 372
f 1214/2070/39 1222/2071/39 1224/2072/39 1210/2073/39
f 1218/2074/39 1220/2069/39 1215/2068/39 1211/2075/39
f 1222/2076/39 1214/2070/39 1220/2069/39 1218/2077/39
s 373
f 1219/2066/40 1217/2078/40 1212/2079/40 1216/2067/40
f 1213/2080/40 1221/2081/40 1217/2082/40 1219/2066/40
f 1221/2083/40 1213/2080/40 1209/2084/40 1223/2085/40
s 374
f 1213/2080/530 1219/2066/530 1220/2069/530 1214/2070/530
s 375
f 1221/2086/531 1222/2087/531 1218/2063/531 1217/2062/531
s 376
f 1210/2073/532 1224/2088/532 1228/2089/532 1226/2090/532
s 377
f 1222/2087/104 1221/2086/104 1223/2091/104 1224/2092/104
f 1224/2092/104 1223/2091/104 1227/2093/104 1228/2094/104
s 378
f 1213/2080/77 1214/2070/77 1210/2073/77 1209/2084/77
f 1209/2084/77 1210/2073/77 1226/2090/77 1225/2095/77
s 379
f 1225/2095/91 1226/2090/91 1228/2094/91 1227/2093/91
s 380
f 1223/2096/533 1209/2084/533 1225/2095/533 1227/2097/533
s 381
f 1237/2098/91 1238/2099/91 1231/2100/91 1232/2101/91
s 382
f 1239/2102/85 1236/2103/85 1235/2104/85 1240/2105/85
s 383
f 1234/2106/39 1242/2107/39 1244/2108/39 1230/2109/39
f 1238/2110/39 1240/2105/39 1235/2104/39 1231/2111/39
f 1242/2112/39 1234/2106/39 1240/2105/39 1238/2113/39
s 384
f 1239/2102/40 1237/2114/40 1232/2115/40 1236/2103/40
f 1233/2116/40 1241/2117/40 1237/2118/40 1239/2102/40
f 1241/2119/40 1233/2116/40 1229/2120/40 1243/2121/40
s 385
f 1233/2116/530 1239/2102/530 1240/2105/530 1234/2106/530
s 386
f 1241/2122/531 1242/2123/531 1238/2099/531 1237/2098/531
s 387
f 1230/2109/532 1244/2124/532 1248/2125/532 1246/2126/532
s 388
f 1242/2123/104 1241/2122/104 1243/2127/104 1244/2128/104
f 1244/2128/104 1243/2127/104 1247/2129/104 1248/2130/104
s 389
f 1233/2116/77 1234/2106/77 1230/2109/77 1229/2120/77
f 1229/2120/77 1230/2109/77 1246/2126/77 1245/2131/77
s 390
f 1245/2131/91 1246/2126/91 1248/2130/91 1247/2129/91
s 391
f 1243/2132/533 1229/2120/533 1245/2131/533 1247/2133/533
s 392
f 1257/2134/91 1258/2135/91 1251/2136/91 1252/2137/91
s 393
f 1259/2138/85 1256/2139/85 1255/2140/85 1260/2141/85
s 394
f 1254/2142/39 1262/2143/39 1264/2144/39 1250/2145/39
f 1258/2146/39 1260/2141/39 1255/2140/39 1251/2147/39
f 1262/2148/39 1254/2142/39 1260/2141/39 1258/2149/39
s 395
f 1259/2138/40 1257/2150/40 1252/2151/40 1256/2139/40
f 1253/2152/40 1261/2153/40 1257/2154/40 1259/2138/40
f 1261/2155/40 1253/2152/40 1249/2156/40 1263/2157/40
s 396
f 1253/2152/530 1259/2138/530 1260/2141/530 1254/2142/530
s 397
f 1261/2158/531 1262/2159/531 1258/2135/531 1257/2134/531
s 398
f 1250/2145/532 1264/2160/532 1268/2161/532 1266/2162/532
s 399
f 1262/2159/104 1261/2158/104 1263/2163/104 1264/2164/104
f 1264/2164/104 1263/2163/104 1267/2165/104 1268/2166/104
s 400
f 1253/2152/77 1254/2142/77 1250/2145/77 1249/2156/77
f 1249/2156/77 1250/2145/77 1266/2162/77 1265/2167/77
s 401
f 1265/2167/91 1266/2162/91 1268/2166/91 1267/2165/91
s 402
f 1263/2168/533 1249/2156/533 1265/2167/533 1267/2169/533
s 403
f 1286/2170/592 1285/919/592 1277/922/592 1278/2171/592
s 404
f 1288/948/593 1287/909/593 1284/910/593 1283/2172/593
s 405
f 1290/915/594 1289/962/594 1281/2173/594 1282/916/594
s 406
f 1283/2174/595 1284/2175/595 1285/2176/595 1286/2170/595
s 407
f 1299/965/104 1281/2173/104 1289/962/104
f 1301/953/104 1281/2173/104 1299/965/104
f 1286/2170/104 1278/2171/104 1281/2173/104
f 1283/2174/104 1286/2170/104 1281/2173/104
f 1288/952/104 1283/2174/104 1281/2173/104 1301/953/104
s 408
f 1302/2177/77 1296/974/77 1275/2178/77
f 1280/2179/77 1297/975/77 1296/974/77 1300/2180/77
f 1300/2180/77 1296/974/77 1302/2177/77
s 409
f 1275/2178/596 1296/974/596 1295/928/596 1276/927/596
s 410
f 1279/987/597 1298/986/597 1297/975/597 1280/2179/597
s 411
f 1302/2177/598 1301/2181/598 1299/2182/598 1300/2180/598
s 412
f 1303/2183/104 1312/2184/104 1317/2185/104 1319/2186/104
f 1303/2183/104 1319/2186/104 1315/2187/104
f 1303/2183/104 1328/2188/104 1312/2184/104
f 1315/2187/104 1326/2189/104 1329/2190/104 1303/2183/104
f 1336/1015/104 1304/1016/104 1328/2188/104 1303/2183/104
f 1329/2190/104 1333/2191/104 1331/2192/104 1303/2183/104
f 1319/2186/104 1323/2193/104 1321/2194/104 1315/2187/104
s 413
f 1320/2195/95 1319/2196/95 1317/2197/95 1318/2198/95
s 414
f 1322/1027/95 1321/2194/95 1323/2193/95 1324/1012/95
s 415
f 1321/2194/599 1322/1027/599 1316/2199/599 1315/2200/599
s 416
f 1319/2196/600 1320/2195/600 1324/1012/600 1323/2193/600
s 417
f 1315/2200/601 1316/2199/601 1325/2201/601 1326/2202/601
s 418
f 1369/2203/602 1374/2204/602 1373/1118/602 1370/1115/602
s 419
f 1339/1121/40 1354/2205/40 1344/2206/40 1341/2207/40
f 1341/2207/40 1344/2208/40 1352/2209/40 1349/2210/40
f 1339/1121/40 1369/1120/40 1370/2211/40 1354/2212/40
s 420
f 1351/1091/77 1352/2213/77 1344/2214/77 1343/1092/77
f 1361/2215/77 1362/2216/77 1348/2217/77 1347/2218/77
f 1347/2218/77 1348/2217/77 1352/2213/77 1351/1091/77
s 421
f 1349/2210/104 1350/2219/104 1342/1094/104 1341/2207/104
f 1359/2220/104 1360/2221/104 1346/2222/104 1345/2223/104
f 1345/2223/104 1346/2222/104 1350/2219/104 1349/2210/104
s 422
f 1360/2221/332 1361/2224/332 1347/2225/332 1346/2222/332
s 423
f 1349/2210/333 1352/2226/333 1348/2227/333 1345/2223/333
s 424
f 1346/2222/334 1347/2228/334 1351/2229/334 1350/2219/334
s 425
f 1343/1092/603 1344/2214/603 1354/1117/603 1353/1116/603
s 426
f 1341/2207/604 1342/1094/604 1340/1097/604 1339/1121/604
s 427
f 1363/2230/605 1364/2231/605 1362/2216/605 1361/2215/605
s 428
f 1338/2232/338 1363/2233/338 1361/2234/338 1360/2221/338
f 1338/2232/338 1365/2235/338 1367/2236/338 1363/2237/338
s 429
f 1337/2238/606 1338/2232/606 1360/2221/606 1359/2220/606
s 430
f 1345/2223/340 1348/2239/340 1362/2240/340 1359/2220/340
s 431
f 1337/2238/91 1366/2241/91 1365/2235/91 1338/2232/91
s 432
f 1359/2220/341 1362/2242/341 1364/2243/341 1337/2238/341
f 1364/2244/341 1368/2245/341 1366/2241/341 1337/2238/341
s 433
f 1363/2230/85 1367/2246/85 1368/2247/85 1364/2231/85
s 434
f 1383/2248/343 1384/2249/343 1377/2250/343 1376/2251/343
s 435
f 1383/1191/104 1376/2252/104 1380/2253/104 1379/2254/104
f 1399/2255/104 1383/1191/104 1379/2254/104
f 1375/2256/104 1383/1191/104 1397/2257/104
f 1397/2257/104 1383/1191/104 1399/2255/104
s 436
f 1376/2252/39 1377/2258/39 1381/2259/39 1380/2253/39
s 437
f 1384/2249/77 1400/2260/77 1382/2261/77
f 1377/2250/77 1384/2249/77 1382/2261/77 1381/2262/77
f 1384/2249/77 1378/2263/77 1398/2264/77
f 1384/2249/77 1398/2264/77 1400/2260/77
s 438
f 1397/2257/40 1398/2265/40 1378/2266/40 1375/2256/40
f 1378/2267/40 1386/2268/40 1387/2269/40 1375/2256/40
s 439
f 1391/1200/607 1392/1201/607 1389/2270/607 1386/2271/607
f 1384/2249/607 1391/1200/607 1386/2271/607 1378/2263/607
s 440
f 1375/2256/608 1387/2269/608 1385/1192/608 1383/1191/608
f 1387/2269/608 1390/1180/608 1388/1177/608 1385/1192/608
s 441
f 1386/2271/347 1389/2270/347 1390/2272/347 1387/2273/347
s 442
f 1399/2274/348 1400/2260/348 1398/2264/348 1397/2275/348
s 443
f 1379/2254/40 1382/2276/40 1400/2277/40 1399/2255/40
s 444
f 1409/2278/40 1422/2279/40 1417/2280/40 1401/2281/40
f 1422/2279/40 1416/2282/40 1407/2283/40 1417/2280/40
s 445
f 1418/2284/91 1408/2285/91 1405/2286/91 1419/2287/91
s 446
f 1410/2288/609 1412/2289/609 1424/2290/609 1421/2291/609
s 447
f 1403/2292/39 1420/2293/39 1423/2294/39 1411/2295/39
f 1420/2293/39 1406/2296/39 1413/2297/39 1423/2294/39
s 448
f 1421/2291/85 1424/2290/85 1414/2298/85 1415/2299/85
s 449
f 1402/2300/104 1404/2301/104 1412/2289/104 1410/2288/104
s 450
f 1418/2284/610 1417/2302/610 1407/2303/610 1408/2285/610
s 451
f 1401/2281/611 1402/2300/611 1410/2288/611 1409/2278/611
s 452
f 1420/2304/612 1419/2287/612 1405/2286/612 1406/2305/612
s 453
f 1404/2301/613 1403/2292/613 1411/2295/613 1412/2289/613
s 454
f 1422/2306/614 1421/2291/614 1415/2299/614 1416/2307/614
s 455
f 1424/2290/615 1423/2308/615 1413/2309/615 1414/2298/615
s 456
f 1402/2300/616 1401/2310/616 1417/2311/616 1418/2284/616
s 457
f 1403/2312/617 1404/2301/617 1419/2287/617 1420/2313/617
s 458
f 1409/2314/618 1410/2288/618 1421/2291/618 1422/2315/618
s 459
f 1412/2289/619 1411/2316/619 1423/2317/619 1424/2290/619
s 460
f 1402/2300/620 1418/2284/620 1419/2287/620 1404/2301/620
s 461
f 1431/2318/91 1432/2319/91 1427/2320/91 1426/2321/91
s 462
f 1427/2322/77 1432/2323/77 1436/2324/77
f 1437/2325/77 1450/2326/77 1439/2327/77
f 1432/2323/77 1430/2328/77 1436/2324/77
f 1445/2329/77 1437/2325/77 1439/2327/77
f 1430/2328/77 1442/2330/77 1436/2324/77
f 1442/2330/77 1443/2331/77 1436/2324/77
f 1437/2325/77 1428/2332/77 1450/2326/77
f 1450/2326/77 1456/2333/77 1452/2334/77 1439/2327/77
f 1443/2331/77 1445/2329/77 1439/2327/77 1436/2324/77
s 463
f 1431/2318/104 1426/2321/104 1433/2335/104
f 1429/2336/104 1431/2318/104 1433/2335/104
f 1449/2337/104 1438/2338/104 1440/2339/104
f 1441/2340/104 1429/2336/104 1433/2335/104
f 1444/2341/104 1441/2340/104 1433/2335/104
f 1447/2342/104 1444/2341/104 1433/2335/104 1440/2339/104
f 1438/2338/104 1447/2342/104 1440/2339/104
f 1425/2343/104 1438/2338/104 1449/2337/104
f 1440/2339/104 1453/2344/104 1455/2345/104 1449/2337/104
s 464
f 1449/2346/361 1450/2326/361 1428/2332/361 1425/2347/361
s 465
f 1441/2340/362 1442/2348/362 1430/2349/362 1429/2336/362
s 466
f 1429/2350/363 1430/2328/363 1432/2323/363 1431/2351/363
s 467
f 1425/2343/364 1428/2352/364 1437/2353/364 1438/2338/364
s 468
f 1444/2354/365 1443/2331/365 1442/2330/365 1441/2355/365
s 469
f 1448/2356/85 1434/2357/85 1435/2358/85 1446/2359/85
f 1446/2359/85 1451/2360/85 1454/2361/85 1448/2356/85
s 470
f 1447/2342/362 1445/2362/362 1443/2363/362 1444/2341/362
s 471
f 1448/2356/95 1440/2339/95 1433/2335/95 1434/2357/95
f 1448/2356/95 1454/2361/95 1453/2344/95 1440/2339/95
s 472
f 1438/2364/366 1437/2325/366 1445/2329/366 1447/2365/366
s 473
f 1435/2358/87 1436/2324/87 1439/2327/87 1446/2359/87
f 1439/2327/87 1452/2334/87 1451/2360/87 1446/2359/87
s 474
f 1449/2337/367 1455/2345/367 1456/2366/367 1450/2367/367
s 475
f 1454/2368/368 1451/2369/368 1452/2370/369 1453/2371/369
f 1453/2371/369 1452/2370/369 1456/2366/370 1455/2345/370
s 476
f 1458/1326/104 1460/2372/104 1470/2373/104
f 1457/1325/104 1458/1326/104 1467/2374/104 1459/2375/104
f 1458/1326/104 1470/2373/104 1467/2374/104
s 477
f 1470/2373/621 1460/2372/621 1466/1319/621 1472/1318/621
s 478
f 1459/2376/622 1467/2377/622 1469/1328/622 1465/1311/622
s 479
f 1467/2374/623 1470/2373/623 1472/2378/623 1469/2379/623
s 480
f 1533/2380/624 1531/2381/625 1520/2382/626 1518/2383/627
f 1538/1469/628 1527/2384/629 1514/2385/630 1536/1412/628
f 1527/2384/629 1533/2380/624 1518/2383/627 1514/2385/630
f 1531/2381/625 1529/2386/631 1522/2387/632 1520/2382/626
f 1529/2386/631 1524/2388/633 1516/2389/633 1522/2387/632
s 481
f 1490/2390/634 1495/2391/635 1526/2392/636 1493/2393/634
f 1480/1399/637 1515/2394/638 1506/2395/639 1477/1398/637
f 1512/2396/640 1506/2395/639 1515/2394/638 1519/2397/641
f 1510/2398/642 1512/2396/640 1519/2397/641 1521/2399/643
f 1508/2400/644 1510/2398/642 1521/2399/643 1523/2401/645
f 1505/2402/646 1508/2400/644 1523/2401/645 1517/2403/647
f 1525/2404/648 1528/2405/649 1503/2406/650 1497/2407/651
f 1497/2407/651 1505/2402/646 1517/2403/647 1525/2404/648
f 1528/2405/649 1530/2408/652 1501/2409/653 1503/2406/650
f 1530/2408/652 1532/2410/654 1499/2411/655 1501/2409/653
f 1532/2410/654 1526/2392/636 1495/2391/635 1499/2411/655
s 482
f 1476/1351/656 1507/2412/657 1494/2413/658 1491/1350/656
f 1507/2412/657 1513/2414/659 1498/2415/659 1494/2413/658
f 1513/2414/659 1511/2416/660 1500/2417/660 1498/2415/659
f 1509/2418/661 1504/2419/662 1496/2420/662 1502/2421/661
f 1511/2416/660 1509/2418/661 1502/2421/661 1500/2417/660
s 483
f 1481/2422/663 1542/1480/663 1540/1478/663 1492/2423/663
s 484
f 1475/1391/664 1474/2424/664 1491/2425/664 1490/2390/664
s 485
f 1535/1467/665 1479/2426/665 1493/2427/665 1538/1469/665
s 486
f 1509/2428/666 1508/2400/667 1505/2402/668 1504/2429/669
f 1511/2430/670 1510/2398/671 1508/2400/667 1509/2431/666
f 1513/2432/672 1512/2396/673 1510/2398/671 1511/2433/670
f 1507/2434/674 1506/2395/675 1512/2396/673 1513/2435/672
f 1496/2436/676 1497/2407/677 1503/2406/678 1502/2437/679
f 1502/2438/679 1503/2406/678 1501/2409/680 1500/2439/681
f 1500/2440/681 1501/2409/680 1499/2411/682 1498/2441/683
f 1498/2442/683 1499/2411/682 1495/2391/684 1494/2443/685
f 1506/2395/675 1507/2444/674 1476/2445/686 1477/1398/686
f 1490/2390/687 1491/2446/687 1494/2447/685 1495/2391/684
f 1497/2407/677 1496/2448/676 1504/2449/669 1505/2402/668
s 487
f 1516/2450/688 1517/2403/689 1523/2401/690 1522/2451/691
f 1522/2452/691 1523/2401/690 1521/2399/692 1520/2453/693
f 1520/2454/693 1521/2399/692 1519/2397/694 1518/2455/695
f 1518/2456/695 1519/2397/694 1515/2394/696 1514/2457/697
f 1529/2458/698 1528/2405/699 1525/2404/700 1524/2459/701
f 1531/2460/702 1530/2408/703 1528/2405/699 1529/2461/698
f 1533/2462/704 1532/2410/705 1530/2408/703 1531/2463/702
f 1527/2464/706 1526/2392/707 1532/2410/705 1533/2465/704
f 1524/2466/701 1525/2404/700 1517/2403/689 1516/2467/688
f 1538/2468/708 1493/2393/708 1526/2392/707 1527/2469/706
f 1514/2470/697 1515/2394/696 1480/1399/709 1536/2471/709
s 488
f 1475/1391/710 1490/2390/710 1493/2393/710 1479/1390/710
s 489
f 1492/2472/711 1540/1478/711 1478/1477/711
s 490
f 1551/1515/712 1544/1518/712 1546/2473/712 1552/2474/712
s 491
f 1543/1496/713 1551/1515/713 1552/2474/713 1545/2475/713
s 492
f 1545/2476/504 1552/2477/504 1558/2478/504 1556/2479/504
s 493
f 1552/2477/500 1546/2480/500 1557/2481/500 1558/2478/500
s 494
f 1544/1518/499 1555/1517/499 1557/2482/499 1546/2483/499
s 495
f 1556/2479/714 1558/2478/714 1562/1509/714 1560/1521/714
s 496
f 1558/2478/715 1557/2481/715 1561/1510/715 1562/1509/715
s 497
f 1555/1517/716 1559/1503/716 1561/1504/716 1557/2482/716
s 498
f 1567/2484/717 1564/2485/717 1566/2486/717 1568/2487/717
s 499
f 1587/2488/718 1589/2489/718 1575/2490/718 1573/2491/718
s 500
f 1590/2492/719 1576/2493/719 1575/2494/719 1589/2495/719
s 501
f 1577/2496/720 1581/2497/720 1567/2484/720 1563/2498/720
s 502
f 1588/2499/721 1574/2500/721 1576/2493/721 1590/2492/721
s 503
f 1581/2497/720 1587/2501/720 1573/2502/720 1567/2484/720
f 1567/2484/720 1569/2503/720 1564/2485/720
f 1567/2484/720 1573/2502/720 1569/2503/720
f 1581/2497/720 1578/2504/720 1583/2505/720
f 1581/2497/720 1583/2505/720 1587/2501/720
s 504
f 1563/2498/722 1567/2484/722 1568/2487/722 1565/2506/722
s 505
f 1565/2507/723 1568/2508/723 1572/2509/723 1570/2510/723
s 506
f 1568/2508/719 1566/2511/719 1571/2512/719 1572/2509/719
s 507
f 1564/2513/718 1569/2514/718 1571/2515/718 1566/2516/718
s 508
f 1565/2517/724 1570/2518/724 1563/2498/724
f 1570/2518/724 1574/2519/724 1563/2498/724
f 1579/2520/724 1577/2496/724 1584/2521/724
f 1584/2521/724 1577/2496/724 1588/2522/724
f 1588/2522/724 1577/2496/724 1563/2498/724 1574/2519/724
s 509
f 1570/2510/725 1572/2509/725 1576/2493/725 1574/2500/725
s 510
f 1572/2509/726 1571/2512/726 1575/2494/726 1576/2493/726
s 511
f 1569/2514/727 1573/2491/727 1575/2490/727 1571/2515/727
s 512
f 1581/2497/728 1582/2523/728 1580/2524/728 1578/2504/728
s 513
f 1577/2496/729 1579/2525/729 1582/2523/729 1581/2497/729
s 514
f 1579/2526/723 1584/2527/723 1586/2528/723 1582/2529/723
s 515
f 1582/2529/719 1586/2528/719 1585/2530/719 1580/2531/719
s 516
f 1578/2532/718 1580/2533/718 1585/2534/718 1583/2535/718
s 517
f 1584/2527/730 1588/2499/730 1590/2492/730 1586/2528/730
s 518
f 1586/2528/731 1590/2492/731 1589/2495/731 1585/2530/731
s 519
f 1583/2535/732 1585/2534/732 1589/2489/732 1587/2488/732
s 520
f 1598/2536/524 1599/2537/524 1604/2538/524 1601/2539/524
s 521
f 1595/2540/525 1602/2541/525 1603/2542/525 1596/2543/525
f 1602/2541/525 1601/2539/525 1604/2538/525 1603/2542/525
s 522
f 1600/2544/77 1592/2545/77 1596/2543/77 1603/2542/77
f 1592/2545/77 1594/2546/77 1596/2543/77
s 523
f 1593/2547/526 1594/2548/526 1592/2549/526 1591/2550/526
s 524
f 1591/2551/104 1595/2540/104 1593/2552/104
f 1591/2551/104 1597/2553/104 1602/2541/104 1595/2540/104
s 525
f 1593/2547/527 1595/2540/527 1596/2543/527 1594/2548/527
s 526
f 1597/2553/529 1598/2554/529 1601/2555/529 1602/2541/529
s 527
f 1599/2556/528 1600/2544/528 1603/2542/528 1604/2557/528
s 528
f 1613/2558/91 1608/2559/91 1607/2560/91 1614/2561/91
s 529
f 1615/2562/85 1616/2563/85 1611/2564/85 1612/2565/85
s 530
f 1610/2566/39 1606/2567/39 1620/2568/39 1618/2569/39
f 1614/2570/39 1607/2571/39 1611/2564/39 1616/2563/39
f 1618/2572/39 1614/2573/39 1616/2563/39 1610/2566/39
s 531
f 1615/2562/40 1612/2565/40 1608/2574/40 1613/2575/40
f 1609/2576/40 1615/2562/40 1613/2577/40 1617/2578/40
f 1617/2579/40 1619/2580/40 1605/2581/40 1609/2576/40
s 532
f 1609/2576/733 1610/2566/733 1616/2563/733 1615/2562/733
s 533
f 1617/2582/734 1613/2558/734 1614/2561/734 1618/2583/734
s 534
f 1606/2567/532 1622/2584/532 1624/2585/532 1620/2586/532
s 535
f 1618/2583/77 1620/2587/77 1619/2588/77 1617/2582/77
f 1620/2587/77 1624/2589/77 1623/2590/77 1619/2588/77
s 536
f 1609/2576/104 1605/2581/104 1606/2567/104 1610/2566/104
f 1605/2581/104 1621/2591/104 1622/2584/104 1606/2567/104
s 537
f 1621/2591/91 1623/2590/91 1624/2589/91 1622/2584/91
s 538
f 1619/2592/533 1623/2593/533 1621/2591/533 1605/2581/533
s 539
f 1630/2594/104 1625/2595/104 1633/2596/104 1632/2597/104
s 540
f 1629/1646/735 1630/2598/735 1632/2599/735 1631/1645/735
s 541
f 1631/1645/736 1632/2597/736 1633/2596/736 1634/1649/736
s 542
f 1641/2600/737 1642/2601/737 1636/2602/737 1635/2603/737
s 543
f 1641/2604/738 1635/2605/738 1637/2606/738 1647/2607/738
f 1644/2608/738 1639/2609/738 1647/2607/738
f 1639/2609/738 1641/2604/738 1647/2607/738
s 544
f 1635/2603/39 1636/2602/39 1638/2610/39 1637/2611/39
s 545
f 1642/2612/739 1640/2613/739 1650/2614/739
f 1640/2613/739 1645/2615/739 1650/2614/739
f 1636/2616/739 1642/2612/739 1650/2614/739 1638/2617/739
s 546
f 1643/2618/740 1646/2619/740 1645/2615/740 1644/2608/740
f 1644/2608/740 1645/2615/740 1640/2613/740 1639/2609/740
s 547
f 1648/2620/741 1649/2621/741 1646/2619/741 1643/2618/741
s 548
f 1639/2609/742 1640/2613/742 1642/2601/742 1641/2600/742
s 549
f 1643/2622/743 1644/2608/743 1647/2607/743 1648/2623/743
s 550
f 1645/2615/744 1646/2624/744 1649/2625/744 1650/2614/744
s 551
f 1656/2626/740 1659/2627/740 1660/2628/740 1652/2629/740
f 1655/2630/740 1656/2626/740 1652/2629/740 1651/2631/740
s 552
f 1651/2631/740 1661/2632/740 1665/2633/740 1655/2630/740
s 553
f 1657/2634/745 1658/2635/745 1656/2636/745 1655/2637/745
s 554
f 1651/2631/746 1652/2629/746 1654/2638/746 1653/2639/746
s 555
f 1664/2640/745 1663/2641/745 1660/2628/745 1659/2627/745
s 556
f 1662/2642/745 1666/2643/745 1665/2633/745 1661/2632/745
s 557
f 1658/2635/738 1664/2644/738 1659/2645/738 1656/2636/738
s 558
f 1653/2646/738 1662/2647/738 1661/2632/738 1651/2631/738
s 559
f 1655/2637/739 1665/2648/739 1666/2649/739 1657/2634/739
s 560
f 1652/2629/739 1660/2628/739 1663/2650/739 1654/2651/739
s 561
f 1667/2652/747 1670/2653/747 1669/2654/747 1668/2655/747
s 562
f 1671/2656/748 1672/2657/748 1673/2658/748 1674/2659/748
s 563
f 1675/2660/738 1676/2661/738 1672/2662/738 1671/2663/738
f 1683/2664/738 1676/2661/738 1675/2660/738
f 1667/2665/738 1668/2666/738 1679/2667/738 1681/2668/738
f 1686/2669/738 1676/2661/738 1683/2664/738
f 1681/2668/738 1679/2667/738 1685/2670/738
f 1685/2670/738 1679/2667/738 1676/2661/738 1686/2669/738
s 564
f 1676/2671/749 1677/2672/749 1673/2658/749 1672/2657/749
s 565
f 1677/2672/739 1678/2673/739 1674/2674/739 1673/2675/739
f 1677/2672/739 1684/2676/739 1678/2673/739
f 1669/2677/739 1670/2678/739 1682/2679/739 1680/2680/739
f 1677/2672/739 1688/2681/739 1684/2676/739
f 1680/2680/739 1682/2679/739 1687/2682/739
f 1680/2680/739 1687/2682/739 1688/2681/739 1677/2672/739
s 566
f 1681/2668/36 1682/2679/36 1670/2678/36 1667/2665/36
s 567
f 1671/2683/750 1674/2684/750 1678/2685/750 1675/2686/750
s 568
f 1668/2655/751 1669/2654/751 1680/2680/751 1679/2687/751
s 569
f 1685/2688/752 1687/2689/752 1682/2679/752 1681/2668/752
s 570
f 1675/2686/36 1678/2685/36 1684/2690/36 1683/2691/36
s 571
f 1679/2687/753 1680/2680/753 1677/2672/753 1676/2671/753
s 572
f 1683/2691/754 1684/2690/754 1688/2692/754 1686/2693/754
s 573
f 1686/2693/36 1688/2692/36 1687/2689/36 1685/2688/36
s 577
f 1713/2694/755 1700/2695/755 1699/2696/755 1714/2697/755
s 578
f 1716/2698/756 1718/2699/756 1703/2700/756 1704/2701/756
s 579
f 1697/2702/757 1725/2703/757 1723/2704/757 1709/2705/757
s 580
f 1717/2706/758 1707/2707/758 1703/2708/758 1718/2709/758
s 581
f 1719/2710/759 1712/2711/759 1700/2712/759 1713/2713/759
s 582
f 1716/2714/760 1704/2715/760 1708/2716/760 1715/2717/760
s 583
f 1720/2718/761 1711/2719/761 1707/2707/761 1717/2706/761
s 584
f 1705/2720/762 1721/2721/762 1727/2722/762 1701/2723/762
s 585
f 1701/2724/763 1727/2722/763 1728/2725/763 1702/2726/763
s 586
f 1714/2727/764 1699/2728/764 1711/2719/764 1720/2718/764
s 587
f 1715/2717/765 1708/2716/765 1712/2711/765 1719/2710/765
s 588
f 1697/2729/104 1713/2694/104 1714/2697/104 1698/2730/104
f 1701/2731/104 1716/2698/104 1715/2717/104 1705/2732/104
f 1706/2733/104 1717/2706/104 1718/2699/104 1702/2734/104
f 1702/2734/104 1718/2699/104 1716/2698/104 1701/2731/104
f 1705/2732/104 1715/2717/104 1719/2710/104 1709/2735/104
f 1710/2736/104 1720/2718/104 1717/2706/104 1706/2733/104
f 1709/2735/104 1719/2710/104 1713/2694/104 1697/2729/104
f 1698/2730/104 1714/2697/104 1720/2718/104 1710/2736/104
s 589
f 1721/2721/104 1722/2737/104 1728/2725/104 1727/2722/104
f 1723/2704/104 1724/2738/104 1722/2737/104 1721/2721/104
f 1725/2739/104 1726/2740/104 1724/2738/104 1723/2704/104
s 590
f 1709/2705/766 1723/2704/766 1721/2721/766 1705/2741/766
s 591
f 1702/2742/767 1728/2743/767 1722/2737/767 1706/2744/767
s 592
f 1698/2745/768 1726/2740/768 1725/2739/768 1697/2746/768
s 593
f 1710/2747/769 1724/2738/769 1726/2748/769 1698/2749/769
s 594
f 1706/2744/770 1722/2737/770 1724/2738/770 1710/2747/770
s 595
f 1729/2750/572 1732/2751/572 1731/2752/572 1730/2753/572
s 596
f 1729/2750/574 1730/2753/574 1734/2754/574 1733/2755/574
s 597
f 1731/2752/573 1732/2751/573 1736/2756/573 1735/2757/573
s 598
f 1737/2758/771 1740/2759/771 1739/2760/771 1738/2761/771
s 599
f 1741/2762/772 1742/2763/772 1743/2764/772 1744/2765/772
s 600
f 1737/2758/104 1738/2761/104 1742/2763/104 1741/2762/104
s 601
f 1738/2761/577 1739/2766/577 1743/2767/577 1742/2763/577
s 602
f 1741/2762/578 1744/2768/578 1740/2769/578 1737/2758/578
s 603
f 1749/2770/773 1750/2771/773 1751/2772/773 1752/2773/773
s 604
f 1753/2774/774 1754/2775/774 1750/2771/774 1749/2770/774
s 605
f 1754/2776/775 1755/2777/775 1751/2772/775 1750/2778/775
s 606
f 1755/2777/776 1756/2779/776 1752/2773/776 1751/2772/776
s 607
f 1753/2780/777 1756/2779/777 1748/2781/777 1745/2782/777
s 608
f 1749/2783/778 1752/2773/778 1756/2779/778 1753/2784/778
s 609
f 1747/2785/779 1748/2781/779 1756/2779/779 1755/2777/779
s 610
f 1746/2786/780 1747/2785/780 1755/2777/780 1754/2787/780
s 611
f 1745/2788/781 1746/2789/781 1754/2775/781 1753/2774/781
s 612
f 1769/1881/104 1758/2790/104 1760/2791/104 1770/1882/104
s 613
f 1769/1881/591 1771/1866/591 1766/1867/591 1758/2790/591
s 614
f 1770/1882/590 1760/2791/590 1768/1861/590 1773/1860/590
s 615
f 1757/2792/589 1779/1898/589 1777/1855/589 1765/1854/589
s 616
f 1767/1905/588 1778/1904/588 1780/1897/588 1759/2793/588
s 617
f 1759/2793/77 1780/1897/77 1779/1898/77 1757/2792/77
s 618
f 1785/2794/773 1786/2795/773 1787/2796/773 1788/2797/773
s 619
f 1789/2798/774 1790/2799/774 1786/2795/774 1785/2794/774
s 620
f 1790/2800/775 1791/2801/775 1787/2796/775 1786/2802/775
s 621
f 1791/2801/776 1792/2803/776 1788/2797/776 1787/2796/776
s 622
f 1789/2804/777 1792/2803/777 1784/2805/777 1781/2806/777
s 623
f 1785/2807/778 1788/2797/778 1792/2803/778 1789/2808/778
s 624
f 1783/2809/779 1784/2805/779 1792/2803/779 1791/2801/779
s 625
f 1782/2810/780 1783/2809/780 1791/2801/780 1790/2811/780
s 626
f 1781/2812/781 1782/2813/781 1790/2799/781 1789/2798/781
s 627
f 1793/2814/771 1796/2815/771 1795/2816/771 1794/2817/771
s 628
f 1797/2818/772 1798/2819/772 1799/2820/772 1800/2821/772
s 629
f 1793/2814/104 1794/2817/104 1798/2819/104 1797/2818/104
s 630
f 1794/2817/577 1795/2822/577 1799/2823/577 1798/2819/577
s 631
f 1797/2818/578 1800/2824/578 1796/2825/578 1793/2814/578
s 632
f 1801/2826/771 1804/2827/771 1803/2828/771 1802/2829/771
s 633
f 1805/2830/772 1806/2831/772 1807/2832/772 1808/2833/772
s 634
f 1801/2826/104 1802/2829/104 1806/2831/104 1805/2830/104
s 635
f 1802/2829/577 1803/2834/577 1807/2835/577 1806/2831/577
s 636
f 1805/2830/578 1808/2836/578 1804/2837/578 1801/2826/578
s 637
f 1817/2838/40 1830/2839/40 1825/2840/40 1809/2841/40
f 1830/2839/40 1824/2842/40 1815/2843/40 1825/2840/40
s 638
f 1826/2844/91 1816/2845/91 1813/2846/91 1827/2847/91
s 639
f 1818/2848/609 1820/2849/609 1832/2850/609 1829/2851/609
s 640
f 1811/2852/39 1828/2853/39 1831/2854/39 1819/2855/39
f 1828/2853/39 1814/2856/39 1821/2857/39 1831/2854/39
s 641
f 1829/2851/85 1832/2850/85 1822/2858/85 1823/2859/85
s 642
f 1810/2860/104 1812/2861/104 1820/2849/104 1818/2848/104
s 643
f 1826/2844/610 1825/2862/610 1815/2863/610 1816/2845/610
s 644
f 1809/2841/611 1810/2860/611 1818/2848/611 1817/2838/611
s 645
f 1828/2864/612 1827/2847/612 1813/2846/612 1814/2865/612
s 646
f 1812/2861/613 1811/2852/613 1819/2855/613 1820/2849/613
s 647
f 1830/2866/614 1829/2851/614 1823/2859/614 1824/2867/614
s 648
f 1832/2850/615 1831/2868/615 1821/2869/615 1822/2858/615
s 649
f 1810/2860/616 1809/2870/616 1825/2871/616 1826/2844/616
s 650
f 1811/2872/617 1812/2861/617 1827/2847/617 1828/2873/617
s 651
f 1817/2874/618 1818/2848/618 1829/2851/618 1830/2875/618
s 652
f 1820/2849/619 1819/2876/619 1831/2877/619 1832/2850/619
s 653
f 1810/2860/620 1826/2844/620 1827/2847/620 1812/2861/620
s 654
f 1841/2878/91 1836/2879/91 1835/2880/91 1842/2881/91
s 655
f 1843/2882/85 1844/2883/85 1839/2884/85 1840/2885/85
s 656
f 1838/2886/39 1834/2887/39 1848/2888/39 1846/2889/39
f 1842/2890/39 1835/2891/39 1839/2884/39 1844/2883/39
f 1846/2892/39 1842/2893/39 1844/2883/39 1838/2886/39
s 657
f 1843/2882/40 1840/2885/40 1836/2894/40 1841/2895/40
f 1837/2896/40 1843/2882/40 1841/2897/40 1845/2898/40
f 1845/2899/40 1847/2900/40 1833/2901/40 1837/2896/40
s 658
f 1837/2896/733 1838/2886/733 1844/2883/733 1843/2882/733
s 659
f 1845/2902/734 1841/2878/734 1842/2881/734 1846/2903/734
s 660
f 1834/2887/532 1850/2904/532 1852/2905/532 1848/2906/532
s 661
f 1846/2903/77 1848/2907/77 1847/2908/77 1845/2902/77
f 1848/2907/77 1852/2909/77 1851/2910/77 1847/2908/77
s 662
f 1837/2896/104 1833/2901/104 1834/2887/104 1838/2886/104
f 1833/2901/104 1849/2911/104 1850/2904/104 1834/2887/104
s 663
f 1849/2911/91 1851/2910/91 1852/2909/91 1850/2904/91
s 664
f 1847/2912/533 1851/2913/533 1849/2911/533 1833/2901/533
s 665
f 1861/2914/91 1856/2915/91 1855/2916/91 1862/2917/91
s 666
f 1863/2918/85 1864/2919/85 1859/2920/85 1860/2921/85
s 667
f 1858/2922/39 1854/2923/39 1868/2924/39 1866/2925/39
f 1862/2926/39 1855/2927/39 1859/2920/39 1864/2919/39
f 1866/2928/39 1862/2929/39 1864/2919/39 1858/2922/39
s 668
f 1863/2918/40 1860/2921/40 1856/2930/40 1861/2931/40
f 1857/2932/40 1863/2918/40 1861/2933/40 1865/2934/40
f 1865/2935/40 1867/2936/40 1853/2937/40 1857/2932/40
s 669
f 1857/2932/733 1858/2922/733 1864/2919/733 1863/2918/733
s 670
f 1865/2938/734 1861/2914/734 1862/2917/734 1866/2939/734
s 671
f 1854/2923/532 1870/2940/532 1872/2941/532 1868/2942/532
s 672
f 1866/2939/77 1868/2943/77 1867/2944/77 1865/2938/77
f 1868/2943/77 1872/2945/77 1871/2946/77 1867/2944/77
s 673
f 1857/2932/104 1853/2937/104 1854/2923/104 1858/2922/104
f 1853/2937/104 1869/2947/104 1870/2940/104 1854/2923/104
s 674
f 1869/2947/91 1871/2946/91 1872/2945/91 1870/2940/91
s 675
f 1867/2948/533 1871/2949/533 1869/2947/533 1853/2937/533
s 676
f 1881/2950/91 1876/2951/91 1875/2952/91 1882/2953/91
s 677
f 1883/2954/85 1884/2955/85 1879/2956/85 1880/2957/85
s 678
f 1878/2958/39 1874/2959/39 1888/2960/39 1886/2961/39
f 1882/2962/39 1875/2963/39 1879/2956/39 1884/2955/39
f 1886/2964/39 1882/2965/39 1884/2955/39 1878/2958/39
s 679
f 1883/2954/40 1880/2957/40 1876/2966/40 1881/2967/40
f 1877/2968/40 1883/2954/40 1881/2969/40 1885/2970/40
f 1885/2971/40 1887/2972/40 1873/2973/40 1877/2968/40
s 680
f 1877/2968/733 1878/2958/733 1884/2955/733 1883/2954/733
s 681
f 1885/2974/734 1881/2950/734 1882/2953/734 1886/2975/734
s 682
f 1874/2959/532 1890/2976/532 1892/2977/532 1888/2978/532
s 683
f 1886/2975/77 1888/2979/77 1887/2980/77 1885/2974/77
f 1888/2979/77 1892/2981/77 1891/2982/77 1887/2980/77
s 684
f 1877/2968/104 1873/2973/104 1874/2959/104 1878/2958/104
f 1873/2973/104 1889/2983/104 1890/2976/104 1874/2959/104
s 685
f 1889/2983/91 1891/2982/91 1892/2981/91 1890/2976/91
s 686
f 1887/2984/533 1891/2985/533 1889/2983/533 1873/2973/533
s 687
f 1901/2986/91 1896/2987/91 1895/2988/91 1902/2989/91
s 688
f 1903/2990/85 1904/2991/85 1899/2992/85 1900/2993/85
s 689
f 1898/2994/39 1894/2995/39 1908/2996/39 1906/2997/39
f 1902/2998/39 1895/2999/39 1899/2992/39 1904/2991/39
f 1906/3000/39 1902/3001/39 1904/2991/39 1898/2994/39
s 690
f 1903/2990/40 1900/2993/40 1896/3002/40 1901/3003/40
f 1897/3004/40 1903/2990/40 1901/3005/40 1905/3006/40
f 1905/3007/40 1907/3008/40 1893/3009/40 1897/3004/40
s 691
f 1897/3004/733 1898/2994/733 1904/2991/733 1903/2990/733
s 692
f 1905/3010/734 1901/2986/734 1902/2989/734 1906/3011/734
s 693
f 1894/2995/532 1910/3012/532 1912/3013/532 1908/3014/532
s 694
f 1906/3011/77 1908/3015/77 1907/3016/77 1905/3010/77
f 1908/3015/77 1912/3017/77 1911/3018/77 1907/3016/77
s 695
f 1897/3004/104 1893/3009/104 1894/2995/104 1898/2994/104
f 1893/3009/104 1909/3019/104 1910/3012/104 1894/2995/104
s 696
f 1909/3019/91 1911/3018/91 1912/3017/91 1910/3012/91
s 697
f 1907/3020/533 1911/3021/533 1909/3019/533 1893/3009/533
s 698
f 1921/3022/91 1916/3023/91 1915/3024/91 1922/3025/91
s 699
f 1923/3026/85 1924/3027/85 1919/3028/85 1920/3029/85
s 700
f 1918/3030/39 1914/3031/39 1928/3032/39 1926/3033/39
f 1922/3034/39 1915/3035/39 1919/3028/39 1924/3027/39
f 1926/3036/39 1922/3037/39 1924/3027/39 1918/3030/39
s 701
f 1923/3026/40 1920/3029/40 1916/3038/40 1921/3039/40
f 1917/3040/40 1923/3026/40 1921/3041/40 1925/3042/40
f 1925/3043/40 1927/3044/40 1913/3045/40 1917/3040/40
s 702
f 1917/3040/733 1918/3030/733 1924/3027/733 1923/3026/733
s 703
f 1925/3046/734 1921/3022/734 1922/3025/734 1926/3047/734
s 704
f 1914/3031/532 1930/3048/532 1932/3049/532 1928/3050/532
s 705
f 1926/3047/77 1928/3051/77 1927/3052/77 1925/3046/77
f 1928/3051/77 1932/3053/77 1931/3054/77 1927/3052/77
s 706
f 1917/3040/104 1913/3045/104 1914/3031/104 1918/3030/104
f 1913/3045/104 1929/3055/104 1930/3048/104 1914/3031/104
s 707
f 1929/3055/91 1931/3054/91 1932/3053/91 1930/3048/91
s 708
f 1927/3056/533 1931/3057/533 1929/3055/533 1913/3045/533
